ISO-10303-21;
HEADER;
FILE_DESCRIPTION(('FreeCAD Model'),'2;1');
FILE_NAME('Open CASCADE Shape Model','2026-05-22T17:58:32',('Author'),(
    ''),'Open CASCADE STEP processor 7.8','FreeCAD','Unknown');
FILE_SCHEMA(('AUTOMOTIVE_DESIGN { 1 0 10303 214 1 1 1 1 }'));
ENDSEC;
DATA;
#1 = APPLICATION_PROTOCOL_DEFINITION('international standard',
  'automotive_design',2000,#2);
#2 = APPLICATION_CONTEXT(
  'core data for automotive mechanical design processes');
#3 = SHAPE_DEFINITION_REPRESENTATION(#4,#10);
#4 = PRODUCT_DEFINITION_SHAPE('','',#5);
#5 = PRODUCT_DEFINITION('design','',#6,#9);
#6 = PRODUCT_DEFINITION_FORMATION('','',#7);
#7 = PRODUCT('Roboko_Vancouver','Roboko_Vancouver','',(#8));
#8 = PRODUCT_CONTEXT('',#2,'mechanical');
#9 = PRODUCT_DEFINITION_CONTEXT('part definition',#2,'design');
#10 = SHAPE_REPRESENTATION('',(#11,#15,#19,#23,#27),#31);
#11 = AXIS2_PLACEMENT_3D('',#12,#13,#14);
#12 = CARTESIAN_POINT('',(0.,0.,0.));
#13 = DIRECTION('',(0.,0.,1.));
#14 = DIRECTION('',(1.,0.,-0.));
#15 = AXIS2_PLACEMENT_3D('',#16,#17,#18);
#16 = CARTESIAN_POINT('',(13.8,0.,0.));
#17 = DIRECTION('',(0.,0.,1.));
#18 = DIRECTION('',(1.,0.,0.));
#19 = AXIS2_PLACEMENT_3D('',#20,#21,#22);
#20 = CARTESIAN_POINT('',(25.9,-11.,0.7));
#21 = DIRECTION('',(0.,-1.,-2.22044604925E-16));
#22 = DIRECTION('',(1.,0.,0.));
#23 = AXIS2_PLACEMENT_3D('',#24,#25,#26);
#24 = CARTESIAN_POINT('',(35.,42.,-29.));
#25 = DIRECTION('',(0.,1.,-2.22044604925E-16));
#26 = DIRECTION('',(1.,0.,0.));
#27 = AXIS2_PLACEMENT_3D('',#28,#29,#30);
#28 = CARTESIAN_POINT('',(9.,-22.5,-53.));
#29 = DIRECTION('',(0.,0.,1.));
#30 = DIRECTION('',(-1.,1.224646799147E-16,0.));
#31 = ( GEOMETRIC_REPRESENTATION_CONTEXT(3) 
GLOBAL_UNCERTAINTY_ASSIGNED_CONTEXT((#35)) GLOBAL_UNIT_ASSIGNED_CONTEXT(
(#32,#33,#34)) REPRESENTATION_CONTEXT('Context #1',
  '3D Context with UNIT and UNCERTAINTY') );
#32 = ( LENGTH_UNIT() NAMED_UNIT(*) SI_UNIT(.MILLI.,.METRE.) );
#33 = ( NAMED_UNIT(*) PLANE_ANGLE_UNIT() SI_UNIT($,.RADIAN.) );
#34 = ( NAMED_UNIT(*) SI_UNIT($,.STERADIAN.) SOLID_ANGLE_UNIT() );
#35 = UNCERTAINTY_MEASURE_WITH_UNIT(LENGTH_MEASURE(2.E-05),#32,
  'distance_accuracy_value','confusion accuracy');
#36 = PRODUCT_RELATED_PRODUCT_CATEGORY('part',$,(#7));
#37 = SHAPE_DEFINITION_REPRESENTATION(#38,#44);
#38 = PRODUCT_DEFINITION_SHAPE('','',#39);
#39 = PRODUCT_DEFINITION('design','',#40,#43);
#40 = PRODUCT_DEFINITION_FORMATION('','',#41);
#41 = PRODUCT('Body010','Body010','',(#42));
#42 = PRODUCT_CONTEXT('',#2,'mechanical');
#43 = PRODUCT_DEFINITION_CONTEXT('part definition',#2,'design');
#44 = ADVANCED_BREP_SHAPE_REPRESENTATION('',(#11,#45),#3019);
#45 = MANIFOLD_SOLID_BREP('',#46);
#46 = CLOSED_SHELL('',(#47,#577,#653,#707,#757,#806,#855,#940,#1025,
    #1106,#1187,#1284,#1381,#1408,#1535,#1584,#1634,#1661,#1757,#1806,
    #1833,#1882,#1909,#1958,#1985,#2034,#2061,#2426,#2433,#2440,#2467,
    #2554,#2641,#2728,#2815,#2902,#2989,#2994,#2999,#3004,#3009,#3014));
#47 = ADVANCED_FACE('',(#48,#397),#62,.T.);
#48 = FACE_BOUND('',#49,.T.);
#49 = EDGE_LOOP('',(#50,#85,#114,#142,#170,#198,#226,#254,#282,#310,#338
    ,#366));
#50 = ORIENTED_EDGE('',*,*,#51,.F.);
#51 = EDGE_CURVE('',#52,#54,#56,.T.);
#52 = VERTEX_POINT('',#53);
#53 = CARTESIAN_POINT('',(56.,-11.16635639598,-46.88094));
#54 = VERTEX_POINT('',#55);
#55 = CARTESIAN_POINT('',(56.,-11.33312960401,-46.88094));
#56 = SURFACE_CURVE('',#57,(#61,#73),.PCURVE_S1.);
#57 = LINE('',#58,#59);
#58 = CARTESIAN_POINT('',(56.,4.350257,-46.88094));
#59 = VECTOR('',#60,1.);
#60 = DIRECTION('',(-2.2E-16,-1.,-2.2E-16));
#61 = PCURVE('',#62,#67);
#62 = PLANE('',#63);
#63 = AXIS2_PLACEMENT_3D('',#64,#65,#66);
#64 = CARTESIAN_POINT('',(37.924725274725,-11.249743,-46.88094));
#65 = DIRECTION('',(1.1E-16,1.1E-16,1.));
#66 = DIRECTION('',(1.,1.1E-16,-1.1E-16));
#67 = DEFINITIONAL_REPRESENTATION('',(#68),#72);
#68 = LINE('',#69,#70);
#69 = CARTESIAN_POINT('',(18.075274725275,15.6));
#70 = VECTOR('',#71,1.);
#71 = DIRECTION('',(-3.3E-16,-1.));
#72 = ( GEOMETRIC_REPRESENTATION_CONTEXT(2) 
PARAMETRIC_REPRESENTATION_CONTEXT() REPRESENTATION_CONTEXT('2D SPACE',''
  ) );
#73 = PCURVE('',#74,#79);
#74 = PLANE('',#75);
#75 = AXIS2_PLACEMENT_3D('',#76,#77,#78);
#76 = CARTESIAN_POINT('',(56.,-11.249743,-52.98094));
#77 = DIRECTION('',(1.,2.2E-16,2.2E-16));
#78 = DIRECTION('',(-2.2E-16,2.2E-16,1.));
#79 = DEFINITIONAL_REPRESENTATION('',(#80),#84);
#80 = LINE('',#81,#82);
#81 = CARTESIAN_POINT('',(6.1,-15.6));
#82 = VECTOR('',#83,1.);
#83 = DIRECTION('',(-4.4E-16,1.));
#84 = ( GEOMETRIC_REPRESENTATION_CONTEXT(2) 
PARAMETRIC_REPRESENTATION_CONTEXT() REPRESENTATION_CONTEXT('2D SPACE',''
  ) );
#85 = ORIENTED_EDGE('',*,*,#86,.T.);
#86 = EDGE_CURVE('',#52,#87,#89,.T.);
#87 = VERTEX_POINT('',#88);
#88 = CARTESIAN_POINT('',(52.854645358395,-6.077065679197,-46.88094));
#89 = SURFACE_CURVE('',#90,(#95,#102),.PCURVE_S1.);
#90 = CIRCLE('',#91,5.69);
#91 = AXIS2_PLACEMENT_3D('',#92,#93,#94);
#92 = CARTESIAN_POINT('',(50.31,-11.16635639598,-46.88094));
#93 = DIRECTION('',(2.2E-16,2.2E-16,1.));
#94 = DIRECTION('',(-0.707106781187,0.707106781187,0.));
#95 = PCURVE('',#62,#96);
#96 = DEFINITIONAL_REPRESENTATION('',(#97),#101);
#97 = CIRCLE('',#98,5.69);
#98 = AXIS2_PLACEMENT_2D('',#99,#100);
#99 = CARTESIAN_POINT('',(12.385274725275,8.33866040131E-02));
#100 = DIRECTION('',(-0.707106781187,0.707106781187));
#101 = ( GEOMETRIC_REPRESENTATION_CONTEXT(2) 
PARAMETRIC_REPRESENTATION_CONTEXT() REPRESENTATION_CONTEXT('2D SPACE',''
  ) );
#102 = PCURVE('',#103,#108);
#103 = CYLINDRICAL_SURFACE('',#104,5.69);
#104 = AXIS2_PLACEMENT_3D('',#105,#106,#107);
#105 = CARTESIAN_POINT('',(50.31,-11.16635639598,-59.08094));
#106 = DIRECTION('',(2.2E-16,2.2E-16,1.));
#107 = DIRECTION('',(1.,2.2E-16,-2.2E-16));
#108 = DEFINITIONAL_REPRESENTATION('',(#109),#113);
#109 = LINE('',#110,#111);
#110 = CARTESIAN_POINT('',(-3.926990816987,12.2));
#111 = VECTOR('',#112,1.);
#112 = DIRECTION('',(1.,0.));
#113 = ( GEOMETRIC_REPRESENTATION_CONTEXT(2) 
PARAMETRIC_REPRESENTATION_CONTEXT() REPRESENTATION_CONTEXT('2D SPACE',''
  ) );
#114 = ORIENTED_EDGE('',*,*,#115,.T.);
#115 = EDGE_CURVE('',#87,#116,#118,.T.);
#116 = VERTEX_POINT('',#117);
#117 = CARTESIAN_POINT('',(32.,4.350257,-46.88094));
#118 = SURFACE_CURVE('',#119,(#123,#130),.PCURVE_S1.);
#119 = LINE('',#120,#121);
#120 = CARTESIAN_POINT('',(43.48989010989,-1.394688054945,-46.88094));
#121 = VECTOR('',#122,1.);
#122 = DIRECTION('',(-0.894427191,0.4472135955,4.9193495505E-17));
#123 = PCURVE('',#62,#124);
#124 = DEFINITIONAL_REPRESENTATION('',(#125),#129);
#125 = LINE('',#126,#127);
#126 = CARTESIAN_POINT('',(5.565164835165,9.855054945055));
#127 = VECTOR('',#128,1.);
#128 = DIRECTION('',(-0.894427191,0.4472135955));
#129 = ( GEOMETRIC_REPRESENTATION_CONTEXT(2) 
PARAMETRIC_REPRESENTATION_CONTEXT() REPRESENTATION_CONTEXT('2D SPACE',''
  ) );
#130 = PCURVE('',#131,#136);
#131 = PLANE('',#132);
#132 = AXIS2_PLACEMENT_3D('',#133,#134,#135);
#133 = CARTESIAN_POINT('',(44.,-1.649743,-59.08094));
#134 = DIRECTION('',(0.4472135955,0.894427191,1.589597460691E-16));
#135 = DIRECTION('',(-1.691104042067E-17,1.861779191587E-16,-1.));
#136 = DEFINITIONAL_REPRESENTATION('',(#137),#141);
#137 = LINE('',#138,#139);
#138 = CARTESIAN_POINT('',(-12.2,0.57032019514));
#139 = VECTOR('',#140,1.);
#140 = DIRECTION('',(4.9193495505E-17,1.));
#141 = ( GEOMETRIC_REPRESENTATION_CONTEXT(2) 
PARAMETRIC_REPRESENTATION_CONTEXT() REPRESENTATION_CONTEXT('2D SPACE',''
  ) );
#142 = ORIENTED_EDGE('',*,*,#143,.F.);
#143 = EDGE_CURVE('',#144,#116,#146,.T.);
#144 = VERTEX_POINT('',#145);
#145 = CARTESIAN_POINT('',(21.2,4.350257,-46.88094));
#146 = SURFACE_CURVE('',#147,(#151,#158),.PCURVE_S1.);
#147 = LINE('',#148,#149);
#148 = CARTESIAN_POINT('',(26.,4.350257,-46.88094));
#149 = VECTOR('',#150,1.);
#150 = DIRECTION('',(1.,1.1E-16,2.2E-16));
#151 = PCURVE('',#62,#152);
#152 = DEFINITIONAL_REPRESENTATION('',(#153),#157);
#153 = LINE('',#154,#155);
#154 = CARTESIAN_POINT('',(-11.92472527472,15.6));
#155 = VECTOR('',#156,1.);
#156 = DIRECTION('',(1.,-3.720380657631E-32));
#157 = ( GEOMETRIC_REPRESENTATION_CONTEXT(2) 
PARAMETRIC_REPRESENTATION_CONTEXT() REPRESENTATION_CONTEXT('2D SPACE',''
  ) );
#158 = PCURVE('',#159,#164);
#159 = PLANE('',#160);
#160 = AXIS2_PLACEMENT_3D('',#161,#162,#163);
#161 = CARTESIAN_POINT('',(38.1,4.350257,-52.98094));
#162 = DIRECTION('',(1.1E-16,1.,1.1E-16));
#163 = DIRECTION('',(1.,-1.1E-16,1.1E-16));
#164 = DEFINITIONAL_REPRESENTATION('',(#165),#169);
#165 = LINE('',#166,#167);
#166 = CARTESIAN_POINT('',(-12.1,-6.1));
#167 = VECTOR('',#168,1.);
#168 = DIRECTION('',(1.,-1.1E-16));
#169 = ( GEOMETRIC_REPRESENTATION_CONTEXT(2) 
PARAMETRIC_REPRESENTATION_CONTEXT() REPRESENTATION_CONTEXT('2D SPACE',''
  ) );
#170 = ORIENTED_EDGE('',*,*,#171,.F.);
#171 = EDGE_CURVE('',#172,#144,#174,.T.);
#172 = VERTEX_POINT('',#173);
#173 = CARTESIAN_POINT('',(21.2,1.550257,-46.88094));
#174 = SURFACE_CURVE('',#175,(#179,#186),.PCURVE_S1.);
#175 = LINE('',#176,#177);
#176 = CARTESIAN_POINT('',(21.2,1.550257,-46.88094));
#177 = VECTOR('',#178,1.);
#178 = DIRECTION('',(1.7E-16,1.,1.7E-16));
#179 = PCURVE('',#62,#180);
#180 = DEFINITIONAL_REPRESENTATION('',(#181),#185);
#181 = LINE('',#182,#183);
#182 = CARTESIAN_POINT('',(-16.72472527472,12.8));
#183 = VECTOR('',#184,1.);
#184 = DIRECTION('',(2.8E-16,1.));
#185 = ( GEOMETRIC_REPRESENTATION_CONTEXT(2) 
PARAMETRIC_REPRESENTATION_CONTEXT() REPRESENTATION_CONTEXT('2D SPACE',''
  ) );
#186 = PCURVE('',#187,#192);
#187 = PLANE('',#188);
#188 = AXIS2_PLACEMENT_3D('',#189,#190,#191);
#189 = CARTESIAN_POINT('',(20.7,1.550257,-47.38094));
#190 = DIRECTION('',(0.707106781187,0.,-0.707106781187));
#191 = DIRECTION('',(-1.7E-16,-1.,-1.7E-16));
#192 = DEFINITIONAL_REPRESENTATION('',(#193),#197);
#193 = LINE('',#194,#195);
#194 = CARTESIAN_POINT('',(5.204460492503E-17,-0.707106781187));
#195 = VECTOR('',#196,1.);
#196 = DIRECTION('',(-1.,-4.930380657631E-32));
#197 = ( GEOMETRIC_REPRESENTATION_CONTEXT(2) 
PARAMETRIC_REPRESENTATION_CONTEXT() REPRESENTATION_CONTEXT('2D SPACE',''
  ) );
#198 = ORIENTED_EDGE('',*,*,#199,.F.);
#199 = EDGE_CURVE('',#200,#172,#202,.T.);
#200 = VERTEX_POINT('',#201);
#201 = CARTESIAN_POINT('',(26.,1.550257,-46.88094));
#202 = SURFACE_CURVE('',#203,(#207,#214),.PCURVE_S1.);
#203 = LINE('',#204,#205);
#204 = CARTESIAN_POINT('',(26.,1.550257,-46.88094));
#205 = VECTOR('',#206,1.);
#206 = DIRECTION('',(-1.,-1.1E-16,-1.7E-16));
#207 = PCURVE('',#62,#208);
#208 = DEFINITIONAL_REPRESENTATION('',(#209),#213);
#209 = LINE('',#210,#211);
#210 = CARTESIAN_POINT('',(-11.92472527472,12.8));
#211 = VECTOR('',#212,1.);
#212 = DIRECTION('',(-1.,2.487785493223E-32));
#213 = ( GEOMETRIC_REPRESENTATION_CONTEXT(2) 
PARAMETRIC_REPRESENTATION_CONTEXT() REPRESENTATION_CONTEXT('2D SPACE',''
  ) );
#214 = PCURVE('',#215,#220);
#215 = PLANE('',#216);
#216 = AXIS2_PLACEMENT_3D('',#217,#218,#219);
#217 = CARTESIAN_POINT('',(26.,1.550257,-59.08094));
#218 = DIRECTION('',(1.1E-16,1.,6.E-17));
#219 = DIRECTION('',(1.1E-16,-6.E-17,1.));
#220 = DEFINITIONAL_REPRESENTATION('',(#221),#225);
#221 = LINE('',#222,#223);
#222 = CARTESIAN_POINT('',(12.2,-1.342E-15));
#223 = VECTOR('',#224,1.);
#224 = DIRECTION('',(-2.8E-16,-1.));
#225 = ( GEOMETRIC_REPRESENTATION_CONTEXT(2) 
PARAMETRIC_REPRESENTATION_CONTEXT() REPRESENTATION_CONTEXT('2D SPACE',''
  ) );
#226 = ORIENTED_EDGE('',*,*,#227,.T.);
#227 = EDGE_CURVE('',#200,#228,#230,.T.);
#228 = VERTEX_POINT('',#229);
#229 = CARTESIAN_POINT('',(26.,-24.049743,-46.88094));
#230 = SURFACE_CURVE('',#231,(#235,#242),.PCURVE_S1.);
#231 = LINE('',#232,#233);
#232 = CARTESIAN_POINT('',(26.,4.350257,-46.88094));
#233 = VECTOR('',#234,1.);
#234 = DIRECTION('',(-2.2E-16,-1.,-2.2E-16));
#235 = PCURVE('',#62,#236);
#236 = DEFINITIONAL_REPRESENTATION('',(#237),#241);
#237 = LINE('',#238,#239);
#238 = CARTESIAN_POINT('',(-11.92472527472,15.6));
#239 = VECTOR('',#240,1.);
#240 = DIRECTION('',(-3.3E-16,-1.));
#241 = ( GEOMETRIC_REPRESENTATION_CONTEXT(2) 
PARAMETRIC_REPRESENTATION_CONTEXT() REPRESENTATION_CONTEXT('2D SPACE',''
  ) );
#242 = PCURVE('',#243,#248);
#243 = PLANE('',#244);
#244 = AXIS2_PLACEMENT_3D('',#245,#246,#247);
#245 = CARTESIAN_POINT('',(26.,-11.249743,-52.98094));
#246 = DIRECTION('',(1.,2.2E-16,2.2E-16));
#247 = DIRECTION('',(-2.2E-16,2.2E-16,1.));
#248 = DEFINITIONAL_REPRESENTATION('',(#249),#253);
#249 = LINE('',#250,#251);
#250 = CARTESIAN_POINT('',(6.1,-15.6));
#251 = VECTOR('',#252,1.);
#252 = DIRECTION('',(-4.4E-16,1.));
#253 = ( GEOMETRIC_REPRESENTATION_CONTEXT(2) 
PARAMETRIC_REPRESENTATION_CONTEXT() REPRESENTATION_CONTEXT('2D SPACE',''
  ) );
#254 = ORIENTED_EDGE('',*,*,#255,.T.);
#255 = EDGE_CURVE('',#228,#256,#258,.T.);
#256 = VERTEX_POINT('',#257);
#257 = CARTESIAN_POINT('',(21.2,-24.049743,-46.88094));
#258 = SURFACE_CURVE('',#259,(#263,#270),.PCURVE_S1.);
#259 = LINE('',#260,#261);
#260 = CARTESIAN_POINT('',(26.,-24.049743,-46.88094));
#261 = VECTOR('',#262,1.);
#262 = DIRECTION('',(-1.,-1.1E-16,-1.7E-16));
#263 = PCURVE('',#62,#264);
#264 = DEFINITIONAL_REPRESENTATION('',(#265),#269);
#265 = LINE('',#266,#267);
#266 = CARTESIAN_POINT('',(-11.92472527472,-12.8));
#267 = VECTOR('',#268,1.);
#268 = DIRECTION('',(-1.,2.487785493223E-32));
#269 = ( GEOMETRIC_REPRESENTATION_CONTEXT(2) 
PARAMETRIC_REPRESENTATION_CONTEXT() REPRESENTATION_CONTEXT('2D SPACE',''
  ) );
#270 = PCURVE('',#271,#276);
#271 = PLANE('',#272);
#272 = AXIS2_PLACEMENT_3D('',#273,#274,#275);
#273 = CARTESIAN_POINT('',(26.,-24.049743,-46.88094));
#274 = DIRECTION('',(-1.1E-16,-1.,-6.E-17));
#275 = DIRECTION('',(-1.1E-16,6.E-17,-1.));
#276 = DEFINITIONAL_REPRESENTATION('',(#277),#281);
#277 = LINE('',#278,#279);
#278 = CARTESIAN_POINT('',(0.,0.));
#279 = VECTOR('',#280,1.);
#280 = DIRECTION('',(2.8E-16,-1.));
#281 = ( GEOMETRIC_REPRESENTATION_CONTEXT(2) 
PARAMETRIC_REPRESENTATION_CONTEXT() REPRESENTATION_CONTEXT('2D SPACE',''
  ) );
#282 = ORIENTED_EDGE('',*,*,#283,.F.);
#283 = EDGE_CURVE('',#284,#256,#286,.T.);
#284 = VERTEX_POINT('',#285);
#285 = CARTESIAN_POINT('',(21.2,-26.849743,-46.88094));
#286 = SURFACE_CURVE('',#287,(#291,#298),.PCURVE_S1.);
#287 = LINE('',#288,#289);
#288 = CARTESIAN_POINT('',(21.2,-26.849743,-46.88094));
#289 = VECTOR('',#290,1.);
#290 = DIRECTION('',(1.7E-16,1.,1.7E-16));
#291 = PCURVE('',#62,#292);
#292 = DEFINITIONAL_REPRESENTATION('',(#293),#297);
#293 = LINE('',#294,#295);
#294 = CARTESIAN_POINT('',(-16.72472527472,-15.6));
#295 = VECTOR('',#296,1.);
#296 = DIRECTION('',(2.8E-16,1.));
#297 = ( GEOMETRIC_REPRESENTATION_CONTEXT(2) 
PARAMETRIC_REPRESENTATION_CONTEXT() REPRESENTATION_CONTEXT('2D SPACE',''
  ) );
#298 = PCURVE('',#299,#304);
#299 = PLANE('',#300);
#300 = AXIS2_PLACEMENT_3D('',#301,#302,#303);
#301 = CARTESIAN_POINT('',(20.7,-26.849743,-47.38094));
#302 = DIRECTION('',(0.707106781187,2.382699370476E-16,-0.707106781187)
  );
#303 = DIRECTION('',(-1.51771176078E-18,-1.,-3.384822882392E-16));
#304 = DEFINITIONAL_REPRESENTATION('',(#305),#309);
#305 = LINE('',#306,#307);
#306 = CARTESIAN_POINT('',(-1.7E-16,-0.707106781187));
#307 = VECTOR('',#308,1.);
#308 = DIRECTION('',(-1.,0.));
#309 = ( GEOMETRIC_REPRESENTATION_CONTEXT(2) 
PARAMETRIC_REPRESENTATION_CONTEXT() REPRESENTATION_CONTEXT('2D SPACE',''
  ) );
#310 = ORIENTED_EDGE('',*,*,#311,.T.);
#311 = EDGE_CURVE('',#284,#312,#314,.T.);
#312 = VERTEX_POINT('',#313);
#313 = CARTESIAN_POINT('',(32.,-26.849743,-46.88094));
#314 = SURFACE_CURVE('',#315,(#319,#326),.PCURVE_S1.);
#315 = LINE('',#316,#317);
#316 = CARTESIAN_POINT('',(26.,-26.849743,-46.88094));
#317 = VECTOR('',#318,1.);
#318 = DIRECTION('',(1.,1.1E-16,2.2E-16));
#319 = PCURVE('',#62,#320);
#320 = DEFINITIONAL_REPRESENTATION('',(#321),#325);
#321 = LINE('',#322,#323);
#322 = CARTESIAN_POINT('',(-11.92472527472,-15.6));
#323 = VECTOR('',#324,1.);
#324 = DIRECTION('',(1.,-3.720380657631E-32));
#325 = ( GEOMETRIC_REPRESENTATION_CONTEXT(2) 
PARAMETRIC_REPRESENTATION_CONTEXT() REPRESENTATION_CONTEXT('2D SPACE',''
  ) );
#326 = PCURVE('',#327,#332);
#327 = PLANE('',#328);
#328 = AXIS2_PLACEMENT_3D('',#329,#330,#331);
#329 = CARTESIAN_POINT('',(38.1,-26.849743,-52.98094));
#330 = DIRECTION('',(-1.1E-16,-1.,-1.1E-16));
#331 = DIRECTION('',(-1.,1.1E-16,-1.1E-16));
#332 = DEFINITIONAL_REPRESENTATION('',(#333),#337);
#333 = LINE('',#334,#335);
#334 = CARTESIAN_POINT('',(12.1,-6.1));
#335 = VECTOR('',#336,1.);
#336 = DIRECTION('',(-1.,-1.1E-16));
#337 = ( GEOMETRIC_REPRESENTATION_CONTEXT(2) 
PARAMETRIC_REPRESENTATION_CONTEXT() REPRESENTATION_CONTEXT('2D SPACE',''
  ) );
#338 = ORIENTED_EDGE('',*,*,#339,.F.);
#339 = EDGE_CURVE('',#340,#312,#342,.T.);
#340 = VERTEX_POINT('',#341);
#341 = CARTESIAN_POINT('',(52.854645358395,-16.4224203208,-46.88094));
#342 = SURFACE_CURVE('',#343,(#347,#354),.PCURVE_S1.);
#343 = LINE('',#344,#345);
#344 = CARTESIAN_POINT('',(43.48989010989,-21.10479794505,-46.88094));
#345 = VECTOR('',#346,1.);
#346 = DIRECTION('',(-0.894427191,-0.4472135955,1.47580486515E-16));
#347 = PCURVE('',#62,#348);
#348 = DEFINITIONAL_REPRESENTATION('',(#349),#353);
#349 = LINE('',#350,#351);
#350 = CARTESIAN_POINT('',(5.565164835165,-9.855054945055));
#351 = VECTOR('',#352,1.);
#352 = DIRECTION('',(-0.894427191,-0.4472135955));
#353 = ( GEOMETRIC_REPRESENTATION_CONTEXT(2) 
PARAMETRIC_REPRESENTATION_CONTEXT() REPRESENTATION_CONTEXT('2D SPACE',''
  ) );
#354 = PCURVE('',#355,#360);
#355 = PLANE('',#356);
#356 = AXIS2_PLACEMENT_3D('',#357,#358,#359);
#357 = CARTESIAN_POINT('',(44.,-20.849743,-46.88094));
#358 = DIRECTION('',(0.4472135955,-0.894427191,1.589597460691E-16));
#359 = DIRECTION('',(1.929110404207E-16,2.741779191587E-16,1.));
#360 = DEFINITIONAL_REPRESENTATION('',(#361),#365);
#361 = LINE('',#362,#363);
#362 = CARTESIAN_POINT('',(-7.273763621337E-15,0.57032019514));
#363 = VECTOR('',#364,1.);
#364 = DIRECTION('',(-1.47580486515E-16,1.));
#365 = ( GEOMETRIC_REPRESENTATION_CONTEXT(2) 
PARAMETRIC_REPRESENTATION_CONTEXT() REPRESENTATION_CONTEXT('2D SPACE',''
  ) );
#366 = ORIENTED_EDGE('',*,*,#367,.F.);
#367 = EDGE_CURVE('',#54,#340,#368,.T.);
#368 = SURFACE_CURVE('',#369,(#374,#385),.PCURVE_S1.);
#369 = CIRCLE('',#370,5.69);
#370 = AXIS2_PLACEMENT_3D('',#371,#372,#373);
#371 = CARTESIAN_POINT('',(50.31,-11.33312960401,-46.88094));
#372 = DIRECTION('',(-2.2E-16,-2.2E-16,-1.));
#373 = DIRECTION('',(0.707106781187,-0.707106781187,0.));
#374 = PCURVE('',#62,#375);
#375 = DEFINITIONAL_REPRESENTATION('',(#376),#384);
#376 = ( BOUNDED_CURVE() B_SPLINE_CURVE(2,(#377,#378,#379,#380,#381,#382
,#383),.UNSPECIFIED.,.T.,.F.) B_SPLINE_CURVE_WITH_KNOTS((1,2,2,2,2,1),(
    -2.094395102393,0.,2.094395102393,4.188790204786,6.28318530718,
8.377580409573),.UNSPECIFIED.) CURVE() GEOMETRIC_REPRESENTATION_ITEM() 
RATIONAL_B_SPLINE_CURVE((1.,0.5,1.,0.5,1.,0.5,1.)) REPRESENTATION_ITEM(
  '') );
#377 = CARTESIAN_POINT('',(16.408712310226,-4.106824188965));
#378 = CARTESIAN_POINT('',(9.439913992008,-11.07562250718));
#379 = CARTESIAN_POINT('',(6.88915677369,-1.556066970646));
#380 = CARTESIAN_POINT('',(4.338399555372,7.96348856589));
#381 = CARTESIAN_POINT('',(13.857955091908,5.412731347572));
#382 = CARTESIAN_POINT('',(23.377510628444,2.861974129254));
#383 = CARTESIAN_POINT('',(16.408712310226,-4.106824188965));
#384 = ( GEOMETRIC_REPRESENTATION_CONTEXT(2) 
PARAMETRIC_REPRESENTATION_CONTEXT() REPRESENTATION_CONTEXT('2D SPACE',''
  ) );
#385 = PCURVE('',#386,#391);
#386 = CYLINDRICAL_SURFACE('',#387,5.69);
#387 = AXIS2_PLACEMENT_3D('',#388,#389,#390);
#388 = CARTESIAN_POINT('',(50.31,-11.33312960401,-46.88094));
#389 = DIRECTION('',(-2.2E-16,-2.2E-16,-1.));
#390 = DIRECTION('',(1.,2.2E-16,-2.2E-16));
#391 = DEFINITIONAL_REPRESENTATION('',(#392),#396);
#392 = LINE('',#393,#394);
#393 = CARTESIAN_POINT('',(-5.497787143782,7.105427357601E-15));
#394 = VECTOR('',#395,1.);
#395 = DIRECTION('',(1.,0.));
#396 = ( GEOMETRIC_REPRESENTATION_CONTEXT(2) 
PARAMETRIC_REPRESENTATION_CONTEXT() REPRESENTATION_CONTEXT('2D SPACE',''
  ) );
#397 = FACE_BOUND('',#398,.T.);
#398 = EDGE_LOOP('',(#399,#434,#462,#490,#518,#551));
#399 = ORIENTED_EDGE('',*,*,#400,.T.);
#400 = EDGE_CURVE('',#401,#403,#405,.T.);
#401 = VERTEX_POINT('',#402);
#402 = CARTESIAN_POINT('',(48.340927796563,-8.6,-46.88094));
#403 = VERTEX_POINT('',#404);
#404 = CARTESIAN_POINT('',(50.55,-7.8,-46.88094));
#405 = SURFACE_CURVE('',#406,(#411,#422),.PCURVE_S1.);
#406 = CIRCLE('',#407,3.45);
#407 = AXIS2_PLACEMENT_3D('',#408,#409,#410);
#408 = CARTESIAN_POINT('',(50.55,-11.25,-46.88094));
#409 = DIRECTION('',(0.,-2.22044604925E-16,-1.));
#410 = DIRECTION('',(0.,1.,-2.22044604925E-16));
#411 = PCURVE('',#62,#412);
#412 = DEFINITIONAL_REPRESENTATION('',(#413),#421);
#413 = ( BOUNDED_CURVE() B_SPLINE_CURVE(2,(#414,#415,#416,#417,#418,#419
,#420),.UNSPECIFIED.,.T.,.F.) B_SPLINE_CURVE_WITH_KNOTS((1,2,2,2,2,1),(
    -2.094395102393,0.,2.094395102393,4.188790204786,6.28318530718,
8.377580409573),.UNSPECIFIED.) CURVE() GEOMETRIC_REPRESENTATION_ITEM() 
RATIONAL_B_SPLINE_CURVE((1.,0.5,1.,0.5,1.,0.5,1.)) REPRESENTATION_ITEM(
  '') );
#414 = CARTESIAN_POINT('',(12.625274725275,3.449743));
#415 = CARTESIAN_POINT('',(18.600850011387,3.449743));
#416 = CARTESIAN_POINT('',(15.613062368331,-1.725257));
#417 = CARTESIAN_POINT('',(12.625274725275,-6.900257));
#418 = CARTESIAN_POINT('',(9.637487082218,-1.725257));
#419 = CARTESIAN_POINT('',(6.649699439162,3.449743));
#420 = CARTESIAN_POINT('',(12.625274725275,3.449743));
#421 = ( GEOMETRIC_REPRESENTATION_CONTEXT(2) 
PARAMETRIC_REPRESENTATION_CONTEXT() REPRESENTATION_CONTEXT('2D SPACE',''
  ) );
#422 = PCURVE('',#423,#428);
#423 = CYLINDRICAL_SURFACE('',#424,3.45);
#424 = AXIS2_PLACEMENT_3D('',#425,#426,#427);
#425 = CARTESIAN_POINT('',(50.55,-11.25,-46.88));
#426 = DIRECTION('',(0.,-2.22044604925E-16,-1.));
#427 = DIRECTION('',(0.,1.,-2.22044604925E-16));
#428 = DEFINITIONAL_REPRESENTATION('',(#429),#433);
#429 = LINE('',#430,#431);
#430 = CARTESIAN_POINT('',(-6.28318530718,9.399999999999E-04));
#431 = VECTOR('',#432,1.);
#432 = DIRECTION('',(1.,0.));
#433 = ( GEOMETRIC_REPRESENTATION_CONTEXT(2) 
PARAMETRIC_REPRESENTATION_CONTEXT() REPRESENTATION_CONTEXT('2D SPACE',''
  ) );
#434 = ORIENTED_EDGE('',*,*,#435,.T.);
#435 = EDGE_CURVE('',#403,#436,#438,.T.);
#436 = VERTEX_POINT('',#437);
#437 = CARTESIAN_POINT('',(50.55,-14.7,-46.88094));
#438 = SURFACE_CURVE('',#439,(#444,#455),.PCURVE_S1.);
#439 = CIRCLE('',#440,3.45);
#440 = AXIS2_PLACEMENT_3D('',#441,#442,#443);
#441 = CARTESIAN_POINT('',(50.55,-11.25,-46.88094));
#442 = DIRECTION('',(0.,-2.22044604925E-16,-1.));
#443 = DIRECTION('',(0.,1.,-2.22044604925E-16));
#444 = PCURVE('',#62,#445);
#445 = DEFINITIONAL_REPRESENTATION('',(#446),#454);
#446 = ( BOUNDED_CURVE() B_SPLINE_CURVE(2,(#447,#448,#449,#450,#451,#452
,#453),.UNSPECIFIED.,.T.,.F.) B_SPLINE_CURVE_WITH_KNOTS((1,2,2,2,2,1),(
    -2.094395102393,0.,2.094395102393,4.188790204786,6.28318530718,
8.377580409573),.UNSPECIFIED.) CURVE() GEOMETRIC_REPRESENTATION_ITEM() 
RATIONAL_B_SPLINE_CURVE((1.,0.5,1.,0.5,1.,0.5,1.)) REPRESENTATION_ITEM(
  '') );
#447 = CARTESIAN_POINT('',(12.625274725275,3.449743));
#448 = CARTESIAN_POINT('',(18.600850011387,3.449743));
#449 = CARTESIAN_POINT('',(15.613062368331,-1.725257));
#450 = CARTESIAN_POINT('',(12.625274725275,-6.900257));
#451 = CARTESIAN_POINT('',(9.637487082218,-1.725257));
#452 = CARTESIAN_POINT('',(6.649699439162,3.449743));
#453 = CARTESIAN_POINT('',(12.625274725275,3.449743));
#454 = ( GEOMETRIC_REPRESENTATION_CONTEXT(2) 
PARAMETRIC_REPRESENTATION_CONTEXT() REPRESENTATION_CONTEXT('2D SPACE',''
  ) );
#455 = PCURVE('',#423,#456);
#456 = DEFINITIONAL_REPRESENTATION('',(#457),#461);
#457 = LINE('',#458,#459);
#458 = CARTESIAN_POINT('',(0.,9.399999999999E-04));
#459 = VECTOR('',#460,1.);
#460 = DIRECTION('',(1.,0.));
#461 = ( GEOMETRIC_REPRESENTATION_CONTEXT(2) 
PARAMETRIC_REPRESENTATION_CONTEXT() REPRESENTATION_CONTEXT('2D SPACE',''
  ) );
#462 = ORIENTED_EDGE('',*,*,#463,.T.);
#463 = EDGE_CURVE('',#436,#464,#466,.T.);
#464 = VERTEX_POINT('',#465);
#465 = CARTESIAN_POINT('',(48.340927796563,-13.9,-46.88094));
#466 = SURFACE_CURVE('',#467,(#472,#483),.PCURVE_S1.);
#467 = CIRCLE('',#468,3.45);
#468 = AXIS2_PLACEMENT_3D('',#469,#470,#471);
#469 = CARTESIAN_POINT('',(50.55,-11.25,-46.88094));
#470 = DIRECTION('',(0.,-2.22044604925E-16,-1.));
#471 = DIRECTION('',(0.,1.,-2.22044604925E-16));
#472 = PCURVE('',#62,#473);
#473 = DEFINITIONAL_REPRESENTATION('',(#474),#482);
#474 = ( BOUNDED_CURVE() B_SPLINE_CURVE(2,(#475,#476,#477,#478,#479,#480
,#481),.UNSPECIFIED.,.T.,.F.) B_SPLINE_CURVE_WITH_KNOTS((1,2,2,2,2,1),(
    -2.094395102393,0.,2.094395102393,4.188790204786,6.28318530718,
8.377580409573),.UNSPECIFIED.) CURVE() GEOMETRIC_REPRESENTATION_ITEM() 
RATIONAL_B_SPLINE_CURVE((1.,0.5,1.,0.5,1.,0.5,1.)) REPRESENTATION_ITEM(
  '') );
#475 = CARTESIAN_POINT('',(12.625274725275,3.449743));
#476 = CARTESIAN_POINT('',(18.600850011387,3.449743));
#477 = CARTESIAN_POINT('',(15.613062368331,-1.725257));
#478 = CARTESIAN_POINT('',(12.625274725275,-6.900257));
#479 = CARTESIAN_POINT('',(9.637487082218,-1.725257));
#480 = CARTESIAN_POINT('',(6.649699439162,3.449743));
#481 = CARTESIAN_POINT('',(12.625274725275,3.449743));
#482 = ( GEOMETRIC_REPRESENTATION_CONTEXT(2) 
PARAMETRIC_REPRESENTATION_CONTEXT() REPRESENTATION_CONTEXT('2D SPACE',''
  ) );
#483 = PCURVE('',#423,#484);
#484 = DEFINITIONAL_REPRESENTATION('',(#485),#489);
#485 = LINE('',#486,#487);
#486 = CARTESIAN_POINT('',(0.,9.399999999999E-04));
#487 = VECTOR('',#488,1.);
#488 = DIRECTION('',(1.,0.));
#489 = ( GEOMETRIC_REPRESENTATION_CONTEXT(2) 
PARAMETRIC_REPRESENTATION_CONTEXT() REPRESENTATION_CONTEXT('2D SPACE',''
  ) );
#490 = ORIENTED_EDGE('',*,*,#491,.F.);
#491 = EDGE_CURVE('',#492,#464,#494,.T.);
#492 = VERTEX_POINT('',#493);
#493 = CARTESIAN_POINT('',(36.390878032958,-13.24702088028,-46.88094));
#494 = SURFACE_CURVE('',#495,(#499,#506),.PCURVE_S1.);
#495 = LINE('',#496,#497);
#496 = CARTESIAN_POINT('',(37.101113036685,-13.28582980884,-46.88094));
#497 = VECTOR('',#498,1.);
#498 = DIRECTION('',(0.998510440144,-5.456098352107E-02,
    -1.038344402286E-16));
#499 = PCURVE('',#62,#500);
#500 = DEFINITIONAL_REPRESENTATION('',(#501),#505);
#501 = LINE('',#502,#503);
#502 = CARTESIAN_POINT('',(-0.82361223804,-2.036086808845));
#503 = VECTOR('',#504,1.);
#504 = DIRECTION('',(0.998510440144,-5.456098352107E-02));
#505 = ( GEOMETRIC_REPRESENTATION_CONTEXT(2) 
PARAMETRIC_REPRESENTATION_CONTEXT() REPRESENTATION_CONTEXT('2D SPACE',''
  ) );
#506 = PCURVE('',#507,#512);
#507 = PLANE('',#508);
#508 = AXIS2_PLACEMENT_3D('',#509,#510,#511);
#509 = CARTESIAN_POINT('',(36.390878032958,-13.24702088028,-46.88));
#510 = DIRECTION('',(-5.456098352107E-02,-0.998510440144,
    2.217138561954E-16));
#511 = DIRECTION('',(-0.998510440144,5.456098352107E-02,
    -1.211497203026E-17));
#512 = DEFINITIONAL_REPRESENTATION('',(#513),#517);
#513 = LINE('',#514,#515);
#514 = CARTESIAN_POINT('',(-0.711294519489,9.399999999928E-04));
#515 = VECTOR('',#516,1.);
#516 = DIRECTION('',(-1.,1.159494122588E-16));
#517 = ( GEOMETRIC_REPRESENTATION_CONTEXT(2) 
PARAMETRIC_REPRESENTATION_CONTEXT() REPRESENTATION_CONTEXT('2D SPACE',''
  ) );
#518 = ORIENTED_EDGE('',*,*,#519,.T.);
#519 = EDGE_CURVE('',#492,#520,#522,.T.);
#520 = VERTEX_POINT('',#521);
#521 = CARTESIAN_POINT('',(36.390878032958,-9.252979119711,-46.88094));
#522 = SURFACE_CURVE('',#523,(#528,#539),.PCURVE_S1.);
#523 = CIRCLE('',#524,2.);
#524 = AXIS2_PLACEMENT_3D('',#525,#526,#527);
#525 = CARTESIAN_POINT('',(36.5,-11.25,-46.88094));
#526 = DIRECTION('',(0.,-2.22044604925E-16,-1.));
#527 = DIRECTION('',(0.,1.,-2.22044604925E-16));
#528 = PCURVE('',#62,#529);
#529 = DEFINITIONAL_REPRESENTATION('',(#530),#538);
#530 = ( BOUNDED_CURVE() B_SPLINE_CURVE(2,(#531,#532,#533,#534,#535,#536
,#537),.UNSPECIFIED.,.T.,.F.) B_SPLINE_CURVE_WITH_KNOTS((1,2,2,2,2,1),(
    -2.094395102393,0.,2.094395102393,4.188790204786,6.28318530718,
8.377580409573),.UNSPECIFIED.) CURVE() GEOMETRIC_REPRESENTATION_ITEM() 
RATIONAL_B_SPLINE_CURVE((1.,0.5,1.,0.5,1.,0.5,1.)) REPRESENTATION_ITEM(
  '') );
#531 = CARTESIAN_POINT('',(-1.424725274725,1.999743));
#532 = CARTESIAN_POINT('',(2.039376340412,1.999743));
#533 = CARTESIAN_POINT('',(0.307325532844,-1.000257));
#534 = CARTESIAN_POINT('',(-1.424725274725,-4.000257));
#535 = CARTESIAN_POINT('',(-3.156776082294,-1.000257));
#536 = CARTESIAN_POINT('',(-4.888826889863,1.999743));
#537 = CARTESIAN_POINT('',(-1.424725274725,1.999743));
#538 = ( GEOMETRIC_REPRESENTATION_CONTEXT(2) 
PARAMETRIC_REPRESENTATION_CONTEXT() REPRESENTATION_CONTEXT('2D SPACE',''
  ) );
#539 = PCURVE('',#540,#545);
#540 = CYLINDRICAL_SURFACE('',#541,2.);
#541 = AXIS2_PLACEMENT_3D('',#542,#543,#544);
#542 = CARTESIAN_POINT('',(36.5,-11.25,-46.88));
#543 = DIRECTION('',(0.,-2.22044604925E-16,-1.));
#544 = DIRECTION('',(0.,1.,-2.22044604925E-16));
#545 = DEFINITIONAL_REPRESENTATION('',(#546),#550);
#546 = LINE('',#547,#548);
#547 = CARTESIAN_POINT('',(1.7763568394E-15,9.399999999928E-04));
#548 = VECTOR('',#549,1.);
#549 = DIRECTION('',(1.,0.));
#550 = ( GEOMETRIC_REPRESENTATION_CONTEXT(2) 
PARAMETRIC_REPRESENTATION_CONTEXT() REPRESENTATION_CONTEXT('2D SPACE',''
  ) );
#551 = ORIENTED_EDGE('',*,*,#552,.F.);
#552 = EDGE_CURVE('',#401,#520,#553,.T.);
#553 = SURFACE_CURVE('',#554,(#558,#565),.PCURVE_S1.);
#554 = LINE('',#555,#556);
#555 = CARTESIAN_POINT('',(43.076151919773,-8.887679866236,-46.88094));
#556 = VECTOR('',#557,1.);
#557 = DIRECTION('',(-0.998510440144,-5.456098352107E-02,
    1.158378566032E-16));
#558 = PCURVE('',#62,#559);
#559 = DEFINITIONAL_REPRESENTATION('',(#560),#564);
#560 = LINE('',#561,#562);
#561 = CARTESIAN_POINT('',(5.151426645048,2.362063133764));
#562 = VECTOR('',#563,1.);
#563 = DIRECTION('',(-0.998510440144,-5.456098352107E-02));
#564 = ( GEOMETRIC_REPRESENTATION_CONTEXT(2) 
PARAMETRIC_REPRESENTATION_CONTEXT() REPRESENTATION_CONTEXT('2D SPACE',''
  ) );
#565 = PCURVE('',#566,#571);
#566 = PLANE('',#567);
#567 = AXIS2_PLACEMENT_3D('',#568,#569,#570);
#568 = CARTESIAN_POINT('',(48.340927796563,-8.6,-46.88));
#569 = DIRECTION('',(-5.456098352107E-02,0.998510440144,
    -2.217138561954E-16));
#570 = DIRECTION('',(0.998510440144,5.456098352107E-02,
    -1.211497203026E-17));
#571 = DEFINITIONAL_REPRESENTATION('',(#572),#576);
#572 = LINE('',#573,#574);
#573 = CARTESIAN_POINT('',(-5.272629774435,9.399999999999E-04));
#574 = VECTOR('',#575,1.);
#575 = DIRECTION('',(-1.,-1.037228845729E-16));
#576 = ( GEOMETRIC_REPRESENTATION_CONTEXT(2) 
PARAMETRIC_REPRESENTATION_CONTEXT() REPRESENTATION_CONTEXT('2D SPACE',''
  ) );
#577 = ADVANCED_FACE('',(#578),#74,.T.);
#578 = FACE_BOUND('',#579,.T.);
#579 = EDGE_LOOP('',(#580,#610,#631,#632));
#580 = ORIENTED_EDGE('',*,*,#581,.T.);
#581 = EDGE_CURVE('',#582,#584,#586,.T.);
#582 = VERTEX_POINT('',#583);
#583 = CARTESIAN_POINT('',(56.,-11.33312960401,-59.08094));
#584 = VERTEX_POINT('',#585);
#585 = CARTESIAN_POINT('',(56.,-11.16635639598,-59.08094));
#586 = SURFACE_CURVE('',#587,(#591,#598),.PCURVE_S1.);
#587 = LINE('',#588,#589);
#588 = CARTESIAN_POINT('',(56.,-26.849743,-59.08094));
#589 = VECTOR('',#590,1.);
#590 = DIRECTION('',(2.2E-16,1.,2.2E-16));
#591 = PCURVE('',#74,#592);
#592 = DEFINITIONAL_REPRESENTATION('',(#593),#597);
#593 = LINE('',#594,#595);
#594 = CARTESIAN_POINT('',(-6.1,15.6));
#595 = VECTOR('',#596,1.);
#596 = DIRECTION('',(4.4E-16,-1.));
#597 = ( GEOMETRIC_REPRESENTATION_CONTEXT(2) 
PARAMETRIC_REPRESENTATION_CONTEXT() REPRESENTATION_CONTEXT('2D SPACE',''
  ) );
#598 = PCURVE('',#599,#604);
#599 = PLANE('',#600);
#600 = AXIS2_PLACEMENT_3D('',#601,#602,#603);
#601 = CARTESIAN_POINT('',(37.924725274725,-11.249743,-59.08094));
#602 = DIRECTION('',(-1.1E-16,-1.1E-16,-1.));
#603 = DIRECTION('',(-1.,-1.1E-16,1.1E-16));
#604 = DEFINITIONAL_REPRESENTATION('',(#605),#609);
#605 = LINE('',#606,#607);
#606 = CARTESIAN_POINT('',(-18.07527472527,-15.6));
#607 = VECTOR('',#608,1.);
#608 = DIRECTION('',(-3.3E-16,1.));
#609 = ( GEOMETRIC_REPRESENTATION_CONTEXT(2) 
PARAMETRIC_REPRESENTATION_CONTEXT() REPRESENTATION_CONTEXT('2D SPACE',''
  ) );
#610 = ORIENTED_EDGE('',*,*,#611,.T.);
#611 = EDGE_CURVE('',#584,#52,#612,.T.);
#612 = SURFACE_CURVE('',#613,(#617,#624),.PCURVE_S1.);
#613 = LINE('',#614,#615);
#614 = CARTESIAN_POINT('',(56.,-11.16635639598,-59.08094));
#615 = VECTOR('',#616,1.);
#616 = DIRECTION('',(2.2E-16,2.2E-16,1.));
#617 = PCURVE('',#74,#618);
#618 = DEFINITIONAL_REPRESENTATION('',(#619),#623);
#619 = LINE('',#620,#621);
#620 = CARTESIAN_POINT('',(-6.1,-8.338660401309E-02));
#621 = VECTOR('',#622,1.);
#622 = DIRECTION('',(1.,9.860761315263E-32));
#623 = ( GEOMETRIC_REPRESENTATION_CONTEXT(2) 
PARAMETRIC_REPRESENTATION_CONTEXT() REPRESENTATION_CONTEXT('2D SPACE',''
  ) );
#624 = PCURVE('',#103,#625);
#625 = DEFINITIONAL_REPRESENTATION('',(#626),#630);
#626 = LINE('',#627,#628);
#627 = CARTESIAN_POINT('',(0.,0.));
#628 = VECTOR('',#629,1.);
#629 = DIRECTION('',(0.,1.));
#630 = ( GEOMETRIC_REPRESENTATION_CONTEXT(2) 
PARAMETRIC_REPRESENTATION_CONTEXT() REPRESENTATION_CONTEXT('2D SPACE',''
  ) );
#631 = ORIENTED_EDGE('',*,*,#51,.T.);
#632 = ORIENTED_EDGE('',*,*,#633,.T.);
#633 = EDGE_CURVE('',#54,#582,#634,.T.);
#634 = SURFACE_CURVE('',#635,(#639,#646),.PCURVE_S1.);
#635 = LINE('',#636,#637);
#636 = CARTESIAN_POINT('',(56.,-11.33312960401,-46.88094));
#637 = VECTOR('',#638,1.);
#638 = DIRECTION('',(-2.2E-16,-2.2E-16,-1.));
#639 = PCURVE('',#74,#640);
#640 = DEFINITIONAL_REPRESENTATION('',(#641),#645);
#641 = LINE('',#642,#643);
#642 = CARTESIAN_POINT('',(6.1,8.338660401312E-02));
#643 = VECTOR('',#644,1.);
#644 = DIRECTION('',(-1.,-9.860761315263E-32));
#645 = ( GEOMETRIC_REPRESENTATION_CONTEXT(2) 
PARAMETRIC_REPRESENTATION_CONTEXT() REPRESENTATION_CONTEXT('2D SPACE',''
  ) );
#646 = PCURVE('',#386,#647);
#647 = DEFINITIONAL_REPRESENTATION('',(#648),#652);
#648 = LINE('',#649,#650);
#649 = CARTESIAN_POINT('',(0.,0.));
#650 = VECTOR('',#651,1.);
#651 = DIRECTION('',(0.,1.));
#652 = ( GEOMETRIC_REPRESENTATION_CONTEXT(2) 
PARAMETRIC_REPRESENTATION_CONTEXT() REPRESENTATION_CONTEXT('2D SPACE',''
  ) );
#653 = ADVANCED_FACE('',(#654),#103,.T.);
#654 = FACE_BOUND('',#655,.T.);
#655 = EDGE_LOOP('',(#656,#684,#705,#706));
#656 = ORIENTED_EDGE('',*,*,#657,.T.);
#657 = EDGE_CURVE('',#584,#658,#660,.T.);
#658 = VERTEX_POINT('',#659);
#659 = CARTESIAN_POINT('',(52.854645358395,-6.077065679197,-59.08094));
#660 = SURFACE_CURVE('',#661,(#666,#673),.PCURVE_S1.);
#661 = CIRCLE('',#662,5.69);
#662 = AXIS2_PLACEMENT_3D('',#663,#664,#665);
#663 = CARTESIAN_POINT('',(50.31,-11.16635639598,-59.08094));
#664 = DIRECTION('',(2.2E-16,2.2E-16,1.));
#665 = DIRECTION('',(-0.707106781187,0.707106781187,0.));
#666 = PCURVE('',#103,#667);
#667 = DEFINITIONAL_REPRESENTATION('',(#668),#672);
#668 = LINE('',#669,#670);
#669 = CARTESIAN_POINT('',(-3.926990816987,-7.105427357601E-15));
#670 = VECTOR('',#671,1.);
#671 = DIRECTION('',(1.,0.));
#672 = ( GEOMETRIC_REPRESENTATION_CONTEXT(2) 
PARAMETRIC_REPRESENTATION_CONTEXT() REPRESENTATION_CONTEXT('2D SPACE',''
  ) );
#673 = PCURVE('',#599,#674);
#674 = DEFINITIONAL_REPRESENTATION('',(#675),#683);
#675 = ( BOUNDED_CURVE() B_SPLINE_CURVE(2,(#676,#677,#678,#679,#680,#681
,#682),.UNSPECIFIED.,.T.,.F.) B_SPLINE_CURVE_WITH_KNOTS((1,2,2,2,2,1),(
    -2.094395102393,0.,2.094395102393,4.188790204786,6.28318530718,
8.377580409573),.UNSPECIFIED.) CURVE() GEOMETRIC_REPRESENTATION_ITEM() 
RATIONAL_B_SPLINE_CURVE((1.,0.5,1.,0.5,1.,0.5,1.)) REPRESENTATION_ITEM(
  '') );
#676 = CARTESIAN_POINT('',(-8.361837140323,4.106824188965));
#677 = CARTESIAN_POINT('',(-1.393038822105,-2.861974129254));
#678 = CARTESIAN_POINT('',(-10.91259435864,-5.412731347572));
#679 = CARTESIAN_POINT('',(-20.43214989517,-7.96348856589));
#680 = CARTESIAN_POINT('',(-17.88139267686,1.556066970646));
#681 = CARTESIAN_POINT('',(-15.33063545854,11.075622507183));
#682 = CARTESIAN_POINT('',(-8.361837140323,4.106824188965));
#683 = ( GEOMETRIC_REPRESENTATION_CONTEXT(2) 
PARAMETRIC_REPRESENTATION_CONTEXT() REPRESENTATION_CONTEXT('2D SPACE',''
  ) );
#684 = ORIENTED_EDGE('',*,*,#685,.T.);
#685 = EDGE_CURVE('',#658,#87,#686,.T.);
#686 = SURFACE_CURVE('',#687,(#691,#698),.PCURVE_S1.);
#687 = LINE('',#688,#689);
#688 = CARTESIAN_POINT('',(52.854645358395,-6.077065679197,-59.08094));
#689 = VECTOR('',#690,1.);
#690 = DIRECTION('',(2.2E-16,2.2E-16,1.));
#691 = PCURVE('',#103,#692);
#692 = DEFINITIONAL_REPRESENTATION('',(#693),#697);
#693 = LINE('',#694,#695);
#694 = CARTESIAN_POINT('',(1.107148717794,0.));
#695 = VECTOR('',#696,1.);
#696 = DIRECTION('',(0.,1.));
#697 = ( GEOMETRIC_REPRESENTATION_CONTEXT(2) 
PARAMETRIC_REPRESENTATION_CONTEXT() REPRESENTATION_CONTEXT('2D SPACE',''
  ) );
#698 = PCURVE('',#131,#699);
#699 = DEFINITIONAL_REPRESENTATION('',(#700),#704);
#700 = LINE('',#701,#702);
#701 = CARTESIAN_POINT('',(1.323684372578E-14,-9.899794469012));
#702 = VECTOR('',#703,1.);
#703 = DIRECTION('',(-1.,-2.465190328816E-32));
#704 = ( GEOMETRIC_REPRESENTATION_CONTEXT(2) 
PARAMETRIC_REPRESENTATION_CONTEXT() REPRESENTATION_CONTEXT('2D SPACE',''
  ) );
#705 = ORIENTED_EDGE('',*,*,#86,.F.);
#706 = ORIENTED_EDGE('',*,*,#611,.F.);
#707 = ADVANCED_FACE('',(#708),#386,.T.);
#708 = FACE_BOUND('',#709,.T.);
#709 = EDGE_LOOP('',(#710,#711,#734,#756));
#710 = ORIENTED_EDGE('',*,*,#367,.T.);
#711 = ORIENTED_EDGE('',*,*,#712,.T.);
#712 = EDGE_CURVE('',#340,#713,#715,.T.);
#713 = VERTEX_POINT('',#714);
#714 = CARTESIAN_POINT('',(52.854645358395,-16.4224203208,-59.08094));
#715 = SURFACE_CURVE('',#716,(#720,#727),.PCURVE_S1.);
#716 = LINE('',#717,#718);
#717 = CARTESIAN_POINT('',(52.854645358395,-16.4224203208,-46.88094));
#718 = VECTOR('',#719,1.);
#719 = DIRECTION('',(-2.2E-16,-2.2E-16,-1.));
#720 = PCURVE('',#386,#721);
#721 = DEFINITIONAL_REPRESENTATION('',(#722),#726);
#722 = LINE('',#723,#724);
#723 = CARTESIAN_POINT('',(1.107148717794,0.));
#724 = VECTOR('',#725,1.);
#725 = DIRECTION('',(0.,1.));
#726 = ( GEOMETRIC_REPRESENTATION_CONTEXT(2) 
PARAMETRIC_REPRESENTATION_CONTEXT() REPRESENTATION_CONTEXT('2D SPACE',''
  ) );
#727 = PCURVE('',#355,#728);
#728 = DEFINITIONAL_REPRESENTATION('',(#729),#733);
#729 = LINE('',#730,#731);
#730 = CARTESIAN_POINT('',(-4.183394389331E-15,-9.899794469012));
#731 = VECTOR('',#732,1.);
#732 = DIRECTION('',(-1.,0.));
#733 = ( GEOMETRIC_REPRESENTATION_CONTEXT(2) 
PARAMETRIC_REPRESENTATION_CONTEXT() REPRESENTATION_CONTEXT('2D SPACE',''
  ) );
#734 = ORIENTED_EDGE('',*,*,#735,.F.);
#735 = EDGE_CURVE('',#582,#713,#736,.T.);
#736 = SURFACE_CURVE('',#737,(#742,#749),.PCURVE_S1.);
#737 = CIRCLE('',#738,5.69);
#738 = AXIS2_PLACEMENT_3D('',#739,#740,#741);
#739 = CARTESIAN_POINT('',(50.31,-11.33312960401,-59.08094));
#740 = DIRECTION('',(-2.2E-16,-2.2E-16,-1.));
#741 = DIRECTION('',(0.707106781187,-0.707106781187,0.));
#742 = PCURVE('',#386,#743);
#743 = DEFINITIONAL_REPRESENTATION('',(#744),#748);
#744 = LINE('',#745,#746);
#745 = CARTESIAN_POINT('',(-5.497787143782,12.2));
#746 = VECTOR('',#747,1.);
#747 = DIRECTION('',(1.,0.));
#748 = ( GEOMETRIC_REPRESENTATION_CONTEXT(2) 
PARAMETRIC_REPRESENTATION_CONTEXT() REPRESENTATION_CONTEXT('2D SPACE',''
  ) );
#749 = PCURVE('',#599,#750);
#750 = DEFINITIONAL_REPRESENTATION('',(#751),#755);
#751 = CIRCLE('',#752,5.69);
#752 = AXIS2_PLACEMENT_2D('',#753,#754);
#753 = CARTESIAN_POINT('',(-12.38527472527,-8.338660401311E-02));
#754 = DIRECTION('',(-0.707106781187,-0.707106781187));
#755 = ( GEOMETRIC_REPRESENTATION_CONTEXT(2) 
PARAMETRIC_REPRESENTATION_CONTEXT() REPRESENTATION_CONTEXT('2D SPACE',''
  ) );
#756 = ORIENTED_EDGE('',*,*,#633,.F.);
#757 = ADVANCED_FACE('',(#758),#131,.T.);
#758 = FACE_BOUND('',#759,.F.);
#759 = EDGE_LOOP('',(#760,#783,#784,#785));
#760 = ORIENTED_EDGE('',*,*,#761,.F.);
#761 = EDGE_CURVE('',#658,#762,#764,.T.);
#762 = VERTEX_POINT('',#763);
#763 = CARTESIAN_POINT('',(32.,4.350257,-59.08094));
#764 = SURFACE_CURVE('',#765,(#769,#776),.PCURVE_S1.);
#765 = LINE('',#766,#767);
#766 = CARTESIAN_POINT('',(43.48989010989,-1.394688054945,-59.08094));
#767 = VECTOR('',#768,1.);
#768 = DIRECTION('',(-0.894427191,0.4472135955,4.9193495505E-17));
#769 = PCURVE('',#131,#770);
#770 = DEFINITIONAL_REPRESENTATION('',(#771),#775);
#771 = LINE('',#772,#773);
#772 = CARTESIAN_POINT('',(1.426696680311E-14,0.57032019514));
#773 = VECTOR('',#774,1.);
#774 = DIRECTION('',(4.9193495505E-17,1.));
#775 = ( GEOMETRIC_REPRESENTATION_CONTEXT(2) 
PARAMETRIC_REPRESENTATION_CONTEXT() REPRESENTATION_CONTEXT('2D SPACE',''
  ) );
#776 = PCURVE('',#599,#777);
#777 = DEFINITIONAL_REPRESENTATION('',(#778),#782);
#778 = LINE('',#779,#780);
#779 = CARTESIAN_POINT('',(-5.565164835165,9.855054945055));
#780 = VECTOR('',#781,1.);
#781 = DIRECTION('',(0.894427191,0.4472135955));
#782 = ( GEOMETRIC_REPRESENTATION_CONTEXT(2) 
PARAMETRIC_REPRESENTATION_CONTEXT() REPRESENTATION_CONTEXT('2D SPACE',''
  ) );
#783 = ORIENTED_EDGE('',*,*,#685,.T.);
#784 = ORIENTED_EDGE('',*,*,#115,.T.);
#785 = ORIENTED_EDGE('',*,*,#786,.F.);
#786 = EDGE_CURVE('',#762,#116,#787,.T.);
#787 = SURFACE_CURVE('',#788,(#792,#799),.PCURVE_S1.);
#788 = LINE('',#789,#790);
#789 = CARTESIAN_POINT('',(32.,4.350257,-59.08094));
#790 = VECTOR('',#791,1.);
#791 = DIRECTION('',(2.2E-16,2.2E-16,1.));
#792 = PCURVE('',#131,#793);
#793 = DEFINITIONAL_REPRESENTATION('',(#794),#798);
#794 = LINE('',#795,#796);
#795 = CARTESIAN_POINT('',(1.32E-15,13.416407864999));
#796 = VECTOR('',#797,1.);
#797 = DIRECTION('',(-1.,-2.465190328816E-32));
#798 = ( GEOMETRIC_REPRESENTATION_CONTEXT(2) 
PARAMETRIC_REPRESENTATION_CONTEXT() REPRESENTATION_CONTEXT('2D SPACE',''
  ) );
#799 = PCURVE('',#159,#800);
#800 = DEFINITIONAL_REPRESENTATION('',(#801),#805);
#801 = LINE('',#802,#803);
#802 = CARTESIAN_POINT('',(-6.1,6.1));
#803 = VECTOR('',#804,1.);
#804 = DIRECTION('',(3.3E-16,-1.));
#805 = ( GEOMETRIC_REPRESENTATION_CONTEXT(2) 
PARAMETRIC_REPRESENTATION_CONTEXT() REPRESENTATION_CONTEXT('2D SPACE',''
  ) );
#806 = ADVANCED_FACE('',(#807),#355,.T.);
#807 = FACE_BOUND('',#808,.F.);
#808 = EDGE_LOOP('',(#809,#810,#811,#834));
#809 = ORIENTED_EDGE('',*,*,#339,.F.);
#810 = ORIENTED_EDGE('',*,*,#712,.T.);
#811 = ORIENTED_EDGE('',*,*,#812,.T.);
#812 = EDGE_CURVE('',#713,#813,#815,.T.);
#813 = VERTEX_POINT('',#814);
#814 = CARTESIAN_POINT('',(32.,-26.849743,-59.08094));
#815 = SURFACE_CURVE('',#816,(#820,#827),.PCURVE_S1.);
#816 = LINE('',#817,#818);
#817 = CARTESIAN_POINT('',(43.48989010989,-21.10479794505,-59.08094));
#818 = VECTOR('',#819,1.);
#819 = DIRECTION('',(-0.894427191,-0.4472135955,1.47580486515E-16));
#820 = PCURVE('',#355,#821);
#821 = DEFINITIONAL_REPRESENTATION('',(#822),#826);
#822 = LINE('',#823,#824);
#823 = CARTESIAN_POINT('',(-12.2,0.57032019514));
#824 = VECTOR('',#825,1.);
#825 = DIRECTION('',(-1.47580486515E-16,1.));
#826 = ( GEOMETRIC_REPRESENTATION_CONTEXT(2) 
PARAMETRIC_REPRESENTATION_CONTEXT() REPRESENTATION_CONTEXT('2D SPACE',''
  ) );
#827 = PCURVE('',#599,#828);
#828 = DEFINITIONAL_REPRESENTATION('',(#829),#833);
#829 = LINE('',#830,#831);
#830 = CARTESIAN_POINT('',(-5.565164835165,-9.855054945055));
#831 = VECTOR('',#832,1.);
#832 = DIRECTION('',(0.894427191,-0.4472135955));
#833 = ( GEOMETRIC_REPRESENTATION_CONTEXT(2) 
PARAMETRIC_REPRESENTATION_CONTEXT() REPRESENTATION_CONTEXT('2D SPACE',''
  ) );
#834 = ORIENTED_EDGE('',*,*,#835,.F.);
#835 = EDGE_CURVE('',#312,#813,#836,.T.);
#836 = SURFACE_CURVE('',#837,(#841,#848),.PCURVE_S1.);
#837 = LINE('',#838,#839);
#838 = CARTESIAN_POINT('',(32.,-26.849743,-46.88094));
#839 = VECTOR('',#840,1.);
#840 = DIRECTION('',(-2.2E-16,-2.2E-16,-1.));
#841 = PCURVE('',#355,#842);
#842 = DEFINITIONAL_REPRESENTATION('',(#843),#847);
#843 = LINE('',#844,#845);
#844 = CARTESIAN_POINT('',(3.145427357601E-15,13.416407864999));
#845 = VECTOR('',#846,1.);
#846 = DIRECTION('',(-1.,0.));
#847 = ( GEOMETRIC_REPRESENTATION_CONTEXT(2) 
PARAMETRIC_REPRESENTATION_CONTEXT() REPRESENTATION_CONTEXT('2D SPACE',''
  ) );
#848 = PCURVE('',#327,#849);
#849 = DEFINITIONAL_REPRESENTATION('',(#850),#854);
#850 = LINE('',#851,#852);
#851 = CARTESIAN_POINT('',(6.1,-6.1));
#852 = VECTOR('',#853,1.);
#853 = DIRECTION('',(3.3E-16,1.));
#854 = ( GEOMETRIC_REPRESENTATION_CONTEXT(2) 
PARAMETRIC_REPRESENTATION_CONTEXT() REPRESENTATION_CONTEXT('2D SPACE',''
  ) );
#855 = ADVANCED_FACE('',(#856,#909),#159,.T.);
#856 = FACE_BOUND('',#857,.T.);
#857 = EDGE_LOOP('',(#858,#881,#907,#908));
#858 = ORIENTED_EDGE('',*,*,#859,.T.);
#859 = EDGE_CURVE('',#762,#860,#862,.T.);
#860 = VERTEX_POINT('',#861);
#861 = CARTESIAN_POINT('',(21.2,4.350257,-59.08094));
#862 = SURFACE_CURVE('',#863,(#867,#874),.PCURVE_S1.);
#863 = LINE('',#864,#865);
#864 = CARTESIAN_POINT('',(26.,4.350257,-59.08094));
#865 = VECTOR('',#866,1.);
#866 = DIRECTION('',(-1.,-1.1E-16,-1.7E-16));
#867 = PCURVE('',#159,#868);
#868 = DEFINITIONAL_REPRESENTATION('',(#869),#873);
#869 = LINE('',#870,#871);
#870 = CARTESIAN_POINT('',(-12.1,6.1));
#871 = VECTOR('',#872,1.);
#872 = DIRECTION('',(-1.,6.E-17));
#873 = ( GEOMETRIC_REPRESENTATION_CONTEXT(2) 
PARAMETRIC_REPRESENTATION_CONTEXT() REPRESENTATION_CONTEXT('2D SPACE',''
  ) );
#874 = PCURVE('',#599,#875);
#875 = DEFINITIONAL_REPRESENTATION('',(#876),#880);
#876 = LINE('',#877,#878);
#877 = CARTESIAN_POINT('',(11.924725274725,15.6));
#878 = VECTOR('',#879,1.);
#879 = DIRECTION('',(1.,2.487785493223E-32));
#880 = ( GEOMETRIC_REPRESENTATION_CONTEXT(2) 
PARAMETRIC_REPRESENTATION_CONTEXT() REPRESENTATION_CONTEXT('2D SPACE',''
  ) );
#881 = ORIENTED_EDGE('',*,*,#882,.F.);
#882 = EDGE_CURVE('',#144,#860,#883,.T.);
#883 = SURFACE_CURVE('',#884,(#888,#895),.PCURVE_S1.);
#884 = LINE('',#885,#886);
#885 = CARTESIAN_POINT('',(21.2,4.350257,-46.88094));
#886 = VECTOR('',#887,1.);
#887 = DIRECTION('',(-1.7E-16,-1.7E-16,-1.));
#888 = PCURVE('',#159,#889);
#889 = DEFINITIONAL_REPRESENTATION('',(#890),#894);
#890 = LINE('',#891,#892);
#891 = CARTESIAN_POINT('',(-16.9,-6.1));
#892 = VECTOR('',#893,1.);
#893 = DIRECTION('',(-2.8E-16,1.));
#894 = ( GEOMETRIC_REPRESENTATION_CONTEXT(2) 
PARAMETRIC_REPRESENTATION_CONTEXT() REPRESENTATION_CONTEXT('2D SPACE',''
  ) );
#895 = PCURVE('',#896,#901);
#896 = PLANE('',#897);
#897 = AXIS2_PLACEMENT_3D('',#898,#899,#900);
#898 = CARTESIAN_POINT('',(20.7,3.850257,-46.88094));
#899 = DIRECTION('',(0.707106781187,-0.707106781187,-7.007939324928E-17)
  );
#900 = DIRECTION('',(2.19553614188E-16,1.20446385812E-16,1.));
#901 = DEFINITIONAL_REPRESENTATION('',(#902),#906);
#902 = LINE('',#903,#904);
#903 = CARTESIAN_POINT('',(1.7E-16,-0.707106781187));
#904 = VECTOR('',#905,1.);
#905 = DIRECTION('',(-1.,-9.860761315263E-32));
#906 = ( GEOMETRIC_REPRESENTATION_CONTEXT(2) 
PARAMETRIC_REPRESENTATION_CONTEXT() REPRESENTATION_CONTEXT('2D SPACE',''
  ) );
#907 = ORIENTED_EDGE('',*,*,#143,.T.);
#908 = ORIENTED_EDGE('',*,*,#786,.F.);
#909 = FACE_BOUND('',#910,.T.);
#910 = EDGE_LOOP('',(#911));
#911 = ORIENTED_EDGE('',*,*,#912,.F.);
#912 = EDGE_CURVE('',#913,#913,#915,.T.);
#913 = VERTEX_POINT('',#914);
#914 = CARTESIAN_POINT('',(23.2,4.350257,-52.08094));
#915 = SURFACE_CURVE('',#916,(#921,#928),.PCURVE_S1.);
#916 = CIRCLE('',#917,0.9);
#917 = AXIS2_PLACEMENT_3D('',#918,#919,#920);
#918 = CARTESIAN_POINT('',(23.2,4.350257,-52.98094));
#919 = DIRECTION('',(-6.E-17,1.,-6.E-17));
#920 = DIRECTION('',(6.E-17,6.E-17,1.));
#921 = PCURVE('',#159,#922);
#922 = DEFINITIONAL_REPRESENTATION('',(#923),#927);
#923 = CIRCLE('',#924,0.9);
#924 = AXIS2_PLACEMENT_2D('',#925,#926);
#925 = CARTESIAN_POINT('',(-14.9,9.422685322535E-16));
#926 = DIRECTION('',(1.7E-16,-1.));
#927 = ( GEOMETRIC_REPRESENTATION_CONTEXT(2) 
PARAMETRIC_REPRESENTATION_CONTEXT() REPRESENTATION_CONTEXT('2D SPACE',''
  ) );
#928 = PCURVE('',#929,#934);
#929 = CYLINDRICAL_SURFACE('',#930,0.9);
#930 = AXIS2_PLACEMENT_3D('',#931,#932,#933);
#931 = CARTESIAN_POINT('',(23.2,4.350257,-52.98094));
#932 = DIRECTION('',(0.,1.,-6.E-17));
#933 = DIRECTION('',(0.,6.E-17,1.));
#934 = DEFINITIONAL_REPRESENTATION('',(#935),#939);
#935 = LINE('',#936,#937);
#936 = CARTESIAN_POINT('',(0.,0.));
#937 = VECTOR('',#938,1.);
#938 = DIRECTION('',(1.,0.));
#939 = ( GEOMETRIC_REPRESENTATION_CONTEXT(2) 
PARAMETRIC_REPRESENTATION_CONTEXT() REPRESENTATION_CONTEXT('2D SPACE',''
  ) );
#940 = ADVANCED_FACE('',(#941,#994),#327,.T.);
#941 = FACE_BOUND('',#942,.T.);
#942 = EDGE_LOOP('',(#943,#944,#972,#993));
#943 = ORIENTED_EDGE('',*,*,#311,.F.);
#944 = ORIENTED_EDGE('',*,*,#945,.F.);
#945 = EDGE_CURVE('',#946,#284,#948,.T.);
#946 = VERTEX_POINT('',#947);
#947 = CARTESIAN_POINT('',(21.2,-26.849743,-59.08094));
#948 = SURFACE_CURVE('',#949,(#953,#960),.PCURVE_S1.);
#949 = LINE('',#950,#951);
#950 = CARTESIAN_POINT('',(21.2,-26.849743,-59.08094));
#951 = VECTOR('',#952,1.);
#952 = DIRECTION('',(1.7E-16,1.7E-16,1.));
#953 = PCURVE('',#327,#954);
#954 = DEFINITIONAL_REPRESENTATION('',(#955),#959);
#955 = LINE('',#956,#957);
#956 = CARTESIAN_POINT('',(16.9,6.1));
#957 = VECTOR('',#958,1.);
#958 = DIRECTION('',(-2.8E-16,-1.));
#959 = ( GEOMETRIC_REPRESENTATION_CONTEXT(2) 
PARAMETRIC_REPRESENTATION_CONTEXT() REPRESENTATION_CONTEXT('2D SPACE',''
  ) );
#960 = PCURVE('',#961,#966);
#961 = PLANE('',#962);
#962 = AXIS2_PLACEMENT_3D('',#963,#964,#965);
#963 = CARTESIAN_POINT('',(20.7,-26.349743,-59.08094));
#964 = DIRECTION('',(0.707106781187,0.707106781187,0.));
#965 = DIRECTION('',(-0.,-0.,-1.));
#966 = DEFINITIONAL_REPRESENTATION('',(#967),#971);
#967 = LINE('',#968,#969);
#968 = CARTESIAN_POINT('',(-0.,-0.707106781187));
#969 = VECTOR('',#970,1.);
#970 = DIRECTION('',(-1.,0.));
#971 = ( GEOMETRIC_REPRESENTATION_CONTEXT(2) 
PARAMETRIC_REPRESENTATION_CONTEXT() REPRESENTATION_CONTEXT('2D SPACE',''
  ) );
#972 = ORIENTED_EDGE('',*,*,#973,.F.);
#973 = EDGE_CURVE('',#813,#946,#974,.T.);
#974 = SURFACE_CURVE('',#975,(#979,#986),.PCURVE_S1.);
#975 = LINE('',#976,#977);
#976 = CARTESIAN_POINT('',(26.,-26.849743,-59.08094));
#977 = VECTOR('',#978,1.);
#978 = DIRECTION('',(-1.,-1.1E-16,-1.7E-16));
#979 = PCURVE('',#327,#980);
#980 = DEFINITIONAL_REPRESENTATION('',(#981),#985);
#981 = LINE('',#982,#983);
#982 = CARTESIAN_POINT('',(12.1,6.1));
#983 = VECTOR('',#984,1.);
#984 = DIRECTION('',(1.,6.E-17));
#985 = ( GEOMETRIC_REPRESENTATION_CONTEXT(2) 
PARAMETRIC_REPRESENTATION_CONTEXT() REPRESENTATION_CONTEXT('2D SPACE',''
  ) );
#986 = PCURVE('',#599,#987);
#987 = DEFINITIONAL_REPRESENTATION('',(#988),#992);
#988 = LINE('',#989,#990);
#989 = CARTESIAN_POINT('',(11.924725274725,-15.6));
#990 = VECTOR('',#991,1.);
#991 = DIRECTION('',(1.,2.487785493223E-32));
#992 = ( GEOMETRIC_REPRESENTATION_CONTEXT(2) 
PARAMETRIC_REPRESENTATION_CONTEXT() REPRESENTATION_CONTEXT('2D SPACE',''
  ) );
#993 = ORIENTED_EDGE('',*,*,#835,.F.);
#994 = FACE_BOUND('',#995,.T.);
#995 = EDGE_LOOP('',(#996));
#996 = ORIENTED_EDGE('',*,*,#997,.F.);
#997 = EDGE_CURVE('',#998,#998,#1000,.T.);
#998 = VERTEX_POINT('',#999);
#999 = CARTESIAN_POINT('',(23.2,-26.849743,-53.88094));
#1000 = SURFACE_CURVE('',#1001,(#1006,#1013),.PCURVE_S1.);
#1001 = CIRCLE('',#1002,0.9);
#1002 = AXIS2_PLACEMENT_3D('',#1003,#1004,#1005);
#1003 = CARTESIAN_POINT('',(23.2,-26.849743,-52.98094));
#1004 = DIRECTION('',(1.1E-16,-1.,1.1E-16));
#1005 = DIRECTION('',(-1.1E-16,-1.1E-16,-1.));
#1006 = PCURVE('',#327,#1007);
#1007 = DEFINITIONAL_REPRESENTATION('',(#1008),#1012);
#1008 = CIRCLE('',#1009,0.9);
#1009 = AXIS2_PLACEMENT_2D('',#1010,#1011);
#1010 = CARTESIAN_POINT('',(14.9,-6.987798760206E-16));
#1011 = DIRECTION('',(2.2E-16,1.));
#1012 = ( GEOMETRIC_REPRESENTATION_CONTEXT(2) 
PARAMETRIC_REPRESENTATION_CONTEXT() REPRESENTATION_CONTEXT('2D SPACE',''
  ) );
#1013 = PCURVE('',#1014,#1019);
#1014 = CYLINDRICAL_SURFACE('',#1015,0.9);
#1015 = AXIS2_PLACEMENT_3D('',#1016,#1017,#1018);
#1016 = CARTESIAN_POINT('',(23.2,-26.849743,-52.98094));
#1017 = DIRECTION('',(-6.E-17,-1.,-0.));
#1018 = DIRECTION('',(-6.E-17,3.6E-33,-1.));
#1019 = DEFINITIONAL_REPRESENTATION('',(#1020),#1024);
#1020 = LINE('',#1021,#1022);
#1021 = CARTESIAN_POINT('',(0.,0.));
#1022 = VECTOR('',#1023,1.);
#1023 = DIRECTION('',(1.,0.));
#1024 = ( GEOMETRIC_REPRESENTATION_CONTEXT(2) 
PARAMETRIC_REPRESENTATION_CONTEXT() REPRESENTATION_CONTEXT('2D SPACE',''
  ) );
#1025 = ADVANCED_FACE('',(#1026),#187,.F.);
#1026 = FACE_BOUND('',#1027,.T.);
#1027 = EDGE_LOOP('',(#1028,#1056,#1057,#1080));
#1028 = ORIENTED_EDGE('',*,*,#1029,.T.);
#1029 = EDGE_CURVE('',#1030,#172,#1032,.T.);
#1030 = VERTEX_POINT('',#1031);
#1031 = CARTESIAN_POINT('',(20.2,2.550257,-47.88094));
#1032 = SURFACE_CURVE('',#1033,(#1037,#1044),.PCURVE_S1.);
#1033 = LINE('',#1034,#1035);
#1034 = CARTESIAN_POINT('',(18.833333333333,3.916923666667,
    -49.24760666666));
#1035 = VECTOR('',#1036,1.);
#1036 = DIRECTION('',(0.57735026919,-0.57735026919,0.57735026919));
#1037 = PCURVE('',#187,#1038);
#1038 = DEFINITIONAL_REPRESENTATION('',(#1039),#1043);
#1039 = LINE('',#1040,#1041);
#1040 = CARTESIAN_POINT('',(-2.366666666667,2.63986531643));
#1041 = VECTOR('',#1042,1.);
#1042 = DIRECTION('',(0.57735026919,-0.816496580928));
#1043 = ( GEOMETRIC_REPRESENTATION_CONTEXT(2) 
PARAMETRIC_REPRESENTATION_CONTEXT() REPRESENTATION_CONTEXT('2D SPACE',''
  ) );
#1044 = PCURVE('',#1045,#1050);
#1045 = PLANE('',#1046);
#1046 = AXIS2_PLACEMENT_3D('',#1047,#1048,#1049);
#1047 = CARTESIAN_POINT('',(20.7,2.050257,-59.08094));
#1048 = DIRECTION('',(-0.707106781187,-0.707106781187,
    -2.803175729971E-17));
#1049 = DIRECTION('',(1.98214456752E-17,1.98214456752E-17,-1.));
#1050 = DEFINITIONAL_REPRESENTATION('',(#1051),#1055);
#1051 = LINE('',#1052,#1053);
#1052 = CARTESIAN_POINT('',(-9.833333333333,-2.63986531643));
#1053 = VECTOR('',#1054,1.);
#1054 = DIRECTION('',(-0.57735026919,0.816496580928));
#1055 = ( GEOMETRIC_REPRESENTATION_CONTEXT(2) 
PARAMETRIC_REPRESENTATION_CONTEXT() REPRESENTATION_CONTEXT('2D SPACE',''
  ) );
#1056 = ORIENTED_EDGE('',*,*,#171,.T.);
#1057 = ORIENTED_EDGE('',*,*,#1058,.T.);
#1058 = EDGE_CURVE('',#144,#1059,#1061,.T.);
#1059 = VERTEX_POINT('',#1060);
#1060 = CARTESIAN_POINT('',(20.2,3.350257,-47.88094));
#1061 = SURFACE_CURVE('',#1062,(#1066,#1073),.PCURVE_S1.);
#1062 = LINE('',#1063,#1064);
#1063 = CARTESIAN_POINT('',(20.4,3.550257,-47.68094));
#1064 = VECTOR('',#1065,1.);
#1065 = DIRECTION('',(-0.57735026919,-0.57735026919,-0.57735026919));
#1066 = PCURVE('',#187,#1067);
#1067 = DEFINITIONAL_REPRESENTATION('',(#1068),#1072);
#1068 = LINE('',#1069,#1070);
#1069 = CARTESIAN_POINT('',(-2.,0.424264068712));
#1070 = VECTOR('',#1071,1.);
#1071 = DIRECTION('',(0.57735026919,0.816496580928));
#1072 = ( GEOMETRIC_REPRESENTATION_CONTEXT(2) 
PARAMETRIC_REPRESENTATION_CONTEXT() REPRESENTATION_CONTEXT('2D SPACE',''
  ) );
#1073 = PCURVE('',#896,#1074);
#1074 = DEFINITIONAL_REPRESENTATION('',(#1075),#1079);
#1075 = LINE('',#1076,#1077);
#1076 = CARTESIAN_POINT('',(-0.8,0.424264068712));
#1077 = VECTOR('',#1078,1.);
#1078 = DIRECTION('',(-0.57735026919,0.816496580928));
#1079 = ( GEOMETRIC_REPRESENTATION_CONTEXT(2) 
PARAMETRIC_REPRESENTATION_CONTEXT() REPRESENTATION_CONTEXT('2D SPACE',''
  ) );
#1080 = ORIENTED_EDGE('',*,*,#1081,.F.);
#1081 = EDGE_CURVE('',#1030,#1059,#1082,.T.);
#1082 = SURFACE_CURVE('',#1083,(#1087,#1094),.PCURVE_S1.);
#1083 = LINE('',#1084,#1085);
#1084 = CARTESIAN_POINT('',(20.2,1.550257,-47.88094));
#1085 = VECTOR('',#1086,1.);
#1086 = DIRECTION('',(1.7E-16,1.,1.7E-16));
#1087 = PCURVE('',#187,#1088);
#1088 = DEFINITIONAL_REPRESENTATION('',(#1089),#1093);
#1089 = LINE('',#1090,#1091);
#1090 = CARTESIAN_POINT('',(-5.204460492503E-17,0.707106781187));
#1091 = VECTOR('',#1092,1.);
#1092 = DIRECTION('',(-1.,-4.930380657631E-32));
#1093 = ( GEOMETRIC_REPRESENTATION_CONTEXT(2) 
PARAMETRIC_REPRESENTATION_CONTEXT() REPRESENTATION_CONTEXT('2D SPACE',''
  ) );
#1094 = PCURVE('',#1095,#1100);
#1095 = PLANE('',#1096);
#1096 = AXIS2_PLACEMENT_3D('',#1097,#1098,#1099);
#1097 = CARTESIAN_POINT('',(20.2,-11.249743,-52.98094));
#1098 = DIRECTION('',(1.,1.7E-16,1.7E-16));
#1099 = DIRECTION('',(-1.7E-16,1.7E-16,1.));
#1100 = DEFINITIONAL_REPRESENTATION('',(#1101),#1105);
#1101 = LINE('',#1102,#1103);
#1102 = CARTESIAN_POINT('',(5.1,-12.8));
#1103 = VECTOR('',#1104,1.);
#1104 = DIRECTION('',(3.4E-16,-1.));
#1105 = ( GEOMETRIC_REPRESENTATION_CONTEXT(2) 
PARAMETRIC_REPRESENTATION_CONTEXT() REPRESENTATION_CONTEXT('2D SPACE',''
  ) );
#1106 = ADVANCED_FACE('',(#1107),#299,.F.);
#1107 = FACE_BOUND('',#1108,.T.);
#1108 = EDGE_LOOP('',(#1109,#1132,#1133,#1161));
#1109 = ORIENTED_EDGE('',*,*,#1110,.F.);
#1110 = EDGE_CURVE('',#284,#1111,#1113,.T.);
#1111 = VERTEX_POINT('',#1112);
#1112 = CARTESIAN_POINT('',(20.2,-25.849743,-47.88094));
#1113 = SURFACE_CURVE('',#1114,(#1118,#1125),.PCURVE_S1.);
#1114 = LINE('',#1115,#1116);
#1115 = CARTESIAN_POINT('',(18.833333333333,-24.48307633333,
    -49.24760666666));
#1116 = VECTOR('',#1117,1.);
#1117 = DIRECTION('',(-0.57735026919,0.57735026919,-0.57735026919));
#1118 = PCURVE('',#299,#1119);
#1119 = DEFINITIONAL_REPRESENTATION('',(#1120),#1124);
#1120 = LINE('',#1121,#1122);
#1121 = CARTESIAN_POINT('',(-2.366666666667,2.63986531643));
#1122 = VECTOR('',#1123,1.);
#1123 = DIRECTION('',(-0.57735026919,0.816496580928));
#1124 = ( GEOMETRIC_REPRESENTATION_CONTEXT(2) 
PARAMETRIC_REPRESENTATION_CONTEXT() REPRESENTATION_CONTEXT('2D SPACE',''
  ) );
#1125 = PCURVE('',#961,#1126);
#1126 = DEFINITIONAL_REPRESENTATION('',(#1127),#1131);
#1127 = LINE('',#1128,#1129);
#1128 = CARTESIAN_POINT('',(-9.833333333333,2.63986531643));
#1129 = VECTOR('',#1130,1.);
#1130 = DIRECTION('',(0.57735026919,0.816496580928));
#1131 = ( GEOMETRIC_REPRESENTATION_CONTEXT(2) 
PARAMETRIC_REPRESENTATION_CONTEXT() REPRESENTATION_CONTEXT('2D SPACE',''
  ) );
#1132 = ORIENTED_EDGE('',*,*,#283,.T.);
#1133 = ORIENTED_EDGE('',*,*,#1134,.T.);
#1134 = EDGE_CURVE('',#256,#1135,#1137,.T.);
#1135 = VERTEX_POINT('',#1136);
#1136 = CARTESIAN_POINT('',(20.2,-25.049743,-47.88094));
#1137 = SURFACE_CURVE('',#1138,(#1142,#1149),.PCURVE_S1.);
#1138 = LINE('',#1139,#1140);
#1139 = CARTESIAN_POINT('',(20.4,-24.849743,-47.68094));
#1140 = VECTOR('',#1141,1.);
#1141 = DIRECTION('',(-0.57735026919,-0.57735026919,-0.57735026919));
#1142 = PCURVE('',#299,#1143);
#1143 = DEFINITIONAL_REPRESENTATION('',(#1144),#1148);
#1144 = LINE('',#1145,#1146);
#1145 = CARTESIAN_POINT('',(-2.,0.424264068712));
#1146 = VECTOR('',#1147,1.);
#1147 = DIRECTION('',(0.57735026919,0.816496580928));
#1148 = ( GEOMETRIC_REPRESENTATION_CONTEXT(2) 
PARAMETRIC_REPRESENTATION_CONTEXT() REPRESENTATION_CONTEXT('2D SPACE',''
  ) );
#1149 = PCURVE('',#1150,#1155);
#1150 = PLANE('',#1151);
#1151 = AXIS2_PLACEMENT_3D('',#1152,#1153,#1154);
#1152 = CARTESIAN_POINT('',(20.7,-24.549743,-46.88094));
#1153 = DIRECTION('',(-0.707106781187,0.707106781187,0.));
#1154 = DIRECTION('',(1.7E-16,1.7E-16,1.));
#1155 = DEFINITIONAL_REPRESENTATION('',(#1156),#1160);
#1156 = LINE('',#1157,#1158);
#1157 = CARTESIAN_POINT('',(-0.8,-0.424264068712));
#1158 = VECTOR('',#1159,1.);
#1159 = DIRECTION('',(-0.57735026919,-0.816496580928));
#1160 = ( GEOMETRIC_REPRESENTATION_CONTEXT(2) 
PARAMETRIC_REPRESENTATION_CONTEXT() REPRESENTATION_CONTEXT('2D SPACE',''
  ) );
#1161 = ORIENTED_EDGE('',*,*,#1162,.F.);
#1162 = EDGE_CURVE('',#1111,#1135,#1163,.T.);
#1163 = SURFACE_CURVE('',#1164,(#1168,#1175),.PCURVE_S1.);
#1164 = LINE('',#1165,#1166);
#1165 = CARTESIAN_POINT('',(20.2,-26.849743,-47.88094));
#1166 = VECTOR('',#1167,1.);
#1167 = DIRECTION('',(1.7E-16,1.,1.7E-16));
#1168 = PCURVE('',#299,#1169);
#1169 = DEFINITIONAL_REPRESENTATION('',(#1170),#1174);
#1170 = LINE('',#1171,#1172);
#1171 = CARTESIAN_POINT('',(1.7E-16,0.707106781187));
#1172 = VECTOR('',#1173,1.);
#1173 = DIRECTION('',(-1.,0.));
#1174 = ( GEOMETRIC_REPRESENTATION_CONTEXT(2) 
PARAMETRIC_REPRESENTATION_CONTEXT() REPRESENTATION_CONTEXT('2D SPACE',''
  ) );
#1175 = PCURVE('',#1176,#1181);
#1176 = PLANE('',#1177);
#1177 = AXIS2_PLACEMENT_3D('',#1178,#1179,#1180);
#1178 = CARTESIAN_POINT('',(20.2,-11.249743,-52.98094));
#1179 = DIRECTION('',(1.,1.7E-16,1.7E-16));
#1180 = DIRECTION('',(-1.7E-16,1.7E-16,1.));
#1181 = DEFINITIONAL_REPRESENTATION('',(#1182),#1186);
#1182 = LINE('',#1183,#1184);
#1183 = CARTESIAN_POINT('',(5.1,15.6));
#1184 = VECTOR('',#1185,1.);
#1185 = DIRECTION('',(3.4E-16,-1.));
#1186 = ( GEOMETRIC_REPRESENTATION_CONTEXT(2) 
PARAMETRIC_REPRESENTATION_CONTEXT() REPRESENTATION_CONTEXT('2D SPACE',''
  ) );
#1187 = ADVANCED_FACE('',(#1188,#1258),#215,.F.);
#1188 = FACE_BOUND('',#1189,.F.);
#1189 = EDGE_LOOP('',(#1190,#1215,#1236,#1237));
#1190 = ORIENTED_EDGE('',*,*,#1191,.T.);
#1191 = EDGE_CURVE('',#1192,#1194,#1196,.T.);
#1192 = VERTEX_POINT('',#1193);
#1193 = CARTESIAN_POINT('',(26.,1.550257,-59.08094));
#1194 = VERTEX_POINT('',#1195);
#1195 = CARTESIAN_POINT('',(21.2,1.550257,-59.08094));
#1196 = SURFACE_CURVE('',#1197,(#1201,#1208),.PCURVE_S1.);
#1197 = LINE('',#1198,#1199);
#1198 = CARTESIAN_POINT('',(26.,1.550257,-59.08094));
#1199 = VECTOR('',#1200,1.);
#1200 = DIRECTION('',(-1.,-1.1E-16,-1.7E-16));
#1201 = PCURVE('',#215,#1202);
#1202 = DEFINITIONAL_REPRESENTATION('',(#1203),#1207);
#1203 = LINE('',#1204,#1205);
#1204 = CARTESIAN_POINT('',(0.,0.));
#1205 = VECTOR('',#1206,1.);
#1206 = DIRECTION('',(-2.8E-16,-1.));
#1207 = ( GEOMETRIC_REPRESENTATION_CONTEXT(2) 
PARAMETRIC_REPRESENTATION_CONTEXT() REPRESENTATION_CONTEXT('2D SPACE',''
  ) );
#1208 = PCURVE('',#599,#1209);
#1209 = DEFINITIONAL_REPRESENTATION('',(#1210),#1214);
#1210 = LINE('',#1211,#1212);
#1211 = CARTESIAN_POINT('',(11.924725274725,12.8));
#1212 = VECTOR('',#1213,1.);
#1213 = DIRECTION('',(1.,2.487785493223E-32));
#1214 = ( GEOMETRIC_REPRESENTATION_CONTEXT(2) 
PARAMETRIC_REPRESENTATION_CONTEXT() REPRESENTATION_CONTEXT('2D SPACE',''
  ) );
#1215 = ORIENTED_EDGE('',*,*,#1216,.T.);
#1216 = EDGE_CURVE('',#1194,#172,#1217,.T.);
#1217 = SURFACE_CURVE('',#1218,(#1222,#1229),.PCURVE_S1.);
#1218 = LINE('',#1219,#1220);
#1219 = CARTESIAN_POINT('',(21.2,1.550257,-59.08094));
#1220 = VECTOR('',#1221,1.);
#1221 = DIRECTION('',(1.7E-16,1.7E-16,1.));
#1222 = PCURVE('',#215,#1223);
#1223 = DEFINITIONAL_REPRESENTATION('',(#1224),#1228);
#1224 = LINE('',#1225,#1226);
#1225 = CARTESIAN_POINT('',(3.601784197001E-16,-4.8));
#1226 = VECTOR('',#1227,1.);
#1227 = DIRECTION('',(1.,6.E-17));
#1228 = ( GEOMETRIC_REPRESENTATION_CONTEXT(2) 
PARAMETRIC_REPRESENTATION_CONTEXT() REPRESENTATION_CONTEXT('2D SPACE',''
  ) );
#1229 = PCURVE('',#1045,#1230);
#1230 = DEFINITIONAL_REPRESENTATION('',(#1231),#1235);
#1231 = LINE('',#1232,#1233);
#1232 = CARTESIAN_POINT('',(-0.,0.707106781187));
#1233 = VECTOR('',#1234,1.);
#1234 = DIRECTION('',(-1.,0.));
#1235 = ( GEOMETRIC_REPRESENTATION_CONTEXT(2) 
PARAMETRIC_REPRESENTATION_CONTEXT() REPRESENTATION_CONTEXT('2D SPACE',''
  ) );
#1236 = ORIENTED_EDGE('',*,*,#199,.F.);
#1237 = ORIENTED_EDGE('',*,*,#1238,.F.);
#1238 = EDGE_CURVE('',#1192,#200,#1239,.T.);
#1239 = SURFACE_CURVE('',#1240,(#1244,#1251),.PCURVE_S1.);
#1240 = LINE('',#1241,#1242);
#1241 = CARTESIAN_POINT('',(26.,1.550257,-59.08094));
#1242 = VECTOR('',#1243,1.);
#1243 = DIRECTION('',(1.7E-16,1.7E-16,1.));
#1244 = PCURVE('',#215,#1245);
#1245 = DEFINITIONAL_REPRESENTATION('',(#1246),#1250);
#1246 = LINE('',#1247,#1248);
#1247 = CARTESIAN_POINT('',(0.,0.));
#1248 = VECTOR('',#1249,1.);
#1249 = DIRECTION('',(1.,6.E-17));
#1250 = ( GEOMETRIC_REPRESENTATION_CONTEXT(2) 
PARAMETRIC_REPRESENTATION_CONTEXT() REPRESENTATION_CONTEXT('2D SPACE',''
  ) );
#1251 = PCURVE('',#243,#1252);
#1252 = DEFINITIONAL_REPRESENTATION('',(#1253),#1257);
#1253 = LINE('',#1254,#1255);
#1254 = CARTESIAN_POINT('',(-6.1,-12.8));
#1255 = VECTOR('',#1256,1.);
#1256 = DIRECTION('',(1.,5.E-17));
#1257 = ( GEOMETRIC_REPRESENTATION_CONTEXT(2) 
PARAMETRIC_REPRESENTATION_CONTEXT() REPRESENTATION_CONTEXT('2D SPACE',''
  ) );
#1258 = FACE_BOUND('',#1259,.F.);
#1259 = EDGE_LOOP('',(#1260));
#1260 = ORIENTED_EDGE('',*,*,#1261,.F.);
#1261 = EDGE_CURVE('',#1262,#1262,#1264,.T.);
#1262 = VERTEX_POINT('',#1263);
#1263 = CARTESIAN_POINT('',(23.2,1.550257,-52.08094));
#1264 = SURFACE_CURVE('',#1265,(#1270,#1277),.PCURVE_S1.);
#1265 = CIRCLE('',#1266,0.9);
#1266 = AXIS2_PLACEMENT_3D('',#1267,#1268,#1269);
#1267 = CARTESIAN_POINT('',(23.2,1.550257,-52.98094));
#1268 = DIRECTION('',(0.,1.,-6.E-17));
#1269 = DIRECTION('',(0.,6.E-17,1.));
#1270 = PCURVE('',#215,#1271);
#1271 = DEFINITIONAL_REPRESENTATION('',(#1272),#1276);
#1272 = CIRCLE('',#1273,0.9);
#1273 = AXIS2_PLACEMENT_2D('',#1274,#1275);
#1274 = CARTESIAN_POINT('',(6.1,-2.8));
#1275 = DIRECTION('',(1.,-1.1E-16));
#1276 = ( GEOMETRIC_REPRESENTATION_CONTEXT(2) 
PARAMETRIC_REPRESENTATION_CONTEXT() REPRESENTATION_CONTEXT('2D SPACE',''
  ) );
#1277 = PCURVE('',#929,#1278);
#1278 = DEFINITIONAL_REPRESENTATION('',(#1279),#1283);
#1279 = LINE('',#1280,#1281);
#1280 = CARTESIAN_POINT('',(0.,-2.8));
#1281 = VECTOR('',#1282,1.);
#1282 = DIRECTION('',(1.,0.));
#1283 = ( GEOMETRIC_REPRESENTATION_CONTEXT(2) 
PARAMETRIC_REPRESENTATION_CONTEXT() REPRESENTATION_CONTEXT('2D SPACE',''
  ) );
#1284 = ADVANCED_FACE('',(#1285,#1355),#271,.F.);
#1285 = FACE_BOUND('',#1286,.F.);
#1286 = EDGE_LOOP('',(#1287,#1288,#1311,#1334));
#1287 = ORIENTED_EDGE('',*,*,#255,.T.);
#1288 = ORIENTED_EDGE('',*,*,#1289,.T.);
#1289 = EDGE_CURVE('',#256,#1290,#1292,.T.);
#1290 = VERTEX_POINT('',#1291);
#1291 = CARTESIAN_POINT('',(21.2,-24.049743,-59.08094));
#1292 = SURFACE_CURVE('',#1293,(#1297,#1304),.PCURVE_S1.);
#1293 = LINE('',#1294,#1295);
#1294 = CARTESIAN_POINT('',(21.2,-24.049743,-46.88094));
#1295 = VECTOR('',#1296,1.);
#1296 = DIRECTION('',(-1.7E-16,-1.7E-16,-1.));
#1297 = PCURVE('',#271,#1298);
#1298 = DEFINITIONAL_REPRESENTATION('',(#1299),#1303);
#1299 = LINE('',#1300,#1301);
#1300 = CARTESIAN_POINT('',(7.633427357601E-15,-4.8));
#1301 = VECTOR('',#1302,1.);
#1302 = DIRECTION('',(1.,-6.E-17));
#1303 = ( GEOMETRIC_REPRESENTATION_CONTEXT(2) 
PARAMETRIC_REPRESENTATION_CONTEXT() REPRESENTATION_CONTEXT('2D SPACE',''
  ) );
#1304 = PCURVE('',#1150,#1305);
#1305 = DEFINITIONAL_REPRESENTATION('',(#1306),#1310);
#1306 = LINE('',#1307,#1308);
#1307 = CARTESIAN_POINT('',(1.7E-16,0.707106781187));
#1308 = VECTOR('',#1309,1.);
#1309 = DIRECTION('',(-1.,0.));
#1310 = ( GEOMETRIC_REPRESENTATION_CONTEXT(2) 
PARAMETRIC_REPRESENTATION_CONTEXT() REPRESENTATION_CONTEXT('2D SPACE',''
  ) );
#1311 = ORIENTED_EDGE('',*,*,#1312,.F.);
#1312 = EDGE_CURVE('',#1313,#1290,#1315,.T.);
#1313 = VERTEX_POINT('',#1314);
#1314 = CARTESIAN_POINT('',(26.,-24.049743,-59.08094));
#1315 = SURFACE_CURVE('',#1316,(#1320,#1327),.PCURVE_S1.);
#1316 = LINE('',#1317,#1318);
#1317 = CARTESIAN_POINT('',(26.,-24.049743,-59.08094));
#1318 = VECTOR('',#1319,1.);
#1319 = DIRECTION('',(-1.,-1.1E-16,-1.7E-16));
#1320 = PCURVE('',#271,#1321);
#1321 = DEFINITIONAL_REPRESENTATION('',(#1322),#1326);
#1322 = LINE('',#1323,#1324);
#1323 = CARTESIAN_POINT('',(12.2,1.342E-15));
#1324 = VECTOR('',#1325,1.);
#1325 = DIRECTION('',(2.8E-16,-1.));
#1326 = ( GEOMETRIC_REPRESENTATION_CONTEXT(2) 
PARAMETRIC_REPRESENTATION_CONTEXT() REPRESENTATION_CONTEXT('2D SPACE',''
  ) );
#1327 = PCURVE('',#599,#1328);
#1328 = DEFINITIONAL_REPRESENTATION('',(#1329),#1333);
#1329 = LINE('',#1330,#1331);
#1330 = CARTESIAN_POINT('',(11.924725274725,-12.8));
#1331 = VECTOR('',#1332,1.);
#1332 = DIRECTION('',(1.,2.487785493223E-32));
#1333 = ( GEOMETRIC_REPRESENTATION_CONTEXT(2) 
PARAMETRIC_REPRESENTATION_CONTEXT() REPRESENTATION_CONTEXT('2D SPACE',''
  ) );
#1334 = ORIENTED_EDGE('',*,*,#1335,.F.);
#1335 = EDGE_CURVE('',#228,#1313,#1336,.T.);
#1336 = SURFACE_CURVE('',#1337,(#1341,#1348),.PCURVE_S1.);
#1337 = LINE('',#1338,#1339);
#1338 = CARTESIAN_POINT('',(26.,-24.049743,-46.88094));
#1339 = VECTOR('',#1340,1.);
#1340 = DIRECTION('',(-1.7E-16,-1.7E-16,-1.));
#1341 = PCURVE('',#271,#1342);
#1342 = DEFINITIONAL_REPRESENTATION('',(#1343),#1347);
#1343 = LINE('',#1344,#1345);
#1344 = CARTESIAN_POINT('',(1.7763568394E-15,1.95399252334E-31));
#1345 = VECTOR('',#1346,1.);
#1346 = DIRECTION('',(1.,-6.E-17));
#1347 = ( GEOMETRIC_REPRESENTATION_CONTEXT(2) 
PARAMETRIC_REPRESENTATION_CONTEXT() REPRESENTATION_CONTEXT('2D SPACE',''
  ) );
#1348 = PCURVE('',#243,#1349);
#1349 = DEFINITIONAL_REPRESENTATION('',(#1350),#1354);
#1350 = LINE('',#1351,#1352);
#1351 = CARTESIAN_POINT('',(6.1,12.8));
#1352 = VECTOR('',#1353,1.);
#1353 = DIRECTION('',(-1.,-5.E-17));
#1354 = ( GEOMETRIC_REPRESENTATION_CONTEXT(2) 
PARAMETRIC_REPRESENTATION_CONTEXT() REPRESENTATION_CONTEXT('2D SPACE',''
  ) );
#1355 = FACE_BOUND('',#1356,.F.);
#1356 = EDGE_LOOP('',(#1357));
#1357 = ORIENTED_EDGE('',*,*,#1358,.F.);
#1358 = EDGE_CURVE('',#1359,#1359,#1361,.T.);
#1359 = VERTEX_POINT('',#1360);
#1360 = CARTESIAN_POINT('',(23.2,-24.049743,-53.88094));
#1361 = SURFACE_CURVE('',#1362,(#1367,#1374),.PCURVE_S1.);
#1362 = CIRCLE('',#1363,0.9);
#1363 = AXIS2_PLACEMENT_3D('',#1364,#1365,#1366);
#1364 = CARTESIAN_POINT('',(23.2,-24.049743,-52.98094));
#1365 = DIRECTION('',(6.E-17,-1.,1.1E-16));
#1366 = DIRECTION('',(-6.E-17,-1.1E-16,-1.));
#1367 = PCURVE('',#271,#1368);
#1368 = DEFINITIONAL_REPRESENTATION('',(#1369),#1373);
#1369 = CIRCLE('',#1370,0.9);
#1370 = AXIS2_PLACEMENT_2D('',#1371,#1372);
#1371 = CARTESIAN_POINT('',(6.1,-2.8));
#1372 = DIRECTION('',(1.,5.E-17));
#1373 = ( GEOMETRIC_REPRESENTATION_CONTEXT(2) 
PARAMETRIC_REPRESENTATION_CONTEXT() REPRESENTATION_CONTEXT('2D SPACE',''
  ) );
#1374 = PCURVE('',#1014,#1375);
#1375 = DEFINITIONAL_REPRESENTATION('',(#1376),#1380);
#1376 = LINE('',#1377,#1378);
#1377 = CARTESIAN_POINT('',(0.,-2.8));
#1378 = VECTOR('',#1379,1.);
#1379 = DIRECTION('',(1.,0.));
#1380 = ( GEOMETRIC_REPRESENTATION_CONTEXT(2) 
PARAMETRIC_REPRESENTATION_CONTEXT() REPRESENTATION_CONTEXT('2D SPACE',''
  ) );
#1381 = ADVANCED_FACE('',(#1382),#243,.F.);
#1382 = FACE_BOUND('',#1383,.F.);
#1383 = EDGE_LOOP('',(#1384,#1385,#1386,#1407));
#1384 = ORIENTED_EDGE('',*,*,#227,.T.);
#1385 = ORIENTED_EDGE('',*,*,#1335,.T.);
#1386 = ORIENTED_EDGE('',*,*,#1387,.T.);
#1387 = EDGE_CURVE('',#1313,#1192,#1388,.T.);
#1388 = SURFACE_CURVE('',#1389,(#1393,#1400),.PCURVE_S1.);
#1389 = LINE('',#1390,#1391);
#1390 = CARTESIAN_POINT('',(26.,-26.849743,-59.08094));
#1391 = VECTOR('',#1392,1.);
#1392 = DIRECTION('',(2.2E-16,1.,2.2E-16));
#1393 = PCURVE('',#243,#1394);
#1394 = DEFINITIONAL_REPRESENTATION('',(#1395),#1399);
#1395 = LINE('',#1396,#1397);
#1396 = CARTESIAN_POINT('',(-6.1,15.6));
#1397 = VECTOR('',#1398,1.);
#1398 = DIRECTION('',(4.4E-16,-1.));
#1399 = ( GEOMETRIC_REPRESENTATION_CONTEXT(2) 
PARAMETRIC_REPRESENTATION_CONTEXT() REPRESENTATION_CONTEXT('2D SPACE',''
  ) );
#1400 = PCURVE('',#599,#1401);
#1401 = DEFINITIONAL_REPRESENTATION('',(#1402),#1406);
#1402 = LINE('',#1403,#1404);
#1403 = CARTESIAN_POINT('',(11.924725274725,-15.6));
#1404 = VECTOR('',#1405,1.);
#1405 = DIRECTION('',(-3.3E-16,1.));
#1406 = ( GEOMETRIC_REPRESENTATION_CONTEXT(2) 
PARAMETRIC_REPRESENTATION_CONTEXT() REPRESENTATION_CONTEXT('2D SPACE',''
  ) );
#1407 = ORIENTED_EDGE('',*,*,#1238,.T.);
#1408 = ADVANCED_FACE('',(#1409),#423,.F.);
#1409 = FACE_BOUND('',#1410,.F.);
#1410 = EDGE_LOOP('',(#1411,#1434,#1463,#1487,#1511,#1532,#1533,#1534));
#1411 = ORIENTED_EDGE('',*,*,#1412,.T.);
#1412 = EDGE_CURVE('',#464,#1413,#1415,.T.);
#1413 = VERTEX_POINT('',#1414);
#1414 = CARTESIAN_POINT('',(48.340927796563,-13.9,-48.28));
#1415 = SURFACE_CURVE('',#1416,(#1420,#1427),.PCURVE_S1.);
#1416 = LINE('',#1417,#1418);
#1417 = CARTESIAN_POINT('',(48.340927796563,-13.9,-46.88));
#1418 = VECTOR('',#1419,1.);
#1419 = DIRECTION('',(0.,-2.22044604925E-16,-1.));
#1420 = PCURVE('',#423,#1421);
#1421 = DEFINITIONAL_REPRESENTATION('',(#1422),#1426);
#1422 = LINE('',#1423,#1424);
#1423 = CARTESIAN_POINT('',(3.836495456088,0.));
#1424 = VECTOR('',#1425,1.);
#1425 = DIRECTION('',(0.,1.));
#1426 = ( GEOMETRIC_REPRESENTATION_CONTEXT(2) 
PARAMETRIC_REPRESENTATION_CONTEXT() REPRESENTATION_CONTEXT('2D SPACE',''
  ) );
#1427 = PCURVE('',#507,#1428);
#1428 = DEFINITIONAL_REPRESENTATION('',(#1429),#1433);
#1429 = LINE('',#1430,#1431);
#1430 = CARTESIAN_POINT('',(-11.96787663219,0.));
#1431 = VECTOR('',#1432,1.);
#1432 = DIRECTION('',(0.,1.));
#1433 = ( GEOMETRIC_REPRESENTATION_CONTEXT(2) 
PARAMETRIC_REPRESENTATION_CONTEXT() REPRESENTATION_CONTEXT('2D SPACE',''
  ) );
#1434 = ORIENTED_EDGE('',*,*,#1435,.F.);
#1435 = EDGE_CURVE('',#1436,#1413,#1438,.T.);
#1436 = VERTEX_POINT('',#1437);
#1437 = CARTESIAN_POINT('',(50.55,-14.7,-48.28));
#1438 = SURFACE_CURVE('',#1439,(#1444,#1451),.PCURVE_S1.);
#1439 = CIRCLE('',#1440,3.45);
#1440 = AXIS2_PLACEMENT_3D('',#1441,#1442,#1443);
#1441 = CARTESIAN_POINT('',(50.55,-11.25,-48.28));
#1442 = DIRECTION('',(0.,-2.22044604925E-16,-1.));
#1443 = DIRECTION('',(0.,1.,-2.22044604925E-16));
#1444 = PCURVE('',#423,#1445);
#1445 = DEFINITIONAL_REPRESENTATION('',(#1446),#1450);
#1446 = LINE('',#1447,#1448);
#1447 = CARTESIAN_POINT('',(0.,1.4));
#1448 = VECTOR('',#1449,1.);
#1449 = DIRECTION('',(1.,0.));
#1450 = ( GEOMETRIC_REPRESENTATION_CONTEXT(2) 
PARAMETRIC_REPRESENTATION_CONTEXT() REPRESENTATION_CONTEXT('2D SPACE',''
  ) );
#1451 = PCURVE('',#1452,#1457);
#1452 = PLANE('',#1453);
#1453 = AXIS2_PLACEMENT_3D('',#1454,#1455,#1456);
#1454 = CARTESIAN_POINT('',(50.55,-11.25,-48.28));
#1455 = DIRECTION('',(0.,-2.22044604925E-16,-1.));
#1456 = DIRECTION('',(0.,1.,-2.22044604925E-16));
#1457 = DEFINITIONAL_REPRESENTATION('',(#1458),#1462);
#1458 = CIRCLE('',#1459,3.45);
#1459 = AXIS2_PLACEMENT_2D('',#1460,#1461);
#1460 = CARTESIAN_POINT('',(0.,0.));
#1461 = DIRECTION('',(1.,0.));
#1462 = ( GEOMETRIC_REPRESENTATION_CONTEXT(2) 
PARAMETRIC_REPRESENTATION_CONTEXT() REPRESENTATION_CONTEXT('2D SPACE',''
  ) );
#1463 = ORIENTED_EDGE('',*,*,#1464,.F.);
#1464 = EDGE_CURVE('',#1465,#1436,#1467,.T.);
#1465 = VERTEX_POINT('',#1466);
#1466 = CARTESIAN_POINT('',(50.55,-7.8,-48.28));
#1467 = SURFACE_CURVE('',#1468,(#1473,#1480),.PCURVE_S1.);
#1468 = CIRCLE('',#1469,3.45);
#1469 = AXIS2_PLACEMENT_3D('',#1470,#1471,#1472);
#1470 = CARTESIAN_POINT('',(50.55,-11.25,-48.28));
#1471 = DIRECTION('',(0.,-2.22044604925E-16,-1.));
#1472 = DIRECTION('',(0.,1.,-2.22044604925E-16));
#1473 = PCURVE('',#423,#1474);
#1474 = DEFINITIONAL_REPRESENTATION('',(#1475),#1479);
#1475 = LINE('',#1476,#1477);
#1476 = CARTESIAN_POINT('',(0.,1.4));
#1477 = VECTOR('',#1478,1.);
#1478 = DIRECTION('',(1.,0.));
#1479 = ( GEOMETRIC_REPRESENTATION_CONTEXT(2) 
PARAMETRIC_REPRESENTATION_CONTEXT() REPRESENTATION_CONTEXT('2D SPACE',''
  ) );
#1480 = PCURVE('',#1452,#1481);
#1481 = DEFINITIONAL_REPRESENTATION('',(#1482),#1486);
#1482 = CIRCLE('',#1483,3.45);
#1483 = AXIS2_PLACEMENT_2D('',#1484,#1485);
#1484 = CARTESIAN_POINT('',(0.,0.));
#1485 = DIRECTION('',(1.,0.));
#1486 = ( GEOMETRIC_REPRESENTATION_CONTEXT(2) 
PARAMETRIC_REPRESENTATION_CONTEXT() REPRESENTATION_CONTEXT('2D SPACE',''
  ) );
#1487 = ORIENTED_EDGE('',*,*,#1488,.F.);
#1488 = EDGE_CURVE('',#1489,#1465,#1491,.T.);
#1489 = VERTEX_POINT('',#1490);
#1490 = CARTESIAN_POINT('',(48.340927796563,-8.6,-48.28));
#1491 = SURFACE_CURVE('',#1492,(#1497,#1504),.PCURVE_S1.);
#1492 = CIRCLE('',#1493,3.45);
#1493 = AXIS2_PLACEMENT_3D('',#1494,#1495,#1496);
#1494 = CARTESIAN_POINT('',(50.55,-11.25,-48.28));
#1495 = DIRECTION('',(0.,-2.22044604925E-16,-1.));
#1496 = DIRECTION('',(0.,1.,-2.22044604925E-16));
#1497 = PCURVE('',#423,#1498);
#1498 = DEFINITIONAL_REPRESENTATION('',(#1499),#1503);
#1499 = LINE('',#1500,#1501);
#1500 = CARTESIAN_POINT('',(-6.28318530718,1.4));
#1501 = VECTOR('',#1502,1.);
#1502 = DIRECTION('',(1.,0.));
#1503 = ( GEOMETRIC_REPRESENTATION_CONTEXT(2) 
PARAMETRIC_REPRESENTATION_CONTEXT() REPRESENTATION_CONTEXT('2D SPACE',''
  ) );
#1504 = PCURVE('',#1452,#1505);
#1505 = DEFINITIONAL_REPRESENTATION('',(#1506),#1510);
#1506 = CIRCLE('',#1507,3.45);
#1507 = AXIS2_PLACEMENT_2D('',#1508,#1509);
#1508 = CARTESIAN_POINT('',(0.,0.));
#1509 = DIRECTION('',(1.,0.));
#1510 = ( GEOMETRIC_REPRESENTATION_CONTEXT(2) 
PARAMETRIC_REPRESENTATION_CONTEXT() REPRESENTATION_CONTEXT('2D SPACE',''
  ) );
#1511 = ORIENTED_EDGE('',*,*,#1512,.F.);
#1512 = EDGE_CURVE('',#401,#1489,#1513,.T.);
#1513 = SURFACE_CURVE('',#1514,(#1518,#1525),.PCURVE_S1.);
#1514 = LINE('',#1515,#1516);
#1515 = CARTESIAN_POINT('',(48.340927796563,-8.6,-46.88));
#1516 = VECTOR('',#1517,1.);
#1517 = DIRECTION('',(0.,-2.22044604925E-16,-1.));
#1518 = PCURVE('',#423,#1519);
#1519 = DEFINITIONAL_REPRESENTATION('',(#1520),#1524);
#1520 = LINE('',#1521,#1522);
#1521 = CARTESIAN_POINT('',(-0.694902802498,0.));
#1522 = VECTOR('',#1523,1.);
#1523 = DIRECTION('',(0.,1.));
#1524 = ( GEOMETRIC_REPRESENTATION_CONTEXT(2) 
PARAMETRIC_REPRESENTATION_CONTEXT() REPRESENTATION_CONTEXT('2D SPACE',''
  ) );
#1525 = PCURVE('',#566,#1526);
#1526 = DEFINITIONAL_REPRESENTATION('',(#1527),#1531);
#1527 = LINE('',#1528,#1529);
#1528 = CARTESIAN_POINT('',(0.,0.));
#1529 = VECTOR('',#1530,1.);
#1530 = DIRECTION('',(0.,1.));
#1531 = ( GEOMETRIC_REPRESENTATION_CONTEXT(2) 
PARAMETRIC_REPRESENTATION_CONTEXT() REPRESENTATION_CONTEXT('2D SPACE',''
  ) );
#1532 = ORIENTED_EDGE('',*,*,#400,.T.);
#1533 = ORIENTED_EDGE('',*,*,#435,.T.);
#1534 = ORIENTED_EDGE('',*,*,#463,.T.);
#1535 = ADVANCED_FACE('',(#1536),#566,.F.);
#1536 = FACE_BOUND('',#1537,.F.);
#1537 = EDGE_LOOP('',(#1538,#1561,#1582,#1583));
#1538 = ORIENTED_EDGE('',*,*,#1539,.F.);
#1539 = EDGE_CURVE('',#1540,#1489,#1542,.T.);
#1540 = VERTEX_POINT('',#1541);
#1541 = CARTESIAN_POINT('',(36.390878032958,-9.252979119711,-48.28));
#1542 = SURFACE_CURVE('',#1543,(#1547,#1554),.PCURVE_S1.);
#1543 = LINE('',#1544,#1545);
#1544 = CARTESIAN_POINT('',(48.340927796563,-8.6,-48.28));
#1545 = VECTOR('',#1546,1.);
#1546 = DIRECTION('',(0.998510440144,5.456098352107E-02,
    -1.211497203026E-17));
#1547 = PCURVE('',#566,#1548);
#1548 = DEFINITIONAL_REPRESENTATION('',(#1549),#1553);
#1549 = LINE('',#1550,#1551);
#1550 = CARTESIAN_POINT('',(0.,1.4));
#1551 = VECTOR('',#1552,1.);
#1552 = DIRECTION('',(1.,0.));
#1553 = ( GEOMETRIC_REPRESENTATION_CONTEXT(2) 
PARAMETRIC_REPRESENTATION_CONTEXT() REPRESENTATION_CONTEXT('2D SPACE',''
  ) );
#1554 = PCURVE('',#1452,#1555);
#1555 = DEFINITIONAL_REPRESENTATION('',(#1556),#1560);
#1556 = LINE('',#1557,#1558);
#1557 = CARTESIAN_POINT('',(2.65,-2.209072203437));
#1558 = VECTOR('',#1559,1.);
#1559 = DIRECTION('',(5.456098352107E-02,0.998510440144));
#1560 = ( GEOMETRIC_REPRESENTATION_CONTEXT(2) 
PARAMETRIC_REPRESENTATION_CONTEXT() REPRESENTATION_CONTEXT('2D SPACE',''
  ) );
#1561 = ORIENTED_EDGE('',*,*,#1562,.F.);
#1562 = EDGE_CURVE('',#520,#1540,#1563,.T.);
#1563 = SURFACE_CURVE('',#1564,(#1568,#1575),.PCURVE_S1.);
#1564 = LINE('',#1565,#1566);
#1565 = CARTESIAN_POINT('',(36.390878032958,-9.252979119711,-46.88));
#1566 = VECTOR('',#1567,1.);
#1567 = DIRECTION('',(0.,-2.22044604925E-16,-1.));
#1568 = PCURVE('',#566,#1569);
#1569 = DEFINITIONAL_REPRESENTATION('',(#1570),#1574);
#1570 = LINE('',#1571,#1572);
#1571 = CARTESIAN_POINT('',(-11.96787663219,0.));
#1572 = VECTOR('',#1573,1.);
#1573 = DIRECTION('',(0.,1.));
#1574 = ( GEOMETRIC_REPRESENTATION_CONTEXT(2) 
PARAMETRIC_REPRESENTATION_CONTEXT() REPRESENTATION_CONTEXT('2D SPACE',''
  ) );
#1575 = PCURVE('',#540,#1576);
#1576 = DEFINITIONAL_REPRESENTATION('',(#1577),#1581);
#1577 = LINE('',#1578,#1579);
#1578 = CARTESIAN_POINT('',(6.22859721689,0.));
#1579 = VECTOR('',#1580,1.);
#1580 = DIRECTION('',(0.,1.));
#1581 = ( GEOMETRIC_REPRESENTATION_CONTEXT(2) 
PARAMETRIC_REPRESENTATION_CONTEXT() REPRESENTATION_CONTEXT('2D SPACE',''
  ) );
#1582 = ORIENTED_EDGE('',*,*,#552,.F.);
#1583 = ORIENTED_EDGE('',*,*,#1512,.T.);
#1584 = ADVANCED_FACE('',(#1585),#540,.F.);
#1585 = FACE_BOUND('',#1586,.F.);
#1586 = EDGE_LOOP('',(#1587,#1611,#1632,#1633));
#1587 = ORIENTED_EDGE('',*,*,#1588,.F.);
#1588 = EDGE_CURVE('',#1589,#1540,#1591,.T.);
#1589 = VERTEX_POINT('',#1590);
#1590 = CARTESIAN_POINT('',(36.390878032958,-13.24702088028,-48.28));
#1591 = SURFACE_CURVE('',#1592,(#1597,#1604),.PCURVE_S1.);
#1592 = CIRCLE('',#1593,2.);
#1593 = AXIS2_PLACEMENT_3D('',#1594,#1595,#1596);
#1594 = CARTESIAN_POINT('',(36.5,-11.25,-48.28));
#1595 = DIRECTION('',(0.,-2.22044604925E-16,-1.));
#1596 = DIRECTION('',(0.,1.,-2.22044604925E-16));
#1597 = PCURVE('',#540,#1598);
#1598 = DEFINITIONAL_REPRESENTATION('',(#1599),#1603);
#1599 = LINE('',#1600,#1601);
#1600 = CARTESIAN_POINT('',(0.,1.4));
#1601 = VECTOR('',#1602,1.);
#1602 = DIRECTION('',(1.,0.));
#1603 = ( GEOMETRIC_REPRESENTATION_CONTEXT(2) 
PARAMETRIC_REPRESENTATION_CONTEXT() REPRESENTATION_CONTEXT('2D SPACE',''
  ) );
#1604 = PCURVE('',#1452,#1605);
#1605 = DEFINITIONAL_REPRESENTATION('',(#1606),#1610);
#1606 = CIRCLE('',#1607,2.);
#1607 = AXIS2_PLACEMENT_2D('',#1608,#1609);
#1608 = CARTESIAN_POINT('',(0.,-14.05));
#1609 = DIRECTION('',(1.,0.));
#1610 = ( GEOMETRIC_REPRESENTATION_CONTEXT(2) 
PARAMETRIC_REPRESENTATION_CONTEXT() REPRESENTATION_CONTEXT('2D SPACE',''
  ) );
#1611 = ORIENTED_EDGE('',*,*,#1612,.F.);
#1612 = EDGE_CURVE('',#492,#1589,#1613,.T.);
#1613 = SURFACE_CURVE('',#1614,(#1618,#1625),.PCURVE_S1.);
#1614 = LINE('',#1615,#1616);
#1615 = CARTESIAN_POINT('',(36.390878032958,-13.24702088028,-46.88));
#1616 = VECTOR('',#1617,1.);
#1617 = DIRECTION('',(0.,-2.22044604925E-16,-1.));
#1618 = PCURVE('',#540,#1619);
#1619 = DEFINITIONAL_REPRESENTATION('',(#1620),#1624);
#1620 = LINE('',#1621,#1622);
#1621 = CARTESIAN_POINT('',(3.196180743879,0.));
#1622 = VECTOR('',#1623,1.);
#1623 = DIRECTION('',(0.,1.));
#1624 = ( GEOMETRIC_REPRESENTATION_CONTEXT(2) 
PARAMETRIC_REPRESENTATION_CONTEXT() REPRESENTATION_CONTEXT('2D SPACE',''
  ) );
#1625 = PCURVE('',#507,#1626);
#1626 = DEFINITIONAL_REPRESENTATION('',(#1627),#1631);
#1627 = LINE('',#1628,#1629);
#1628 = CARTESIAN_POINT('',(0.,0.));
#1629 = VECTOR('',#1630,1.);
#1630 = DIRECTION('',(0.,1.));
#1631 = ( GEOMETRIC_REPRESENTATION_CONTEXT(2) 
PARAMETRIC_REPRESENTATION_CONTEXT() REPRESENTATION_CONTEXT('2D SPACE',''
  ) );
#1632 = ORIENTED_EDGE('',*,*,#519,.T.);
#1633 = ORIENTED_EDGE('',*,*,#1562,.T.);
#1634 = ADVANCED_FACE('',(#1635),#507,.F.);
#1635 = FACE_BOUND('',#1636,.F.);
#1636 = EDGE_LOOP('',(#1637,#1658,#1659,#1660));
#1637 = ORIENTED_EDGE('',*,*,#1638,.F.);
#1638 = EDGE_CURVE('',#1413,#1589,#1639,.T.);
#1639 = SURFACE_CURVE('',#1640,(#1644,#1651),.PCURVE_S1.);
#1640 = LINE('',#1641,#1642);
#1641 = CARTESIAN_POINT('',(36.390878032958,-13.24702088028,-48.28));
#1642 = VECTOR('',#1643,1.);
#1643 = DIRECTION('',(-0.998510440144,5.456098352107E-02,
    -1.211497203026E-17));
#1644 = PCURVE('',#507,#1645);
#1645 = DEFINITIONAL_REPRESENTATION('',(#1646),#1650);
#1646 = LINE('',#1647,#1648);
#1647 = CARTESIAN_POINT('',(0.,1.4));
#1648 = VECTOR('',#1649,1.);
#1649 = DIRECTION('',(1.,0.));
#1650 = ( GEOMETRIC_REPRESENTATION_CONTEXT(2) 
PARAMETRIC_REPRESENTATION_CONTEXT() REPRESENTATION_CONTEXT('2D SPACE',''
  ) );
#1651 = PCURVE('',#1452,#1652);
#1652 = DEFINITIONAL_REPRESENTATION('',(#1653),#1657);
#1653 = LINE('',#1654,#1655);
#1654 = CARTESIAN_POINT('',(-1.997020880289,-14.15912196704));
#1655 = VECTOR('',#1656,1.);
#1656 = DIRECTION('',(5.456098352107E-02,-0.998510440144));
#1657 = ( GEOMETRIC_REPRESENTATION_CONTEXT(2) 
PARAMETRIC_REPRESENTATION_CONTEXT() REPRESENTATION_CONTEXT('2D SPACE',''
  ) );
#1658 = ORIENTED_EDGE('',*,*,#1412,.F.);
#1659 = ORIENTED_EDGE('',*,*,#491,.F.);
#1660 = ORIENTED_EDGE('',*,*,#1612,.T.);
#1661 = ADVANCED_FACE('',(#1662,#1726),#599,.T.);
#1662 = FACE_BOUND('',#1663,.T.);
#1663 = EDGE_LOOP('',(#1664,#1665,#1666,#1667,#1668,#1694,#1695,#1696,
    #1697,#1723,#1724,#1725));
#1664 = ORIENTED_EDGE('',*,*,#581,.F.);
#1665 = ORIENTED_EDGE('',*,*,#735,.T.);
#1666 = ORIENTED_EDGE('',*,*,#812,.T.);
#1667 = ORIENTED_EDGE('',*,*,#973,.T.);
#1668 = ORIENTED_EDGE('',*,*,#1669,.F.);
#1669 = EDGE_CURVE('',#1290,#946,#1670,.T.);
#1670 = SURFACE_CURVE('',#1671,(#1675,#1682),.PCURVE_S1.);
#1671 = LINE('',#1672,#1673);
#1672 = CARTESIAN_POINT('',(21.2,-24.049743,-59.08094));
#1673 = VECTOR('',#1674,1.);
#1674 = DIRECTION('',(-1.7E-16,-1.,-1.7E-16));
#1675 = PCURVE('',#599,#1676);
#1676 = DEFINITIONAL_REPRESENTATION('',(#1677),#1681);
#1677 = LINE('',#1678,#1679);
#1678 = CARTESIAN_POINT('',(16.724725274725,-12.8));
#1679 = VECTOR('',#1680,1.);
#1680 = DIRECTION('',(2.8E-16,-1.));
#1681 = ( GEOMETRIC_REPRESENTATION_CONTEXT(2) 
PARAMETRIC_REPRESENTATION_CONTEXT() REPRESENTATION_CONTEXT('2D SPACE',''
  ) );
#1682 = PCURVE('',#1683,#1688);
#1683 = PLANE('',#1684);
#1684 = AXIS2_PLACEMENT_3D('',#1685,#1686,#1687);
#1685 = CARTESIAN_POINT('',(20.7,-24.049743,-58.58094));
#1686 = DIRECTION('',(0.707106781187,2.663016943473E-16,0.707106781187)
  );
#1687 = DIRECTION('',(1.883037339144E-16,-1.,1.883037339144E-16));
#1688 = DEFINITIONAL_REPRESENTATION('',(#1689),#1693);
#1689 = LINE('',#1690,#1691);
#1690 = CARTESIAN_POINT('',(0.,0.707106781187));
#1691 = VECTOR('',#1692,1.);
#1692 = DIRECTION('',(1.,0.));
#1693 = ( GEOMETRIC_REPRESENTATION_CONTEXT(2) 
PARAMETRIC_REPRESENTATION_CONTEXT() REPRESENTATION_CONTEXT('2D SPACE',''
  ) );
#1694 = ORIENTED_EDGE('',*,*,#1312,.F.);
#1695 = ORIENTED_EDGE('',*,*,#1387,.T.);
#1696 = ORIENTED_EDGE('',*,*,#1191,.T.);
#1697 = ORIENTED_EDGE('',*,*,#1698,.F.);
#1698 = EDGE_CURVE('',#860,#1194,#1699,.T.);
#1699 = SURFACE_CURVE('',#1700,(#1704,#1711),.PCURVE_S1.);
#1700 = LINE('',#1701,#1702);
#1701 = CARTESIAN_POINT('',(21.2,4.350257,-59.08094));
#1702 = VECTOR('',#1703,1.);
#1703 = DIRECTION('',(-1.7E-16,-1.,-1.7E-16));
#1704 = PCURVE('',#599,#1705);
#1705 = DEFINITIONAL_REPRESENTATION('',(#1706),#1710);
#1706 = LINE('',#1707,#1708);
#1707 = CARTESIAN_POINT('',(16.724725274725,15.6));
#1708 = VECTOR('',#1709,1.);
#1709 = DIRECTION('',(2.8E-16,-1.));
#1710 = ( GEOMETRIC_REPRESENTATION_CONTEXT(2) 
PARAMETRIC_REPRESENTATION_CONTEXT() REPRESENTATION_CONTEXT('2D SPACE',''
  ) );
#1711 = PCURVE('',#1712,#1717);
#1712 = PLANE('',#1713);
#1713 = AXIS2_PLACEMENT_3D('',#1714,#1715,#1716);
#1714 = CARTESIAN_POINT('',(20.7,4.350257,-58.58094));
#1715 = DIRECTION('',(0.707106781187,2.663016943473E-16,0.707106781187)
  );
#1716 = DIRECTION('',(-1.883037339144E-16,1.,-1.883037339144E-16));
#1717 = DEFINITIONAL_REPRESENTATION('',(#1718),#1722);
#1718 = LINE('',#1719,#1720);
#1719 = CARTESIAN_POINT('',(-0.,-0.707106781187));
#1720 = VECTOR('',#1721,1.);
#1721 = DIRECTION('',(-1.,0.));
#1722 = ( GEOMETRIC_REPRESENTATION_CONTEXT(2) 
PARAMETRIC_REPRESENTATION_CONTEXT() REPRESENTATION_CONTEXT('2D SPACE',''
  ) );
#1723 = ORIENTED_EDGE('',*,*,#859,.F.);
#1724 = ORIENTED_EDGE('',*,*,#761,.F.);
#1725 = ORIENTED_EDGE('',*,*,#657,.F.);
#1726 = FACE_BOUND('',#1727,.T.);
#1727 = EDGE_LOOP('',(#1728));
#1728 = ORIENTED_EDGE('',*,*,#1729,.F.);
#1729 = EDGE_CURVE('',#1730,#1730,#1732,.T.);
#1730 = VERTEX_POINT('',#1731);
#1731 = CARTESIAN_POINT('',(53.55,-11.249743,-59.08094));
#1732 = SURFACE_CURVE('',#1733,(#1738,#1745),.PCURVE_S1.);
#1733 = CIRCLE('',#1734,3.);
#1734 = AXIS2_PLACEMENT_3D('',#1735,#1736,#1737);
#1735 = CARTESIAN_POINT('',(50.55,-11.249743,-59.08094));
#1736 = DIRECTION('',(0.,0.,-1.));
#1737 = DIRECTION('',(1.,0.,0.));
#1738 = PCURVE('',#599,#1739);
#1739 = DEFINITIONAL_REPRESENTATION('',(#1740),#1744);
#1740 = CIRCLE('',#1741,3.);
#1741 = AXIS2_PLACEMENT_2D('',#1742,#1743);
#1742 = CARTESIAN_POINT('',(-12.62527472527,7.493003977221E-15));
#1743 = DIRECTION('',(-1.,-1.1E-16));
#1744 = ( GEOMETRIC_REPRESENTATION_CONTEXT(2) 
PARAMETRIC_REPRESENTATION_CONTEXT() REPRESENTATION_CONTEXT('2D SPACE',''
  ) );
#1745 = PCURVE('',#1746,#1751);
#1746 = CYLINDRICAL_SURFACE('',#1747,3.);
#1747 = AXIS2_PLACEMENT_3D('',#1748,#1749,#1750);
#1748 = CARTESIAN_POINT('',(50.55,-11.249743,-59.08094));
#1749 = DIRECTION('',(0.,0.,-1.));
#1750 = DIRECTION('',(1.,0.,0.));
#1751 = DEFINITIONAL_REPRESENTATION('',(#1752),#1756);
#1752 = LINE('',#1753,#1754);
#1753 = CARTESIAN_POINT('',(0.,0.));
#1754 = VECTOR('',#1755,1.);
#1755 = DIRECTION('',(1.,0.));
#1756 = ( GEOMETRIC_REPRESENTATION_CONTEXT(2) 
PARAMETRIC_REPRESENTATION_CONTEXT() REPRESENTATION_CONTEXT('2D SPACE',''
  ) );
#1757 = ADVANCED_FACE('',(#1758),#896,.F.);
#1758 = FACE_BOUND('',#1759,.T.);
#1759 = EDGE_LOOP('',(#1760,#1761,#1762,#1785));
#1760 = ORIENTED_EDGE('',*,*,#1058,.F.);
#1761 = ORIENTED_EDGE('',*,*,#882,.T.);
#1762 = ORIENTED_EDGE('',*,*,#1763,.T.);
#1763 = EDGE_CURVE('',#860,#1764,#1766,.T.);
#1764 = VERTEX_POINT('',#1765);
#1765 = CARTESIAN_POINT('',(20.2,3.350257,-58.08094));
#1766 = SURFACE_CURVE('',#1767,(#1771,#1778),.PCURVE_S1.);
#1767 = LINE('',#1768,#1769);
#1768 = CARTESIAN_POINT('',(18.833333333333,1.983590333333,
    -56.71427333333));
#1769 = VECTOR('',#1770,1.);
#1770 = DIRECTION('',(-0.57735026919,-0.57735026919,0.57735026919));
#1771 = PCURVE('',#896,#1772);
#1772 = DEFINITIONAL_REPRESENTATION('',(#1773),#1777);
#1773 = LINE('',#1774,#1775);
#1774 = CARTESIAN_POINT('',(-9.833333333333,2.63986531643));
#1775 = VECTOR('',#1776,1.);
#1776 = DIRECTION('',(0.57735026919,0.816496580928));
#1777 = ( GEOMETRIC_REPRESENTATION_CONTEXT(2) 
PARAMETRIC_REPRESENTATION_CONTEXT() REPRESENTATION_CONTEXT('2D SPACE',''
  ) );
#1778 = PCURVE('',#1712,#1779);
#1779 = DEFINITIONAL_REPRESENTATION('',(#1780),#1784);
#1780 = LINE('',#1781,#1782);
#1781 = CARTESIAN_POINT('',(-2.366666666667,2.63986531643));
#1782 = VECTOR('',#1783,1.);
#1783 = DIRECTION('',(-0.57735026919,0.816496580928));
#1784 = ( GEOMETRIC_REPRESENTATION_CONTEXT(2) 
PARAMETRIC_REPRESENTATION_CONTEXT() REPRESENTATION_CONTEXT('2D SPACE',''
  ) );
#1785 = ORIENTED_EDGE('',*,*,#1786,.F.);
#1786 = EDGE_CURVE('',#1059,#1764,#1787,.T.);
#1787 = SURFACE_CURVE('',#1788,(#1792,#1799),.PCURVE_S1.);
#1788 = LINE('',#1789,#1790);
#1789 = CARTESIAN_POINT('',(20.2,3.350257,-46.88094));
#1790 = VECTOR('',#1791,1.);
#1791 = DIRECTION('',(-1.7E-16,-1.7E-16,-1.));
#1792 = PCURVE('',#896,#1793);
#1793 = DEFINITIONAL_REPRESENTATION('',(#1794),#1798);
#1794 = LINE('',#1795,#1796);
#1795 = CARTESIAN_POINT('',(-1.7E-16,0.707106781187));
#1796 = VECTOR('',#1797,1.);
#1797 = DIRECTION('',(-1.,-9.860761315263E-32));
#1798 = ( GEOMETRIC_REPRESENTATION_CONTEXT(2) 
PARAMETRIC_REPRESENTATION_CONTEXT() REPRESENTATION_CONTEXT('2D SPACE',''
  ) );
#1799 = PCURVE('',#1095,#1800);
#1800 = DEFINITIONAL_REPRESENTATION('',(#1801),#1805);
#1801 = LINE('',#1802,#1803);
#1802 = CARTESIAN_POINT('',(6.1,-14.6));
#1803 = VECTOR('',#1804,1.);
#1804 = DIRECTION('',(-1.,-4.930380657631E-32));
#1805 = ( GEOMETRIC_REPRESENTATION_CONTEXT(2) 
PARAMETRIC_REPRESENTATION_CONTEXT() REPRESENTATION_CONTEXT('2D SPACE',''
  ) );
#1806 = ADVANCED_FACE('',(#1807),#929,.F.);
#1807 = FACE_BOUND('',#1808,.F.);
#1808 = EDGE_LOOP('',(#1809,#1810,#1831,#1832));
#1809 = ORIENTED_EDGE('',*,*,#912,.F.);
#1810 = ORIENTED_EDGE('',*,*,#1811,.T.);
#1811 = EDGE_CURVE('',#913,#1262,#1812,.T.);
#1812 = SEAM_CURVE('',#1813,(#1817,#1824),.PCURVE_S1.);
#1813 = LINE('',#1814,#1815);
#1814 = CARTESIAN_POINT('',(23.2,4.350257,-52.08094));
#1815 = VECTOR('',#1816,1.);
#1816 = DIRECTION('',(-6.E-17,-1.,-0.));
#1817 = PCURVE('',#929,#1818);
#1818 = DEFINITIONAL_REPRESENTATION('',(#1819),#1823);
#1819 = LINE('',#1820,#1821);
#1820 = CARTESIAN_POINT('',(6.28318530718,0.));
#1821 = VECTOR('',#1822,1.);
#1822 = DIRECTION('',(0.,-1.));
#1823 = ( GEOMETRIC_REPRESENTATION_CONTEXT(2) 
PARAMETRIC_REPRESENTATION_CONTEXT() REPRESENTATION_CONTEXT('2D SPACE',''
  ) );
#1824 = PCURVE('',#929,#1825);
#1825 = DEFINITIONAL_REPRESENTATION('',(#1826),#1830);
#1826 = LINE('',#1827,#1828);
#1827 = CARTESIAN_POINT('',(0.,0.));
#1828 = VECTOR('',#1829,1.);
#1829 = DIRECTION('',(0.,-1.));
#1830 = ( GEOMETRIC_REPRESENTATION_CONTEXT(2) 
PARAMETRIC_REPRESENTATION_CONTEXT() REPRESENTATION_CONTEXT('2D SPACE',''
  ) );
#1831 = ORIENTED_EDGE('',*,*,#1261,.T.);
#1832 = ORIENTED_EDGE('',*,*,#1811,.F.);
#1833 = ADVANCED_FACE('',(#1834),#961,.F.);
#1834 = FACE_BOUND('',#1835,.T.);
#1835 = EDGE_LOOP('',(#1836,#1859,#1860,#1861));
#1836 = ORIENTED_EDGE('',*,*,#1837,.F.);
#1837 = EDGE_CURVE('',#946,#1838,#1840,.T.);
#1838 = VERTEX_POINT('',#1839);
#1839 = CARTESIAN_POINT('',(20.2,-25.849743,-58.08094));
#1840 = SURFACE_CURVE('',#1841,(#1845,#1852),.PCURVE_S1.);
#1841 = LINE('',#1842,#1843);
#1842 = CARTESIAN_POINT('',(20.4,-26.049743,-58.28094));
#1843 = VECTOR('',#1844,1.);
#1844 = DIRECTION('',(-0.57735026919,0.57735026919,0.57735026919));
#1845 = PCURVE('',#961,#1846);
#1846 = DEFINITIONAL_REPRESENTATION('',(#1847),#1851);
#1847 = LINE('',#1848,#1849);
#1848 = CARTESIAN_POINT('',(-0.8,0.424264068712));
#1849 = VECTOR('',#1850,1.);
#1850 = DIRECTION('',(-0.57735026919,0.816496580928));
#1851 = ( GEOMETRIC_REPRESENTATION_CONTEXT(2) 
PARAMETRIC_REPRESENTATION_CONTEXT() REPRESENTATION_CONTEXT('2D SPACE',''
  ) );
#1852 = PCURVE('',#1683,#1853);
#1853 = DEFINITIONAL_REPRESENTATION('',(#1854),#1858);
#1854 = LINE('',#1855,#1856);
#1855 = CARTESIAN_POINT('',(2.,-0.424264068712));
#1856 = VECTOR('',#1857,1.);
#1857 = DIRECTION('',(-0.57735026919,-0.816496580928));
#1858 = ( GEOMETRIC_REPRESENTATION_CONTEXT(2) 
PARAMETRIC_REPRESENTATION_CONTEXT() REPRESENTATION_CONTEXT('2D SPACE',''
  ) );
#1859 = ORIENTED_EDGE('',*,*,#945,.T.);
#1860 = ORIENTED_EDGE('',*,*,#1110,.T.);
#1861 = ORIENTED_EDGE('',*,*,#1862,.F.);
#1862 = EDGE_CURVE('',#1838,#1111,#1863,.T.);
#1863 = SURFACE_CURVE('',#1864,(#1868,#1875),.PCURVE_S1.);
#1864 = LINE('',#1865,#1866);
#1865 = CARTESIAN_POINT('',(20.2,-25.849743,-59.08094));
#1866 = VECTOR('',#1867,1.);
#1867 = DIRECTION('',(1.7E-16,1.7E-16,1.));
#1868 = PCURVE('',#961,#1869);
#1869 = DEFINITIONAL_REPRESENTATION('',(#1870),#1874);
#1870 = LINE('',#1871,#1872);
#1871 = CARTESIAN_POINT('',(-0.,0.707106781187));
#1872 = VECTOR('',#1873,1.);
#1873 = DIRECTION('',(-1.,0.));
#1874 = ( GEOMETRIC_REPRESENTATION_CONTEXT(2) 
PARAMETRIC_REPRESENTATION_CONTEXT() REPRESENTATION_CONTEXT('2D SPACE',''
  ) );
#1875 = PCURVE('',#1176,#1876);
#1876 = DEFINITIONAL_REPRESENTATION('',(#1877),#1881);
#1877 = LINE('',#1878,#1879);
#1878 = CARTESIAN_POINT('',(-6.1,14.6));
#1879 = VECTOR('',#1880,1.);
#1880 = DIRECTION('',(1.,4.930380657631E-32));
#1881 = ( GEOMETRIC_REPRESENTATION_CONTEXT(2) 
PARAMETRIC_REPRESENTATION_CONTEXT() REPRESENTATION_CONTEXT('2D SPACE',''
  ) );
#1882 = ADVANCED_FACE('',(#1883),#1014,.F.);
#1883 = FACE_BOUND('',#1884,.F.);
#1884 = EDGE_LOOP('',(#1885,#1886,#1907,#1908));
#1885 = ORIENTED_EDGE('',*,*,#997,.F.);
#1886 = ORIENTED_EDGE('',*,*,#1887,.T.);
#1887 = EDGE_CURVE('',#998,#1359,#1888,.T.);
#1888 = SEAM_CURVE('',#1889,(#1893,#1900),.PCURVE_S1.);
#1889 = LINE('',#1890,#1891);
#1890 = CARTESIAN_POINT('',(23.2,-26.849743,-53.88094));
#1891 = VECTOR('',#1892,1.);
#1892 = DIRECTION('',(1.1E-16,1.,6.E-17));
#1893 = PCURVE('',#1014,#1894);
#1894 = DEFINITIONAL_REPRESENTATION('',(#1895),#1899);
#1895 = LINE('',#1896,#1897);
#1896 = CARTESIAN_POINT('',(6.28318530718,0.));
#1897 = VECTOR('',#1898,1.);
#1898 = DIRECTION('',(0.,-1.));
#1899 = ( GEOMETRIC_REPRESENTATION_CONTEXT(2) 
PARAMETRIC_REPRESENTATION_CONTEXT() REPRESENTATION_CONTEXT('2D SPACE',''
  ) );
#1900 = PCURVE('',#1014,#1901);
#1901 = DEFINITIONAL_REPRESENTATION('',(#1902),#1906);
#1902 = LINE('',#1903,#1904);
#1903 = CARTESIAN_POINT('',(0.,0.));
#1904 = VECTOR('',#1905,1.);
#1905 = DIRECTION('',(0.,-1.));
#1906 = ( GEOMETRIC_REPRESENTATION_CONTEXT(2) 
PARAMETRIC_REPRESENTATION_CONTEXT() REPRESENTATION_CONTEXT('2D SPACE',''
  ) );
#1907 = ORIENTED_EDGE('',*,*,#1358,.T.);
#1908 = ORIENTED_EDGE('',*,*,#1887,.F.);
#1909 = ADVANCED_FACE('',(#1910),#1045,.T.);
#1910 = FACE_BOUND('',#1911,.F.);
#1911 = EDGE_LOOP('',(#1912,#1935,#1956,#1957));
#1912 = ORIENTED_EDGE('',*,*,#1913,.T.);
#1913 = EDGE_CURVE('',#1194,#1914,#1916,.T.);
#1914 = VERTEX_POINT('',#1915);
#1915 = CARTESIAN_POINT('',(20.2,2.550257,-58.08094));
#1916 = SURFACE_CURVE('',#1917,(#1921,#1928),.PCURVE_S1.);
#1917 = LINE('',#1918,#1919);
#1918 = CARTESIAN_POINT('',(20.4,2.350257,-58.28094));
#1919 = VECTOR('',#1920,1.);
#1920 = DIRECTION('',(-0.57735026919,0.57735026919,0.57735026919));
#1921 = PCURVE('',#1045,#1922);
#1922 = DEFINITIONAL_REPRESENTATION('',(#1923),#1927);
#1923 = LINE('',#1924,#1925);
#1924 = CARTESIAN_POINT('',(-0.8,-0.424264068712));
#1925 = VECTOR('',#1926,1.);
#1926 = DIRECTION('',(-0.57735026919,-0.816496580928));
#1927 = ( GEOMETRIC_REPRESENTATION_CONTEXT(2) 
PARAMETRIC_REPRESENTATION_CONTEXT() REPRESENTATION_CONTEXT('2D SPACE',''
  ) );
#1928 = PCURVE('',#1712,#1929);
#1929 = DEFINITIONAL_REPRESENTATION('',(#1930),#1934);
#1930 = LINE('',#1931,#1932);
#1931 = CARTESIAN_POINT('',(-2.,0.424264068712));
#1932 = VECTOR('',#1933,1.);
#1933 = DIRECTION('',(0.57735026919,0.816496580928));
#1934 = ( GEOMETRIC_REPRESENTATION_CONTEXT(2) 
PARAMETRIC_REPRESENTATION_CONTEXT() REPRESENTATION_CONTEXT('2D SPACE',''
  ) );
#1935 = ORIENTED_EDGE('',*,*,#1936,.T.);
#1936 = EDGE_CURVE('',#1914,#1030,#1937,.T.);
#1937 = SURFACE_CURVE('',#1938,(#1942,#1949),.PCURVE_S1.);
#1938 = LINE('',#1939,#1940);
#1939 = CARTESIAN_POINT('',(20.2,2.550257,-59.08094));
#1940 = VECTOR('',#1941,1.);
#1941 = DIRECTION('',(1.7E-16,1.7E-16,1.));
#1942 = PCURVE('',#1045,#1943);
#1943 = DEFINITIONAL_REPRESENTATION('',(#1944),#1948);
#1944 = LINE('',#1945,#1946);
#1945 = CARTESIAN_POINT('',(-0.,-0.707106781187));
#1946 = VECTOR('',#1947,1.);
#1947 = DIRECTION('',(-1.,0.));
#1948 = ( GEOMETRIC_REPRESENTATION_CONTEXT(2) 
PARAMETRIC_REPRESENTATION_CONTEXT() REPRESENTATION_CONTEXT('2D SPACE',''
  ) );
#1949 = PCURVE('',#1095,#1950);
#1950 = DEFINITIONAL_REPRESENTATION('',(#1951),#1955);
#1951 = LINE('',#1952,#1953);
#1952 = CARTESIAN_POINT('',(-6.1,-13.8));
#1953 = VECTOR('',#1954,1.);
#1954 = DIRECTION('',(1.,4.930380657631E-32));
#1955 = ( GEOMETRIC_REPRESENTATION_CONTEXT(2) 
PARAMETRIC_REPRESENTATION_CONTEXT() REPRESENTATION_CONTEXT('2D SPACE',''
  ) );
#1956 = ORIENTED_EDGE('',*,*,#1029,.T.);
#1957 = ORIENTED_EDGE('',*,*,#1216,.F.);
#1958 = ADVANCED_FACE('',(#1959),#1095,.F.);
#1959 = FACE_BOUND('',#1960,.F.);
#1960 = EDGE_LOOP('',(#1961,#1982,#1983,#1984));
#1961 = ORIENTED_EDGE('',*,*,#1962,.F.);
#1962 = EDGE_CURVE('',#1764,#1914,#1963,.T.);
#1963 = SURFACE_CURVE('',#1964,(#1968,#1975),.PCURVE_S1.);
#1964 = LINE('',#1965,#1966);
#1965 = CARTESIAN_POINT('',(20.2,4.350257,-58.08094));
#1966 = VECTOR('',#1967,1.);
#1967 = DIRECTION('',(-1.7E-16,-1.,-1.7E-16));
#1968 = PCURVE('',#1095,#1969);
#1969 = DEFINITIONAL_REPRESENTATION('',(#1970),#1974);
#1970 = LINE('',#1971,#1972);
#1971 = CARTESIAN_POINT('',(-5.1,-15.6));
#1972 = VECTOR('',#1973,1.);
#1973 = DIRECTION('',(-3.4E-16,1.));
#1974 = ( GEOMETRIC_REPRESENTATION_CONTEXT(2) 
PARAMETRIC_REPRESENTATION_CONTEXT() REPRESENTATION_CONTEXT('2D SPACE',''
  ) );
#1975 = PCURVE('',#1712,#1976);
#1976 = DEFINITIONAL_REPRESENTATION('',(#1977),#1981);
#1977 = LINE('',#1978,#1979);
#1978 = CARTESIAN_POINT('',(-0.,0.707106781187));
#1979 = VECTOR('',#1980,1.);
#1980 = DIRECTION('',(-1.,0.));
#1981 = ( GEOMETRIC_REPRESENTATION_CONTEXT(2) 
PARAMETRIC_REPRESENTATION_CONTEXT() REPRESENTATION_CONTEXT('2D SPACE',''
  ) );
#1982 = ORIENTED_EDGE('',*,*,#1786,.F.);
#1983 = ORIENTED_EDGE('',*,*,#1081,.F.);
#1984 = ORIENTED_EDGE('',*,*,#1936,.F.);
#1985 = ADVANCED_FACE('',(#1986),#1176,.F.);
#1986 = FACE_BOUND('',#1987,.F.);
#1987 = EDGE_LOOP('',(#1988,#1989,#2012,#2033));
#1988 = ORIENTED_EDGE('',*,*,#1862,.F.);
#1989 = ORIENTED_EDGE('',*,*,#1990,.F.);
#1990 = EDGE_CURVE('',#1991,#1838,#1993,.T.);
#1991 = VERTEX_POINT('',#1992);
#1992 = CARTESIAN_POINT('',(20.2,-25.049743,-58.08094));
#1993 = SURFACE_CURVE('',#1994,(#1998,#2005),.PCURVE_S1.);
#1994 = LINE('',#1995,#1996);
#1995 = CARTESIAN_POINT('',(20.2,-24.049743,-58.08094));
#1996 = VECTOR('',#1997,1.);
#1997 = DIRECTION('',(-1.7E-16,-1.,-1.7E-16));
#1998 = PCURVE('',#1176,#1999);
#1999 = DEFINITIONAL_REPRESENTATION('',(#2000),#2004);
#2000 = LINE('',#2001,#2002);
#2001 = CARTESIAN_POINT('',(-5.1,12.8));
#2002 = VECTOR('',#2003,1.);
#2003 = DIRECTION('',(-3.4E-16,1.));
#2004 = ( GEOMETRIC_REPRESENTATION_CONTEXT(2) 
PARAMETRIC_REPRESENTATION_CONTEXT() REPRESENTATION_CONTEXT('2D SPACE',''
  ) );
#2005 = PCURVE('',#1683,#2006);
#2006 = DEFINITIONAL_REPRESENTATION('',(#2007),#2011);
#2007 = LINE('',#2008,#2009);
#2008 = CARTESIAN_POINT('',(0.,-0.707106781187));
#2009 = VECTOR('',#2010,1.);
#2010 = DIRECTION('',(1.,0.));
#2011 = ( GEOMETRIC_REPRESENTATION_CONTEXT(2) 
PARAMETRIC_REPRESENTATION_CONTEXT() REPRESENTATION_CONTEXT('2D SPACE',''
  ) );
#2012 = ORIENTED_EDGE('',*,*,#2013,.F.);
#2013 = EDGE_CURVE('',#1135,#1991,#2014,.T.);
#2014 = SURFACE_CURVE('',#2015,(#2019,#2026),.PCURVE_S1.);
#2015 = LINE('',#2016,#2017);
#2016 = CARTESIAN_POINT('',(20.2,-25.049743,-46.88094));
#2017 = VECTOR('',#2018,1.);
#2018 = DIRECTION('',(-1.7E-16,-1.7E-16,-1.));
#2019 = PCURVE('',#1176,#2020);
#2020 = DEFINITIONAL_REPRESENTATION('',(#2021),#2025);
#2021 = LINE('',#2022,#2023);
#2022 = CARTESIAN_POINT('',(6.1,13.8));
#2023 = VECTOR('',#2024,1.);
#2024 = DIRECTION('',(-1.,-4.930380657631E-32));
#2025 = ( GEOMETRIC_REPRESENTATION_CONTEXT(2) 
PARAMETRIC_REPRESENTATION_CONTEXT() REPRESENTATION_CONTEXT('2D SPACE',''
  ) );
#2026 = PCURVE('',#1150,#2027);
#2027 = DEFINITIONAL_REPRESENTATION('',(#2028),#2032);
#2028 = LINE('',#2029,#2030);
#2029 = CARTESIAN_POINT('',(-1.7E-16,-0.707106781187));
#2030 = VECTOR('',#2031,1.);
#2031 = DIRECTION('',(-1.,0.));
#2032 = ( GEOMETRIC_REPRESENTATION_CONTEXT(2) 
PARAMETRIC_REPRESENTATION_CONTEXT() REPRESENTATION_CONTEXT('2D SPACE',''
  ) );
#2033 = ORIENTED_EDGE('',*,*,#1162,.F.);
#2034 = ADVANCED_FACE('',(#2035),#1150,.T.);
#2035 = FACE_BOUND('',#2036,.F.);
#2036 = EDGE_LOOP('',(#2037,#2038,#2039,#2060));
#2037 = ORIENTED_EDGE('',*,*,#1134,.T.);
#2038 = ORIENTED_EDGE('',*,*,#2013,.T.);
#2039 = ORIENTED_EDGE('',*,*,#2040,.T.);
#2040 = EDGE_CURVE('',#1991,#1290,#2041,.T.);
#2041 = SURFACE_CURVE('',#2042,(#2046,#2053),.PCURVE_S1.);
#2042 = LINE('',#2043,#2044);
#2043 = CARTESIAN_POINT('',(18.833333333333,-26.41640966666,
    -56.71427333333));
#2044 = VECTOR('',#2045,1.);
#2045 = DIRECTION('',(0.57735026919,0.57735026919,-0.57735026919));
#2046 = PCURVE('',#1150,#2047);
#2047 = DEFINITIONAL_REPRESENTATION('',(#2048),#2052);
#2048 = LINE('',#2049,#2050);
#2049 = CARTESIAN_POINT('',(-9.833333333333,-2.63986531643));
#2050 = VECTOR('',#2051,1.);
#2051 = DIRECTION('',(-0.57735026919,0.816496580928));
#2052 = ( GEOMETRIC_REPRESENTATION_CONTEXT(2) 
PARAMETRIC_REPRESENTATION_CONTEXT() REPRESENTATION_CONTEXT('2D SPACE',''
  ) );
#2053 = PCURVE('',#1683,#2054);
#2054 = DEFINITIONAL_REPRESENTATION('',(#2055),#2059);
#2055 = LINE('',#2056,#2057);
#2056 = CARTESIAN_POINT('',(2.366666666667,-2.63986531643));
#2057 = VECTOR('',#2058,1.);
#2058 = DIRECTION('',(-0.57735026919,0.816496580928));
#2059 = ( GEOMETRIC_REPRESENTATION_CONTEXT(2) 
PARAMETRIC_REPRESENTATION_CONTEXT() REPRESENTATION_CONTEXT('2D SPACE',''
  ) );
#2060 = ORIENTED_EDGE('',*,*,#1289,.F.);
#2061 = ADVANCED_FACE('',(#2062,#2070,#2125,#2180,#2235,#2290,#2345,
    #2400),#1452,.F.);
#2062 = FACE_BOUND('',#2063,.F.);
#2063 = EDGE_LOOP('',(#2064,#2065,#2066,#2067,#2068,#2069));
#2064 = ORIENTED_EDGE('',*,*,#1488,.T.);
#2065 = ORIENTED_EDGE('',*,*,#1464,.T.);
#2066 = ORIENTED_EDGE('',*,*,#1435,.T.);
#2067 = ORIENTED_EDGE('',*,*,#1638,.T.);
#2068 = ORIENTED_EDGE('',*,*,#1588,.T.);
#2069 = ORIENTED_EDGE('',*,*,#1539,.T.);
#2070 = FACE_BOUND('',#2071,.F.);
#2071 = EDGE_LOOP('',(#2072,#2103));
#2072 = ORIENTED_EDGE('',*,*,#2073,.F.);
#2073 = EDGE_CURVE('',#2074,#2076,#2078,.T.);
#2074 = VERTEX_POINT('',#2075);
#2075 = CARTESIAN_POINT('',(36.1,-10.65,-48.28));
#2076 = VERTEX_POINT('',#2077);
#2077 = CARTESIAN_POINT('',(36.1,-11.85,-48.28));
#2078 = SURFACE_CURVE('',#2079,(#2084,#2091),.PCURVE_S1.);
#2079 = CIRCLE('',#2080,0.6);
#2080 = AXIS2_PLACEMENT_3D('',#2081,#2082,#2083);
#2081 = CARTESIAN_POINT('',(36.1,-11.25,-48.28));
#2082 = DIRECTION('',(0.,-2.22044604925E-16,-1.));
#2083 = DIRECTION('',(0.,1.,-2.22044604925E-16));
#2084 = PCURVE('',#1452,#2085);
#2085 = DEFINITIONAL_REPRESENTATION('',(#2086),#2090);
#2086 = CIRCLE('',#2087,0.6);
#2087 = AXIS2_PLACEMENT_2D('',#2088,#2089);
#2088 = CARTESIAN_POINT('',(0.,-14.45));
#2089 = DIRECTION('',(1.,0.));
#2090 = ( GEOMETRIC_REPRESENTATION_CONTEXT(2) 
PARAMETRIC_REPRESENTATION_CONTEXT() REPRESENTATION_CONTEXT('2D SPACE',''
  ) );
#2091 = PCURVE('',#2092,#2097);
#2092 = CYLINDRICAL_SURFACE('',#2093,0.6);
#2093 = AXIS2_PLACEMENT_3D('',#2094,#2095,#2096);
#2094 = CARTESIAN_POINT('',(36.1,-11.25,-46.88094));
#2095 = DIRECTION('',(0.,2.22044604925E-16,1.));
#2096 = DIRECTION('',(0.,1.,-2.22044604925E-16));
#2097 = DEFINITIONAL_REPRESENTATION('',(#2098),#2102);
#2098 = LINE('',#2099,#2100);
#2099 = CARTESIAN_POINT('',(-0.,-1.39906));
#2100 = VECTOR('',#2101,1.);
#2101 = DIRECTION('',(-1.,0.));
#2102 = ( GEOMETRIC_REPRESENTATION_CONTEXT(2) 
PARAMETRIC_REPRESENTATION_CONTEXT() REPRESENTATION_CONTEXT('2D SPACE',''
  ) );
#2103 = ORIENTED_EDGE('',*,*,#2104,.F.);
#2104 = EDGE_CURVE('',#2076,#2074,#2105,.T.);
#2105 = SURFACE_CURVE('',#2106,(#2111,#2118),.PCURVE_S1.);
#2106 = CIRCLE('',#2107,0.6);
#2107 = AXIS2_PLACEMENT_3D('',#2108,#2109,#2110);
#2108 = CARTESIAN_POINT('',(36.1,-11.25,-48.28));
#2109 = DIRECTION('',(0.,-2.22044604925E-16,-1.));
#2110 = DIRECTION('',(0.,1.,-2.22044604925E-16));
#2111 = PCURVE('',#1452,#2112);
#2112 = DEFINITIONAL_REPRESENTATION('',(#2113),#2117);
#2113 = CIRCLE('',#2114,0.6);
#2114 = AXIS2_PLACEMENT_2D('',#2115,#2116);
#2115 = CARTESIAN_POINT('',(0.,-14.45));
#2116 = DIRECTION('',(1.,0.));
#2117 = ( GEOMETRIC_REPRESENTATION_CONTEXT(2) 
PARAMETRIC_REPRESENTATION_CONTEXT() REPRESENTATION_CONTEXT('2D SPACE',''
  ) );
#2118 = PCURVE('',#2092,#2119);
#2119 = DEFINITIONAL_REPRESENTATION('',(#2120),#2124);
#2120 = LINE('',#2121,#2122);
#2121 = CARTESIAN_POINT('',(-0.,-1.39906));
#2122 = VECTOR('',#2123,1.);
#2123 = DIRECTION('',(-1.,0.));
#2124 = ( GEOMETRIC_REPRESENTATION_CONTEXT(2) 
PARAMETRIC_REPRESENTATION_CONTEXT() REPRESENTATION_CONTEXT('2D SPACE',''
  ) );
#2125 = FACE_BOUND('',#2126,.F.);
#2126 = EDGE_LOOP('',(#2127,#2158));
#2127 = ORIENTED_EDGE('',*,*,#2128,.F.);
#2128 = EDGE_CURVE('',#2129,#2131,#2133,.T.);
#2129 = VERTEX_POINT('',#2130);
#2130 = CARTESIAN_POINT('',(38.1,-10.65,-48.28));
#2131 = VERTEX_POINT('',#2132);
#2132 = CARTESIAN_POINT('',(38.1,-11.85,-48.28));
#2133 = SURFACE_CURVE('',#2134,(#2139,#2146),.PCURVE_S1.);
#2134 = CIRCLE('',#2135,0.6);
#2135 = AXIS2_PLACEMENT_3D('',#2136,#2137,#2138);
#2136 = CARTESIAN_POINT('',(38.1,-11.25,-48.28));
#2137 = DIRECTION('',(0.,-2.22044604925E-16,-1.));
#2138 = DIRECTION('',(0.,1.,-2.22044604925E-16));
#2139 = PCURVE('',#1452,#2140);
#2140 = DEFINITIONAL_REPRESENTATION('',(#2141),#2145);
#2141 = CIRCLE('',#2142,0.6);
#2142 = AXIS2_PLACEMENT_2D('',#2143,#2144);
#2143 = CARTESIAN_POINT('',(0.,-12.45));
#2144 = DIRECTION('',(1.,0.));
#2145 = ( GEOMETRIC_REPRESENTATION_CONTEXT(2) 
PARAMETRIC_REPRESENTATION_CONTEXT() REPRESENTATION_CONTEXT('2D SPACE',''
  ) );
#2146 = PCURVE('',#2147,#2152);
#2147 = CYLINDRICAL_SURFACE('',#2148,0.6);
#2148 = AXIS2_PLACEMENT_3D('',#2149,#2150,#2151);
#2149 = CARTESIAN_POINT('',(38.1,-11.25,-46.88094));
#2150 = DIRECTION('',(0.,2.22044604925E-16,1.));
#2151 = DIRECTION('',(0.,1.,-2.22044604925E-16));
#2152 = DEFINITIONAL_REPRESENTATION('',(#2153),#2157);
#2153 = LINE('',#2154,#2155);
#2154 = CARTESIAN_POINT('',(-0.,-1.39906));
#2155 = VECTOR('',#2156,1.);
#2156 = DIRECTION('',(-1.,0.));
#2157 = ( GEOMETRIC_REPRESENTATION_CONTEXT(2) 
PARAMETRIC_REPRESENTATION_CONTEXT() REPRESENTATION_CONTEXT('2D SPACE',''
  ) );
#2158 = ORIENTED_EDGE('',*,*,#2159,.F.);
#2159 = EDGE_CURVE('',#2131,#2129,#2160,.T.);
#2160 = SURFACE_CURVE('',#2161,(#2166,#2173),.PCURVE_S1.);
#2161 = CIRCLE('',#2162,0.6);
#2162 = AXIS2_PLACEMENT_3D('',#2163,#2164,#2165);
#2163 = CARTESIAN_POINT('',(38.1,-11.25,-48.28));
#2164 = DIRECTION('',(0.,-2.22044604925E-16,-1.));
#2165 = DIRECTION('',(0.,1.,-2.22044604925E-16));
#2166 = PCURVE('',#1452,#2167);
#2167 = DEFINITIONAL_REPRESENTATION('',(#2168),#2172);
#2168 = CIRCLE('',#2169,0.6);
#2169 = AXIS2_PLACEMENT_2D('',#2170,#2171);
#2170 = CARTESIAN_POINT('',(0.,-12.45));
#2171 = DIRECTION('',(1.,0.));
#2172 = ( GEOMETRIC_REPRESENTATION_CONTEXT(2) 
PARAMETRIC_REPRESENTATION_CONTEXT() REPRESENTATION_CONTEXT('2D SPACE',''
  ) );
#2173 = PCURVE('',#2147,#2174);
#2174 = DEFINITIONAL_REPRESENTATION('',(#2175),#2179);
#2175 = LINE('',#2176,#2177);
#2176 = CARTESIAN_POINT('',(-0.,-1.39906));
#2177 = VECTOR('',#2178,1.);
#2178 = DIRECTION('',(-1.,0.));
#2179 = ( GEOMETRIC_REPRESENTATION_CONTEXT(2) 
PARAMETRIC_REPRESENTATION_CONTEXT() REPRESENTATION_CONTEXT('2D SPACE',''
  ) );
#2180 = FACE_BOUND('',#2181,.F.);
#2181 = EDGE_LOOP('',(#2182,#2213));
#2182 = ORIENTED_EDGE('',*,*,#2183,.F.);
#2183 = EDGE_CURVE('',#2184,#2186,#2188,.T.);
#2184 = VERTEX_POINT('',#2185);
#2185 = CARTESIAN_POINT('',(40.1,-10.65,-48.28));
#2186 = VERTEX_POINT('',#2187);
#2187 = CARTESIAN_POINT('',(40.1,-11.85,-48.28));
#2188 = SURFACE_CURVE('',#2189,(#2194,#2201),.PCURVE_S1.);
#2189 = CIRCLE('',#2190,0.6);
#2190 = AXIS2_PLACEMENT_3D('',#2191,#2192,#2193);
#2191 = CARTESIAN_POINT('',(40.1,-11.25,-48.28));
#2192 = DIRECTION('',(0.,-2.22044604925E-16,-1.));
#2193 = DIRECTION('',(0.,1.,-2.22044604925E-16));
#2194 = PCURVE('',#1452,#2195);
#2195 = DEFINITIONAL_REPRESENTATION('',(#2196),#2200);
#2196 = CIRCLE('',#2197,0.6);
#2197 = AXIS2_PLACEMENT_2D('',#2198,#2199);
#2198 = CARTESIAN_POINT('',(0.,-10.45));
#2199 = DIRECTION('',(1.,0.));
#2200 = ( GEOMETRIC_REPRESENTATION_CONTEXT(2) 
PARAMETRIC_REPRESENTATION_CONTEXT() REPRESENTATION_CONTEXT('2D SPACE',''
  ) );
#2201 = PCURVE('',#2202,#2207);
#2202 = CYLINDRICAL_SURFACE('',#2203,0.6);
#2203 = AXIS2_PLACEMENT_3D('',#2204,#2205,#2206);
#2204 = CARTESIAN_POINT('',(40.1,-11.25,-46.88094));
#2205 = DIRECTION('',(0.,2.22044604925E-16,1.));
#2206 = DIRECTION('',(0.,1.,-2.22044604925E-16));
#2207 = DEFINITIONAL_REPRESENTATION('',(#2208),#2212);
#2208 = LINE('',#2209,#2210);
#2209 = CARTESIAN_POINT('',(-0.,-1.39906));
#2210 = VECTOR('',#2211,1.);
#2211 = DIRECTION('',(-1.,0.));
#2212 = ( GEOMETRIC_REPRESENTATION_CONTEXT(2) 
PARAMETRIC_REPRESENTATION_CONTEXT() REPRESENTATION_CONTEXT('2D SPACE',''
  ) );
#2213 = ORIENTED_EDGE('',*,*,#2214,.F.);
#2214 = EDGE_CURVE('',#2186,#2184,#2215,.T.);
#2215 = SURFACE_CURVE('',#2216,(#2221,#2228),.PCURVE_S1.);
#2216 = CIRCLE('',#2217,0.6);
#2217 = AXIS2_PLACEMENT_3D('',#2218,#2219,#2220);
#2218 = CARTESIAN_POINT('',(40.1,-11.25,-48.28));
#2219 = DIRECTION('',(0.,-2.22044604925E-16,-1.));
#2220 = DIRECTION('',(0.,1.,-2.22044604925E-16));
#2221 = PCURVE('',#1452,#2222);
#2222 = DEFINITIONAL_REPRESENTATION('',(#2223),#2227);
#2223 = CIRCLE('',#2224,0.6);
#2224 = AXIS2_PLACEMENT_2D('',#2225,#2226);
#2225 = CARTESIAN_POINT('',(0.,-10.45));
#2226 = DIRECTION('',(1.,0.));
#2227 = ( GEOMETRIC_REPRESENTATION_CONTEXT(2) 
PARAMETRIC_REPRESENTATION_CONTEXT() REPRESENTATION_CONTEXT('2D SPACE',''
  ) );
#2228 = PCURVE('',#2202,#2229);
#2229 = DEFINITIONAL_REPRESENTATION('',(#2230),#2234);
#2230 = LINE('',#2231,#2232);
#2231 = CARTESIAN_POINT('',(-0.,-1.39906));
#2232 = VECTOR('',#2233,1.);
#2233 = DIRECTION('',(-1.,0.));
#2234 = ( GEOMETRIC_REPRESENTATION_CONTEXT(2) 
PARAMETRIC_REPRESENTATION_CONTEXT() REPRESENTATION_CONTEXT('2D SPACE',''
  ) );
#2235 = FACE_BOUND('',#2236,.F.);
#2236 = EDGE_LOOP('',(#2237,#2268));
#2237 = ORIENTED_EDGE('',*,*,#2238,.F.);
#2238 = EDGE_CURVE('',#2239,#2241,#2243,.T.);
#2239 = VERTEX_POINT('',#2240);
#2240 = CARTESIAN_POINT('',(42.1,-10.65,-48.28));
#2241 = VERTEX_POINT('',#2242);
#2242 = CARTESIAN_POINT('',(42.1,-11.85,-48.28));
#2243 = SURFACE_CURVE('',#2244,(#2249,#2256),.PCURVE_S1.);
#2244 = CIRCLE('',#2245,0.6);
#2245 = AXIS2_PLACEMENT_3D('',#2246,#2247,#2248);
#2246 = CARTESIAN_POINT('',(42.1,-11.25,-48.28));
#2247 = DIRECTION('',(0.,-2.22044604925E-16,-1.));
#2248 = DIRECTION('',(0.,1.,-2.22044604925E-16));
#2249 = PCURVE('',#1452,#2250);
#2250 = DEFINITIONAL_REPRESENTATION('',(#2251),#2255);
#2251 = CIRCLE('',#2252,0.6);
#2252 = AXIS2_PLACEMENT_2D('',#2253,#2254);
#2253 = CARTESIAN_POINT('',(0.,-8.45));
#2254 = DIRECTION('',(1.,0.));
#2255 = ( GEOMETRIC_REPRESENTATION_CONTEXT(2) 
PARAMETRIC_REPRESENTATION_CONTEXT() REPRESENTATION_CONTEXT('2D SPACE',''
  ) );
#2256 = PCURVE('',#2257,#2262);
#2257 = CYLINDRICAL_SURFACE('',#2258,0.6);
#2258 = AXIS2_PLACEMENT_3D('',#2259,#2260,#2261);
#2259 = CARTESIAN_POINT('',(42.1,-11.25,-46.88094));
#2260 = DIRECTION('',(0.,2.22044604925E-16,1.));
#2261 = DIRECTION('',(0.,1.,-2.22044604925E-16));
#2262 = DEFINITIONAL_REPRESENTATION('',(#2263),#2267);
#2263 = LINE('',#2264,#2265);
#2264 = CARTESIAN_POINT('',(-0.,-1.39906));
#2265 = VECTOR('',#2266,1.);
#2266 = DIRECTION('',(-1.,0.));
#2267 = ( GEOMETRIC_REPRESENTATION_CONTEXT(2) 
PARAMETRIC_REPRESENTATION_CONTEXT() REPRESENTATION_CONTEXT('2D SPACE',''
  ) );
#2268 = ORIENTED_EDGE('',*,*,#2269,.F.);
#2269 = EDGE_CURVE('',#2241,#2239,#2270,.T.);
#2270 = SURFACE_CURVE('',#2271,(#2276,#2283),.PCURVE_S1.);
#2271 = CIRCLE('',#2272,0.6);
#2272 = AXIS2_PLACEMENT_3D('',#2273,#2274,#2275);
#2273 = CARTESIAN_POINT('',(42.1,-11.25,-48.28));
#2274 = DIRECTION('',(0.,-2.22044604925E-16,-1.));
#2275 = DIRECTION('',(0.,1.,-2.22044604925E-16));
#2276 = PCURVE('',#1452,#2277);
#2277 = DEFINITIONAL_REPRESENTATION('',(#2278),#2282);
#2278 = CIRCLE('',#2279,0.6);
#2279 = AXIS2_PLACEMENT_2D('',#2280,#2281);
#2280 = CARTESIAN_POINT('',(0.,-8.45));
#2281 = DIRECTION('',(1.,0.));
#2282 = ( GEOMETRIC_REPRESENTATION_CONTEXT(2) 
PARAMETRIC_REPRESENTATION_CONTEXT() REPRESENTATION_CONTEXT('2D SPACE',''
  ) );
#2283 = PCURVE('',#2257,#2284);
#2284 = DEFINITIONAL_REPRESENTATION('',(#2285),#2289);
#2285 = LINE('',#2286,#2287);
#2286 = CARTESIAN_POINT('',(-0.,-1.39906));
#2287 = VECTOR('',#2288,1.);
#2288 = DIRECTION('',(-1.,0.));
#2289 = ( GEOMETRIC_REPRESENTATION_CONTEXT(2) 
PARAMETRIC_REPRESENTATION_CONTEXT() REPRESENTATION_CONTEXT('2D SPACE',''
  ) );
#2290 = FACE_BOUND('',#2291,.F.);
#2291 = EDGE_LOOP('',(#2292,#2323));
#2292 = ORIENTED_EDGE('',*,*,#2293,.F.);
#2293 = EDGE_CURVE('',#2294,#2296,#2298,.T.);
#2294 = VERTEX_POINT('',#2295);
#2295 = CARTESIAN_POINT('',(44.1,-10.65,-48.28));
#2296 = VERTEX_POINT('',#2297);
#2297 = CARTESIAN_POINT('',(44.1,-11.85,-48.28));
#2298 = SURFACE_CURVE('',#2299,(#2304,#2311),.PCURVE_S1.);
#2299 = CIRCLE('',#2300,0.6);
#2300 = AXIS2_PLACEMENT_3D('',#2301,#2302,#2303);
#2301 = CARTESIAN_POINT('',(44.1,-11.25,-48.28));
#2302 = DIRECTION('',(0.,-2.22044604925E-16,-1.));
#2303 = DIRECTION('',(0.,1.,-2.22044604925E-16));
#2304 = PCURVE('',#1452,#2305);
#2305 = DEFINITIONAL_REPRESENTATION('',(#2306),#2310);
#2306 = CIRCLE('',#2307,0.6);
#2307 = AXIS2_PLACEMENT_2D('',#2308,#2309);
#2308 = CARTESIAN_POINT('',(0.,-6.45));
#2309 = DIRECTION('',(1.,0.));
#2310 = ( GEOMETRIC_REPRESENTATION_CONTEXT(2) 
PARAMETRIC_REPRESENTATION_CONTEXT() REPRESENTATION_CONTEXT('2D SPACE',''
  ) );
#2311 = PCURVE('',#2312,#2317);
#2312 = CYLINDRICAL_SURFACE('',#2313,0.6);
#2313 = AXIS2_PLACEMENT_3D('',#2314,#2315,#2316);
#2314 = CARTESIAN_POINT('',(44.1,-11.25,-46.88094));
#2315 = DIRECTION('',(0.,2.22044604925E-16,1.));
#2316 = DIRECTION('',(0.,1.,-2.22044604925E-16));
#2317 = DEFINITIONAL_REPRESENTATION('',(#2318),#2322);
#2318 = LINE('',#2319,#2320);
#2319 = CARTESIAN_POINT('',(-0.,-1.39906));
#2320 = VECTOR('',#2321,1.);
#2321 = DIRECTION('',(-1.,0.));
#2322 = ( GEOMETRIC_REPRESENTATION_CONTEXT(2) 
PARAMETRIC_REPRESENTATION_CONTEXT() REPRESENTATION_CONTEXT('2D SPACE',''
  ) );
#2323 = ORIENTED_EDGE('',*,*,#2324,.F.);
#2324 = EDGE_CURVE('',#2296,#2294,#2325,.T.);
#2325 = SURFACE_CURVE('',#2326,(#2331,#2338),.PCURVE_S1.);
#2326 = CIRCLE('',#2327,0.6);
#2327 = AXIS2_PLACEMENT_3D('',#2328,#2329,#2330);
#2328 = CARTESIAN_POINT('',(44.1,-11.25,-48.28));
#2329 = DIRECTION('',(0.,-2.22044604925E-16,-1.));
#2330 = DIRECTION('',(0.,1.,-2.22044604925E-16));
#2331 = PCURVE('',#1452,#2332);
#2332 = DEFINITIONAL_REPRESENTATION('',(#2333),#2337);
#2333 = CIRCLE('',#2334,0.6);
#2334 = AXIS2_PLACEMENT_2D('',#2335,#2336);
#2335 = CARTESIAN_POINT('',(0.,-6.45));
#2336 = DIRECTION('',(1.,0.));
#2337 = ( GEOMETRIC_REPRESENTATION_CONTEXT(2) 
PARAMETRIC_REPRESENTATION_CONTEXT() REPRESENTATION_CONTEXT('2D SPACE',''
  ) );
#2338 = PCURVE('',#2312,#2339);
#2339 = DEFINITIONAL_REPRESENTATION('',(#2340),#2344);
#2340 = LINE('',#2341,#2342);
#2341 = CARTESIAN_POINT('',(-0.,-1.39906));
#2342 = VECTOR('',#2343,1.);
#2343 = DIRECTION('',(-1.,0.));
#2344 = ( GEOMETRIC_REPRESENTATION_CONTEXT(2) 
PARAMETRIC_REPRESENTATION_CONTEXT() REPRESENTATION_CONTEXT('2D SPACE',''
  ) );
#2345 = FACE_BOUND('',#2346,.F.);
#2346 = EDGE_LOOP('',(#2347,#2378));
#2347 = ORIENTED_EDGE('',*,*,#2348,.F.);
#2348 = EDGE_CURVE('',#2349,#2351,#2353,.T.);
#2349 = VERTEX_POINT('',#2350);
#2350 = CARTESIAN_POINT('',(46.1,-10.65,-48.28));
#2351 = VERTEX_POINT('',#2352);
#2352 = CARTESIAN_POINT('',(46.1,-11.85,-48.28));
#2353 = SURFACE_CURVE('',#2354,(#2359,#2366),.PCURVE_S1.);
#2354 = CIRCLE('',#2355,0.6);
#2355 = AXIS2_PLACEMENT_3D('',#2356,#2357,#2358);
#2356 = CARTESIAN_POINT('',(46.1,-11.25,-48.28));
#2357 = DIRECTION('',(0.,-2.22044604925E-16,-1.));
#2358 = DIRECTION('',(0.,1.,-2.22044604925E-16));
#2359 = PCURVE('',#1452,#2360);
#2360 = DEFINITIONAL_REPRESENTATION('',(#2361),#2365);
#2361 = CIRCLE('',#2362,0.6);
#2362 = AXIS2_PLACEMENT_2D('',#2363,#2364);
#2363 = CARTESIAN_POINT('',(0.,-4.45));
#2364 = DIRECTION('',(1.,0.));
#2365 = ( GEOMETRIC_REPRESENTATION_CONTEXT(2) 
PARAMETRIC_REPRESENTATION_CONTEXT() REPRESENTATION_CONTEXT('2D SPACE',''
  ) );
#2366 = PCURVE('',#2367,#2372);
#2367 = CYLINDRICAL_SURFACE('',#2368,0.6);
#2368 = AXIS2_PLACEMENT_3D('',#2369,#2370,#2371);
#2369 = CARTESIAN_POINT('',(46.1,-11.25,-46.88094));
#2370 = DIRECTION('',(0.,2.22044604925E-16,1.));
#2371 = DIRECTION('',(0.,1.,-2.22044604925E-16));
#2372 = DEFINITIONAL_REPRESENTATION('',(#2373),#2377);
#2373 = LINE('',#2374,#2375);
#2374 = CARTESIAN_POINT('',(-0.,-1.39906));
#2375 = VECTOR('',#2376,1.);
#2376 = DIRECTION('',(-1.,0.));
#2377 = ( GEOMETRIC_REPRESENTATION_CONTEXT(2) 
PARAMETRIC_REPRESENTATION_CONTEXT() REPRESENTATION_CONTEXT('2D SPACE',''
  ) );
#2378 = ORIENTED_EDGE('',*,*,#2379,.F.);
#2379 = EDGE_CURVE('',#2351,#2349,#2380,.T.);
#2380 = SURFACE_CURVE('',#2381,(#2386,#2393),.PCURVE_S1.);
#2381 = CIRCLE('',#2382,0.6);
#2382 = AXIS2_PLACEMENT_3D('',#2383,#2384,#2385);
#2383 = CARTESIAN_POINT('',(46.1,-11.25,-48.28));
#2384 = DIRECTION('',(0.,-2.22044604925E-16,-1.));
#2385 = DIRECTION('',(0.,1.,-2.22044604925E-16));
#2386 = PCURVE('',#1452,#2387);
#2387 = DEFINITIONAL_REPRESENTATION('',(#2388),#2392);
#2388 = CIRCLE('',#2389,0.6);
#2389 = AXIS2_PLACEMENT_2D('',#2390,#2391);
#2390 = CARTESIAN_POINT('',(0.,-4.45));
#2391 = DIRECTION('',(1.,0.));
#2392 = ( GEOMETRIC_REPRESENTATION_CONTEXT(2) 
PARAMETRIC_REPRESENTATION_CONTEXT() REPRESENTATION_CONTEXT('2D SPACE',''
  ) );
#2393 = PCURVE('',#2367,#2394);
#2394 = DEFINITIONAL_REPRESENTATION('',(#2395),#2399);
#2395 = LINE('',#2396,#2397);
#2396 = CARTESIAN_POINT('',(-0.,-1.39906));
#2397 = VECTOR('',#2398,1.);
#2398 = DIRECTION('',(-1.,0.));
#2399 = ( GEOMETRIC_REPRESENTATION_CONTEXT(2) 
PARAMETRIC_REPRESENTATION_CONTEXT() REPRESENTATION_CONTEXT('2D SPACE',''
  ) );
#2400 = FACE_BOUND('',#2401,.F.);
#2401 = EDGE_LOOP('',(#2402));
#2402 = ORIENTED_EDGE('',*,*,#2403,.F.);
#2403 = EDGE_CURVE('',#2404,#2404,#2406,.T.);
#2404 = VERTEX_POINT('',#2405);
#2405 = CARTESIAN_POINT('',(53.55,-11.249743,-48.28));
#2406 = SURFACE_CURVE('',#2407,(#2412,#2419),.PCURVE_S1.);
#2407 = CIRCLE('',#2408,3.);
#2408 = AXIS2_PLACEMENT_3D('',#2409,#2410,#2411);
#2409 = CARTESIAN_POINT('',(50.55,-11.249743,-48.28));
#2410 = DIRECTION('',(0.,0.,-1.));
#2411 = DIRECTION('',(1.,0.,0.));
#2412 = PCURVE('',#1452,#2413);
#2413 = DEFINITIONAL_REPRESENTATION('',(#2414),#2418);
#2414 = CIRCLE('',#2415,3.);
#2415 = AXIS2_PLACEMENT_2D('',#2416,#2417);
#2416 = CARTESIAN_POINT('',(2.570000000262E-04,-1.42108547152E-14));
#2417 = DIRECTION('',(0.,1.));
#2418 = ( GEOMETRIC_REPRESENTATION_CONTEXT(2) 
PARAMETRIC_REPRESENTATION_CONTEXT() REPRESENTATION_CONTEXT('2D SPACE',''
  ) );
#2419 = PCURVE('',#1746,#2420);
#2420 = DEFINITIONAL_REPRESENTATION('',(#2421),#2425);
#2421 = LINE('',#2422,#2423);
#2422 = CARTESIAN_POINT('',(0.,-10.80094));
#2423 = VECTOR('',#2424,1.);
#2424 = DIRECTION('',(1.,0.));
#2425 = ( GEOMETRIC_REPRESENTATION_CONTEXT(2) 
PARAMETRIC_REPRESENTATION_CONTEXT() REPRESENTATION_CONTEXT('2D SPACE',''
  ) );
#2426 = ADVANCED_FACE('',(#2427),#1683,.F.);
#2427 = FACE_BOUND('',#2428,.F.);
#2428 = EDGE_LOOP('',(#2429,#2430,#2431,#2432));
#2429 = ORIENTED_EDGE('',*,*,#2040,.F.);
#2430 = ORIENTED_EDGE('',*,*,#1990,.T.);
#2431 = ORIENTED_EDGE('',*,*,#1837,.F.);
#2432 = ORIENTED_EDGE('',*,*,#1669,.F.);
#2433 = ADVANCED_FACE('',(#2434),#1712,.F.);
#2434 = FACE_BOUND('',#2435,.T.);
#2435 = EDGE_LOOP('',(#2436,#2437,#2438,#2439));
#2436 = ORIENTED_EDGE('',*,*,#1763,.F.);
#2437 = ORIENTED_EDGE('',*,*,#1698,.T.);
#2438 = ORIENTED_EDGE('',*,*,#1913,.T.);
#2439 = ORIENTED_EDGE('',*,*,#1962,.F.);
#2440 = ADVANCED_FACE('',(#2441),#1746,.F.);
#2441 = FACE_BOUND('',#2442,.F.);
#2442 = EDGE_LOOP('',(#2443,#2444,#2465,#2466));
#2443 = ORIENTED_EDGE('',*,*,#1729,.F.);
#2444 = ORIENTED_EDGE('',*,*,#2445,.T.);
#2445 = EDGE_CURVE('',#1730,#2404,#2446,.T.);
#2446 = SEAM_CURVE('',#2447,(#2451,#2458),.PCURVE_S1.);
#2447 = LINE('',#2448,#2449);
#2448 = CARTESIAN_POINT('',(53.55,-11.249743,-59.08094));
#2449 = VECTOR('',#2450,1.);
#2450 = DIRECTION('',(0.,0.,1.));
#2451 = PCURVE('',#1746,#2452);
#2452 = DEFINITIONAL_REPRESENTATION('',(#2453),#2457);
#2453 = LINE('',#2454,#2455);
#2454 = CARTESIAN_POINT('',(6.28318530718,0.));
#2455 = VECTOR('',#2456,1.);
#2456 = DIRECTION('',(0.,-1.));
#2457 = ( GEOMETRIC_REPRESENTATION_CONTEXT(2) 
PARAMETRIC_REPRESENTATION_CONTEXT() REPRESENTATION_CONTEXT('2D SPACE',''
  ) );
#2458 = PCURVE('',#1746,#2459);
#2459 = DEFINITIONAL_REPRESENTATION('',(#2460),#2464);
#2460 = LINE('',#2461,#2462);
#2461 = CARTESIAN_POINT('',(0.,0.));
#2462 = VECTOR('',#2463,1.);
#2463 = DIRECTION('',(0.,-1.));
#2464 = ( GEOMETRIC_REPRESENTATION_CONTEXT(2) 
PARAMETRIC_REPRESENTATION_CONTEXT() REPRESENTATION_CONTEXT('2D SPACE',''
  ) );
#2465 = ORIENTED_EDGE('',*,*,#2403,.T.);
#2466 = ORIENTED_EDGE('',*,*,#2445,.F.);
#2467 = ADVANCED_FACE('',(#2468),#2092,.F.);
#2468 = FACE_BOUND('',#2469,.T.);
#2469 = EDGE_LOOP('',(#2470,#2505,#2531,#2551,#2552,#2553));
#2470 = ORIENTED_EDGE('',*,*,#2471,.T.);
#2471 = EDGE_CURVE('',#2472,#2474,#2476,.T.);
#2472 = VERTEX_POINT('',#2473);
#2473 = CARTESIAN_POINT('',(36.1,-10.65,-52.88094));
#2474 = VERTEX_POINT('',#2475);
#2475 = CARTESIAN_POINT('',(36.1,-11.85,-52.88094));
#2476 = SURFACE_CURVE('',#2477,(#2482,#2489),.PCURVE_S1.);
#2477 = CIRCLE('',#2478,0.6);
#2478 = AXIS2_PLACEMENT_3D('',#2479,#2480,#2481);
#2479 = CARTESIAN_POINT('',(36.1,-11.25,-52.88094));
#2480 = DIRECTION('',(0.,-2.22044604925E-16,-1.));
#2481 = DIRECTION('',(0.,1.,-2.22044604925E-16));
#2482 = PCURVE('',#2092,#2483);
#2483 = DEFINITIONAL_REPRESENTATION('',(#2484),#2488);
#2484 = LINE('',#2485,#2486);
#2485 = CARTESIAN_POINT('',(-0.,-6.));
#2486 = VECTOR('',#2487,1.);
#2487 = DIRECTION('',(-1.,0.));
#2488 = ( GEOMETRIC_REPRESENTATION_CONTEXT(2) 
PARAMETRIC_REPRESENTATION_CONTEXT() REPRESENTATION_CONTEXT('2D SPACE',''
  ) );
#2489 = PCURVE('',#2490,#2495);
#2490 = PLANE('',#2491);
#2491 = AXIS2_PLACEMENT_3D('',#2492,#2493,#2494);
#2492 = CARTESIAN_POINT('',(37.924725274725,-11.249743,-52.88094));
#2493 = DIRECTION('',(1.1E-16,1.1E-16,1.));
#2494 = DIRECTION('',(1.,1.1E-16,-1.1E-16));
#2495 = DEFINITIONAL_REPRESENTATION('',(#2496),#2504);
#2496 = ( BOUNDED_CURVE() B_SPLINE_CURVE(2,(#2497,#2498,#2499,#2500,
#2501,#2502,#2503),.UNSPECIFIED.,.T.,.F.) B_SPLINE_CURVE_WITH_KNOTS((1,2
    ,2,2,2,1),(-2.094395102393,0.,2.094395102393,4.188790204786,
6.28318530718,8.377580409573),.UNSPECIFIED.) CURVE() 
GEOMETRIC_REPRESENTATION_ITEM() RATIONAL_B_SPLINE_CURVE((1.,0.5,1.,0.5,
1.,0.5,1.)) REPRESENTATION_ITEM('') );
#2497 = CARTESIAN_POINT('',(-1.824725274725,0.599743));
#2498 = CARTESIAN_POINT('',(-0.785494790184,0.599743));
#2499 = CARTESIAN_POINT('',(-1.305110032455,-0.300257));
#2500 = CARTESIAN_POINT('',(-1.824725274725,-1.200257));
#2501 = CARTESIAN_POINT('',(-2.344340516996,-0.300257));
#2502 = CARTESIAN_POINT('',(-2.863955759267,0.599743));
#2503 = CARTESIAN_POINT('',(-1.824725274725,0.599743));
#2504 = ( GEOMETRIC_REPRESENTATION_CONTEXT(2) 
PARAMETRIC_REPRESENTATION_CONTEXT() REPRESENTATION_CONTEXT('2D SPACE',''
  ) );
#2505 = ORIENTED_EDGE('',*,*,#2506,.T.);
#2506 = EDGE_CURVE('',#2474,#2472,#2507,.T.);
#2507 = SURFACE_CURVE('',#2508,(#2513,#2520),.PCURVE_S1.);
#2508 = CIRCLE('',#2509,0.6);
#2509 = AXIS2_PLACEMENT_3D('',#2510,#2511,#2512);
#2510 = CARTESIAN_POINT('',(36.1,-11.25,-52.88094));
#2511 = DIRECTION('',(0.,-2.22044604925E-16,-1.));
#2512 = DIRECTION('',(0.,1.,-2.22044604925E-16));
#2513 = PCURVE('',#2092,#2514);
#2514 = DEFINITIONAL_REPRESENTATION('',(#2515),#2519);
#2515 = LINE('',#2516,#2517);
#2516 = CARTESIAN_POINT('',(-0.,-6.));
#2517 = VECTOR('',#2518,1.);
#2518 = DIRECTION('',(-1.,0.));
#2519 = ( GEOMETRIC_REPRESENTATION_CONTEXT(2) 
PARAMETRIC_REPRESENTATION_CONTEXT() REPRESENTATION_CONTEXT('2D SPACE',''
  ) );
#2520 = PCURVE('',#2490,#2521);
#2521 = DEFINITIONAL_REPRESENTATION('',(#2522),#2530);
#2522 = ( BOUNDED_CURVE() B_SPLINE_CURVE(2,(#2523,#2524,#2525,#2526,
#2527,#2528,#2529),.UNSPECIFIED.,.T.,.F.) B_SPLINE_CURVE_WITH_KNOTS((1,2
    ,2,2,2,1),(-2.094395102393,0.,2.094395102393,4.188790204786,
6.28318530718,8.377580409573),.UNSPECIFIED.) CURVE() 
GEOMETRIC_REPRESENTATION_ITEM() RATIONAL_B_SPLINE_CURVE((1.,0.5,1.,0.5,
1.,0.5,1.)) REPRESENTATION_ITEM('') );
#2523 = CARTESIAN_POINT('',(-1.824725274725,0.599743));
#2524 = CARTESIAN_POINT('',(-0.785494790184,0.599743));
#2525 = CARTESIAN_POINT('',(-1.305110032455,-0.300257));
#2526 = CARTESIAN_POINT('',(-1.824725274725,-1.200257));
#2527 = CARTESIAN_POINT('',(-2.344340516996,-0.300257));
#2528 = CARTESIAN_POINT('',(-2.863955759267,0.599743));
#2529 = CARTESIAN_POINT('',(-1.824725274725,0.599743));
#2530 = ( GEOMETRIC_REPRESENTATION_CONTEXT(2) 
PARAMETRIC_REPRESENTATION_CONTEXT() REPRESENTATION_CONTEXT('2D SPACE',''
  ) );
#2531 = ORIENTED_EDGE('',*,*,#2532,.T.);
#2532 = EDGE_CURVE('',#2472,#2074,#2533,.T.);
#2533 = SEAM_CURVE('',#2534,(#2537,#2544),.PCURVE_S1.);
#2534 = B_SPLINE_CURVE_WITH_KNOTS('',1,(#2535,#2536),.UNSPECIFIED.,.F.,
  .F.,(2,2),(-6.,0.),.PIECEWISE_BEZIER_KNOTS.);
#2535 = CARTESIAN_POINT('',(36.1,-10.65,-52.88094));
#2536 = CARTESIAN_POINT('',(36.1,-10.65,-46.88094));
#2537 = PCURVE('',#2092,#2538);
#2538 = DEFINITIONAL_REPRESENTATION('',(#2539),#2543);
#2539 = LINE('',#2540,#2541);
#2540 = CARTESIAN_POINT('',(-0.,0.));
#2541 = VECTOR('',#2542,1.);
#2542 = DIRECTION('',(-0.,1.));
#2543 = ( GEOMETRIC_REPRESENTATION_CONTEXT(2) 
PARAMETRIC_REPRESENTATION_CONTEXT() REPRESENTATION_CONTEXT('2D SPACE',''
  ) );
#2544 = PCURVE('',#2092,#2545);
#2545 = DEFINITIONAL_REPRESENTATION('',(#2546),#2550);
#2546 = LINE('',#2547,#2548);
#2547 = CARTESIAN_POINT('',(-6.28318530718,0.));
#2548 = VECTOR('',#2549,1.);
#2549 = DIRECTION('',(-0.,1.));
#2550 = ( GEOMETRIC_REPRESENTATION_CONTEXT(2) 
PARAMETRIC_REPRESENTATION_CONTEXT() REPRESENTATION_CONTEXT('2D SPACE',''
  ) );
#2551 = ORIENTED_EDGE('',*,*,#2104,.F.);
#2552 = ORIENTED_EDGE('',*,*,#2073,.F.);
#2553 = ORIENTED_EDGE('',*,*,#2532,.F.);
#2554 = ADVANCED_FACE('',(#2555),#2147,.F.);
#2555 = FACE_BOUND('',#2556,.T.);
#2556 = EDGE_LOOP('',(#2557,#2592,#2618,#2638,#2639,#2640));
#2557 = ORIENTED_EDGE('',*,*,#2558,.T.);
#2558 = EDGE_CURVE('',#2559,#2561,#2563,.T.);
#2559 = VERTEX_POINT('',#2560);
#2560 = CARTESIAN_POINT('',(38.1,-10.65,-52.88094));
#2561 = VERTEX_POINT('',#2562);
#2562 = CARTESIAN_POINT('',(38.1,-11.85,-52.88094));
#2563 = SURFACE_CURVE('',#2564,(#2569,#2576),.PCURVE_S1.);
#2564 = CIRCLE('',#2565,0.6);
#2565 = AXIS2_PLACEMENT_3D('',#2566,#2567,#2568);
#2566 = CARTESIAN_POINT('',(38.1,-11.25,-52.88094));
#2567 = DIRECTION('',(0.,-2.22044604925E-16,-1.));
#2568 = DIRECTION('',(0.,1.,-2.22044604925E-16));
#2569 = PCURVE('',#2147,#2570);
#2570 = DEFINITIONAL_REPRESENTATION('',(#2571),#2575);
#2571 = LINE('',#2572,#2573);
#2572 = CARTESIAN_POINT('',(-0.,-6.));
#2573 = VECTOR('',#2574,1.);
#2574 = DIRECTION('',(-1.,0.));
#2575 = ( GEOMETRIC_REPRESENTATION_CONTEXT(2) 
PARAMETRIC_REPRESENTATION_CONTEXT() REPRESENTATION_CONTEXT('2D SPACE',''
  ) );
#2576 = PCURVE('',#2577,#2582);
#2577 = PLANE('',#2578);
#2578 = AXIS2_PLACEMENT_3D('',#2579,#2580,#2581);
#2579 = CARTESIAN_POINT('',(37.924725274725,-11.249743,-52.88094));
#2580 = DIRECTION('',(1.1E-16,1.1E-16,1.));
#2581 = DIRECTION('',(1.,1.1E-16,-1.1E-16));
#2582 = DEFINITIONAL_REPRESENTATION('',(#2583),#2591);
#2583 = ( BOUNDED_CURVE() B_SPLINE_CURVE(2,(#2584,#2585,#2586,#2587,
#2588,#2589,#2590),.UNSPECIFIED.,.T.,.F.) B_SPLINE_CURVE_WITH_KNOTS((1,2
    ,2,2,2,1),(-2.094395102393,0.,2.094395102393,4.188790204786,
6.28318530718,8.377580409573),.UNSPECIFIED.) CURVE() 
GEOMETRIC_REPRESENTATION_ITEM() RATIONAL_B_SPLINE_CURVE((1.,0.5,1.,0.5,
1.,0.5,1.)) REPRESENTATION_ITEM('') );
#2584 = CARTESIAN_POINT('',(0.175274725275,0.599743));
#2585 = CARTESIAN_POINT('',(1.214505209816,0.599743));
#2586 = CARTESIAN_POINT('',(0.694889967545,-0.300257));
#2587 = CARTESIAN_POINT('',(0.175274725275,-1.200257));
#2588 = CARTESIAN_POINT('',(-0.344340516996,-0.300257));
#2589 = CARTESIAN_POINT('',(-0.863955759267,0.599743));
#2590 = CARTESIAN_POINT('',(0.175274725275,0.599743));
#2591 = ( GEOMETRIC_REPRESENTATION_CONTEXT(2) 
PARAMETRIC_REPRESENTATION_CONTEXT() REPRESENTATION_CONTEXT('2D SPACE',''
  ) );
#2592 = ORIENTED_EDGE('',*,*,#2593,.T.);
#2593 = EDGE_CURVE('',#2561,#2559,#2594,.T.);
#2594 = SURFACE_CURVE('',#2595,(#2600,#2607),.PCURVE_S1.);
#2595 = CIRCLE('',#2596,0.6);
#2596 = AXIS2_PLACEMENT_3D('',#2597,#2598,#2599);
#2597 = CARTESIAN_POINT('',(38.1,-11.25,-52.88094));
#2598 = DIRECTION('',(0.,-2.22044604925E-16,-1.));
#2599 = DIRECTION('',(0.,1.,-2.22044604925E-16));
#2600 = PCURVE('',#2147,#2601);
#2601 = DEFINITIONAL_REPRESENTATION('',(#2602),#2606);
#2602 = LINE('',#2603,#2604);
#2603 = CARTESIAN_POINT('',(-0.,-6.));
#2604 = VECTOR('',#2605,1.);
#2605 = DIRECTION('',(-1.,0.));
#2606 = ( GEOMETRIC_REPRESENTATION_CONTEXT(2) 
PARAMETRIC_REPRESENTATION_CONTEXT() REPRESENTATION_CONTEXT('2D SPACE',''
  ) );
#2607 = PCURVE('',#2577,#2608);
#2608 = DEFINITIONAL_REPRESENTATION('',(#2609),#2617);
#2609 = ( BOUNDED_CURVE() B_SPLINE_CURVE(2,(#2610,#2611,#2612,#2613,
#2614,#2615,#2616),.UNSPECIFIED.,.T.,.F.) B_SPLINE_CURVE_WITH_KNOTS((1,2
    ,2,2,2,1),(-2.094395102393,0.,2.094395102393,4.188790204786,
6.28318530718,8.377580409573),.UNSPECIFIED.) CURVE() 
GEOMETRIC_REPRESENTATION_ITEM() RATIONAL_B_SPLINE_CURVE((1.,0.5,1.,0.5,
1.,0.5,1.)) REPRESENTATION_ITEM('') );
#2610 = CARTESIAN_POINT('',(0.175274725275,0.599743));
#2611 = CARTESIAN_POINT('',(1.214505209816,0.599743));
#2612 = CARTESIAN_POINT('',(0.694889967545,-0.300257));
#2613 = CARTESIAN_POINT('',(0.175274725275,-1.200257));
#2614 = CARTESIAN_POINT('',(-0.344340516996,-0.300257));
#2615 = CARTESIAN_POINT('',(-0.863955759267,0.599743));
#2616 = CARTESIAN_POINT('',(0.175274725275,0.599743));
#2617 = ( GEOMETRIC_REPRESENTATION_CONTEXT(2) 
PARAMETRIC_REPRESENTATION_CONTEXT() REPRESENTATION_CONTEXT('2D SPACE',''
  ) );
#2618 = ORIENTED_EDGE('',*,*,#2619,.T.);
#2619 = EDGE_CURVE('',#2559,#2129,#2620,.T.);
#2620 = SEAM_CURVE('',#2621,(#2624,#2631),.PCURVE_S1.);
#2621 = B_SPLINE_CURVE_WITH_KNOTS('',1,(#2622,#2623),.UNSPECIFIED.,.F.,
  .F.,(2,2),(-6.,0.),.PIECEWISE_BEZIER_KNOTS.);
#2622 = CARTESIAN_POINT('',(38.1,-10.65,-52.88094));
#2623 = CARTESIAN_POINT('',(38.1,-10.65,-46.88094));
#2624 = PCURVE('',#2147,#2625);
#2625 = DEFINITIONAL_REPRESENTATION('',(#2626),#2630);
#2626 = LINE('',#2627,#2628);
#2627 = CARTESIAN_POINT('',(-0.,0.));
#2628 = VECTOR('',#2629,1.);
#2629 = DIRECTION('',(-0.,1.));
#2630 = ( GEOMETRIC_REPRESENTATION_CONTEXT(2) 
PARAMETRIC_REPRESENTATION_CONTEXT() REPRESENTATION_CONTEXT('2D SPACE',''
  ) );
#2631 = PCURVE('',#2147,#2632);
#2632 = DEFINITIONAL_REPRESENTATION('',(#2633),#2637);
#2633 = LINE('',#2634,#2635);
#2634 = CARTESIAN_POINT('',(-6.28318530718,0.));
#2635 = VECTOR('',#2636,1.);
#2636 = DIRECTION('',(-0.,1.));
#2637 = ( GEOMETRIC_REPRESENTATION_CONTEXT(2) 
PARAMETRIC_REPRESENTATION_CONTEXT() REPRESENTATION_CONTEXT('2D SPACE',''
  ) );
#2638 = ORIENTED_EDGE('',*,*,#2159,.F.);
#2639 = ORIENTED_EDGE('',*,*,#2128,.F.);
#2640 = ORIENTED_EDGE('',*,*,#2619,.F.);
#2641 = ADVANCED_FACE('',(#2642),#2202,.F.);
#2642 = FACE_BOUND('',#2643,.T.);
#2643 = EDGE_LOOP('',(#2644,#2679,#2705,#2725,#2726,#2727));
#2644 = ORIENTED_EDGE('',*,*,#2645,.T.);
#2645 = EDGE_CURVE('',#2646,#2648,#2650,.T.);
#2646 = VERTEX_POINT('',#2647);
#2647 = CARTESIAN_POINT('',(40.1,-10.65,-52.88094));
#2648 = VERTEX_POINT('',#2649);
#2649 = CARTESIAN_POINT('',(40.1,-11.85,-52.88094));
#2650 = SURFACE_CURVE('',#2651,(#2656,#2663),.PCURVE_S1.);
#2651 = CIRCLE('',#2652,0.6);
#2652 = AXIS2_PLACEMENT_3D('',#2653,#2654,#2655);
#2653 = CARTESIAN_POINT('',(40.1,-11.25,-52.88094));
#2654 = DIRECTION('',(0.,-2.22044604925E-16,-1.));
#2655 = DIRECTION('',(0.,1.,-2.22044604925E-16));
#2656 = PCURVE('',#2202,#2657);
#2657 = DEFINITIONAL_REPRESENTATION('',(#2658),#2662);
#2658 = LINE('',#2659,#2660);
#2659 = CARTESIAN_POINT('',(-0.,-6.));
#2660 = VECTOR('',#2661,1.);
#2661 = DIRECTION('',(-1.,0.));
#2662 = ( GEOMETRIC_REPRESENTATION_CONTEXT(2) 
PARAMETRIC_REPRESENTATION_CONTEXT() REPRESENTATION_CONTEXT('2D SPACE',''
  ) );
#2663 = PCURVE('',#2664,#2669);
#2664 = PLANE('',#2665);
#2665 = AXIS2_PLACEMENT_3D('',#2666,#2667,#2668);
#2666 = CARTESIAN_POINT('',(37.924725274725,-11.249743,-52.88094));
#2667 = DIRECTION('',(1.1E-16,1.1E-16,1.));
#2668 = DIRECTION('',(1.,1.1E-16,-1.1E-16));
#2669 = DEFINITIONAL_REPRESENTATION('',(#2670),#2678);
#2670 = ( BOUNDED_CURVE() B_SPLINE_CURVE(2,(#2671,#2672,#2673,#2674,
#2675,#2676,#2677),.UNSPECIFIED.,.T.,.F.) B_SPLINE_CURVE_WITH_KNOTS((1,2
    ,2,2,2,1),(-2.094395102393,0.,2.094395102393,4.188790204786,
6.28318530718,8.377580409573),.UNSPECIFIED.) CURVE() 
GEOMETRIC_REPRESENTATION_ITEM() RATIONAL_B_SPLINE_CURVE((1.,0.5,1.,0.5,
1.,0.5,1.)) REPRESENTATION_ITEM('') );
#2671 = CARTESIAN_POINT('',(2.175274725275,0.599743));
#2672 = CARTESIAN_POINT('',(3.214505209816,0.599743));
#2673 = CARTESIAN_POINT('',(2.694889967545,-0.300257));
#2674 = CARTESIAN_POINT('',(2.175274725275,-1.200257));
#2675 = CARTESIAN_POINT('',(1.655659483004,-0.300257));
#2676 = CARTESIAN_POINT('',(1.136044240733,0.599743));
#2677 = CARTESIAN_POINT('',(2.175274725275,0.599743));
#2678 = ( GEOMETRIC_REPRESENTATION_CONTEXT(2) 
PARAMETRIC_REPRESENTATION_CONTEXT() REPRESENTATION_CONTEXT('2D SPACE',''
  ) );
#2679 = ORIENTED_EDGE('',*,*,#2680,.T.);
#2680 = EDGE_CURVE('',#2648,#2646,#2681,.T.);
#2681 = SURFACE_CURVE('',#2682,(#2687,#2694),.PCURVE_S1.);
#2682 = CIRCLE('',#2683,0.6);
#2683 = AXIS2_PLACEMENT_3D('',#2684,#2685,#2686);
#2684 = CARTESIAN_POINT('',(40.1,-11.25,-52.88094));
#2685 = DIRECTION('',(0.,-2.22044604925E-16,-1.));
#2686 = DIRECTION('',(0.,1.,-2.22044604925E-16));
#2687 = PCURVE('',#2202,#2688);
#2688 = DEFINITIONAL_REPRESENTATION('',(#2689),#2693);
#2689 = LINE('',#2690,#2691);
#2690 = CARTESIAN_POINT('',(-0.,-6.));
#2691 = VECTOR('',#2692,1.);
#2692 = DIRECTION('',(-1.,0.));
#2693 = ( GEOMETRIC_REPRESENTATION_CONTEXT(2) 
PARAMETRIC_REPRESENTATION_CONTEXT() REPRESENTATION_CONTEXT('2D SPACE',''
  ) );
#2694 = PCURVE('',#2664,#2695);
#2695 = DEFINITIONAL_REPRESENTATION('',(#2696),#2704);
#2696 = ( BOUNDED_CURVE() B_SPLINE_CURVE(2,(#2697,#2698,#2699,#2700,
#2701,#2702,#2703),.UNSPECIFIED.,.T.,.F.) B_SPLINE_CURVE_WITH_KNOTS((1,2
    ,2,2,2,1),(-2.094395102393,0.,2.094395102393,4.188790204786,
6.28318530718,8.377580409573),.UNSPECIFIED.) CURVE() 
GEOMETRIC_REPRESENTATION_ITEM() RATIONAL_B_SPLINE_CURVE((1.,0.5,1.,0.5,
1.,0.5,1.)) REPRESENTATION_ITEM('') );
#2697 = CARTESIAN_POINT('',(2.175274725275,0.599743));
#2698 = CARTESIAN_POINT('',(3.214505209816,0.599743));
#2699 = CARTESIAN_POINT('',(2.694889967545,-0.300257));
#2700 = CARTESIAN_POINT('',(2.175274725275,-1.200257));
#2701 = CARTESIAN_POINT('',(1.655659483004,-0.300257));
#2702 = CARTESIAN_POINT('',(1.136044240733,0.599743));
#2703 = CARTESIAN_POINT('',(2.175274725275,0.599743));
#2704 = ( GEOMETRIC_REPRESENTATION_CONTEXT(2) 
PARAMETRIC_REPRESENTATION_CONTEXT() REPRESENTATION_CONTEXT('2D SPACE',''
  ) );
#2705 = ORIENTED_EDGE('',*,*,#2706,.T.);
#2706 = EDGE_CURVE('',#2646,#2184,#2707,.T.);
#2707 = SEAM_CURVE('',#2708,(#2711,#2718),.PCURVE_S1.);
#2708 = B_SPLINE_CURVE_WITH_KNOTS('',1,(#2709,#2710),.UNSPECIFIED.,.F.,
  .F.,(2,2),(-6.,0.),.PIECEWISE_BEZIER_KNOTS.);
#2709 = CARTESIAN_POINT('',(40.1,-10.65,-52.88094));
#2710 = CARTESIAN_POINT('',(40.1,-10.65,-46.88094));
#2711 = PCURVE('',#2202,#2712);
#2712 = DEFINITIONAL_REPRESENTATION('',(#2713),#2717);
#2713 = LINE('',#2714,#2715);
#2714 = CARTESIAN_POINT('',(-0.,0.));
#2715 = VECTOR('',#2716,1.);
#2716 = DIRECTION('',(-0.,1.));
#2717 = ( GEOMETRIC_REPRESENTATION_CONTEXT(2) 
PARAMETRIC_REPRESENTATION_CONTEXT() REPRESENTATION_CONTEXT('2D SPACE',''
  ) );
#2718 = PCURVE('',#2202,#2719);
#2719 = DEFINITIONAL_REPRESENTATION('',(#2720),#2724);
#2720 = LINE('',#2721,#2722);
#2721 = CARTESIAN_POINT('',(-6.28318530718,0.));
#2722 = VECTOR('',#2723,1.);
#2723 = DIRECTION('',(-0.,1.));
#2724 = ( GEOMETRIC_REPRESENTATION_CONTEXT(2) 
PARAMETRIC_REPRESENTATION_CONTEXT() REPRESENTATION_CONTEXT('2D SPACE',''
  ) );
#2725 = ORIENTED_EDGE('',*,*,#2214,.F.);
#2726 = ORIENTED_EDGE('',*,*,#2183,.F.);
#2727 = ORIENTED_EDGE('',*,*,#2706,.F.);
#2728 = ADVANCED_FACE('',(#2729),#2257,.F.);
#2729 = FACE_BOUND('',#2730,.T.);
#2730 = EDGE_LOOP('',(#2731,#2766,#2792,#2812,#2813,#2814));
#2731 = ORIENTED_EDGE('',*,*,#2732,.T.);
#2732 = EDGE_CURVE('',#2733,#2735,#2737,.T.);
#2733 = VERTEX_POINT('',#2734);
#2734 = CARTESIAN_POINT('',(42.1,-10.65,-52.88094));
#2735 = VERTEX_POINT('',#2736);
#2736 = CARTESIAN_POINT('',(42.1,-11.85,-52.88094));
#2737 = SURFACE_CURVE('',#2738,(#2743,#2750),.PCURVE_S1.);
#2738 = CIRCLE('',#2739,0.6);
#2739 = AXIS2_PLACEMENT_3D('',#2740,#2741,#2742);
#2740 = CARTESIAN_POINT('',(42.1,-11.25,-52.88094));
#2741 = DIRECTION('',(0.,-2.22044604925E-16,-1.));
#2742 = DIRECTION('',(0.,1.,-2.22044604925E-16));
#2743 = PCURVE('',#2257,#2744);
#2744 = DEFINITIONAL_REPRESENTATION('',(#2745),#2749);
#2745 = LINE('',#2746,#2747);
#2746 = CARTESIAN_POINT('',(-0.,-6.));
#2747 = VECTOR('',#2748,1.);
#2748 = DIRECTION('',(-1.,0.));
#2749 = ( GEOMETRIC_REPRESENTATION_CONTEXT(2) 
PARAMETRIC_REPRESENTATION_CONTEXT() REPRESENTATION_CONTEXT('2D SPACE',''
  ) );
#2750 = PCURVE('',#2751,#2756);
#2751 = PLANE('',#2752);
#2752 = AXIS2_PLACEMENT_3D('',#2753,#2754,#2755);
#2753 = CARTESIAN_POINT('',(37.924725274725,-11.249743,-52.88094));
#2754 = DIRECTION('',(1.1E-16,1.1E-16,1.));
#2755 = DIRECTION('',(1.,1.1E-16,-1.1E-16));
#2756 = DEFINITIONAL_REPRESENTATION('',(#2757),#2765);
#2757 = ( BOUNDED_CURVE() B_SPLINE_CURVE(2,(#2758,#2759,#2760,#2761,
#2762,#2763,#2764),.UNSPECIFIED.,.T.,.F.) B_SPLINE_CURVE_WITH_KNOTS((1,2
    ,2,2,2,1),(-2.094395102393,0.,2.094395102393,4.188790204786,
6.28318530718,8.377580409573),.UNSPECIFIED.) CURVE() 
GEOMETRIC_REPRESENTATION_ITEM() RATIONAL_B_SPLINE_CURVE((1.,0.5,1.,0.5,
1.,0.5,1.)) REPRESENTATION_ITEM('') );
#2758 = CARTESIAN_POINT('',(4.175274725275,0.599743));
#2759 = CARTESIAN_POINT('',(5.214505209816,0.599743));
#2760 = CARTESIAN_POINT('',(4.694889967545,-0.300257));
#2761 = CARTESIAN_POINT('',(4.175274725275,-1.200257));
#2762 = CARTESIAN_POINT('',(3.655659483004,-0.300257));
#2763 = CARTESIAN_POINT('',(3.136044240733,0.599743));
#2764 = CARTESIAN_POINT('',(4.175274725275,0.599743));
#2765 = ( GEOMETRIC_REPRESENTATION_CONTEXT(2) 
PARAMETRIC_REPRESENTATION_CONTEXT() REPRESENTATION_CONTEXT('2D SPACE',''
  ) );
#2766 = ORIENTED_EDGE('',*,*,#2767,.T.);
#2767 = EDGE_CURVE('',#2735,#2733,#2768,.T.);
#2768 = SURFACE_CURVE('',#2769,(#2774,#2781),.PCURVE_S1.);
#2769 = CIRCLE('',#2770,0.6);
#2770 = AXIS2_PLACEMENT_3D('',#2771,#2772,#2773);
#2771 = CARTESIAN_POINT('',(42.1,-11.25,-52.88094));
#2772 = DIRECTION('',(0.,-2.22044604925E-16,-1.));
#2773 = DIRECTION('',(0.,1.,-2.22044604925E-16));
#2774 = PCURVE('',#2257,#2775);
#2775 = DEFINITIONAL_REPRESENTATION('',(#2776),#2780);
#2776 = LINE('',#2777,#2778);
#2777 = CARTESIAN_POINT('',(-0.,-6.));
#2778 = VECTOR('',#2779,1.);
#2779 = DIRECTION('',(-1.,0.));
#2780 = ( GEOMETRIC_REPRESENTATION_CONTEXT(2) 
PARAMETRIC_REPRESENTATION_CONTEXT() REPRESENTATION_CONTEXT('2D SPACE',''
  ) );
#2781 = PCURVE('',#2751,#2782);
#2782 = DEFINITIONAL_REPRESENTATION('',(#2783),#2791);
#2783 = ( BOUNDED_CURVE() B_SPLINE_CURVE(2,(#2784,#2785,#2786,#2787,
#2788,#2789,#2790),.UNSPECIFIED.,.T.,.F.) B_SPLINE_CURVE_WITH_KNOTS((1,2
    ,2,2,2,1),(-2.094395102393,0.,2.094395102393,4.188790204786,
6.28318530718,8.377580409573),.UNSPECIFIED.) CURVE() 
GEOMETRIC_REPRESENTATION_ITEM() RATIONAL_B_SPLINE_CURVE((1.,0.5,1.,0.5,
1.,0.5,1.)) REPRESENTATION_ITEM('') );
#2784 = CARTESIAN_POINT('',(4.175274725275,0.599743));
#2785 = CARTESIAN_POINT('',(5.214505209816,0.599743));
#2786 = CARTESIAN_POINT('',(4.694889967545,-0.300257));
#2787 = CARTESIAN_POINT('',(4.175274725275,-1.200257));
#2788 = CARTESIAN_POINT('',(3.655659483004,-0.300257));
#2789 = CARTESIAN_POINT('',(3.136044240733,0.599743));
#2790 = CARTESIAN_POINT('',(4.175274725275,0.599743));
#2791 = ( GEOMETRIC_REPRESENTATION_CONTEXT(2) 
PARAMETRIC_REPRESENTATION_CONTEXT() REPRESENTATION_CONTEXT('2D SPACE',''
  ) );
#2792 = ORIENTED_EDGE('',*,*,#2793,.T.);
#2793 = EDGE_CURVE('',#2733,#2239,#2794,.T.);
#2794 = SEAM_CURVE('',#2795,(#2798,#2805),.PCURVE_S1.);
#2795 = B_SPLINE_CURVE_WITH_KNOTS('',1,(#2796,#2797),.UNSPECIFIED.,.F.,
  .F.,(2,2),(-6.,0.),.PIECEWISE_BEZIER_KNOTS.);
#2796 = CARTESIAN_POINT('',(42.1,-10.65,-52.88094));
#2797 = CARTESIAN_POINT('',(42.1,-10.65,-46.88094));
#2798 = PCURVE('',#2257,#2799);
#2799 = DEFINITIONAL_REPRESENTATION('',(#2800),#2804);
#2800 = LINE('',#2801,#2802);
#2801 = CARTESIAN_POINT('',(-0.,0.));
#2802 = VECTOR('',#2803,1.);
#2803 = DIRECTION('',(-0.,1.));
#2804 = ( GEOMETRIC_REPRESENTATION_CONTEXT(2) 
PARAMETRIC_REPRESENTATION_CONTEXT() REPRESENTATION_CONTEXT('2D SPACE',''
  ) );
#2805 = PCURVE('',#2257,#2806);
#2806 = DEFINITIONAL_REPRESENTATION('',(#2807),#2811);
#2807 = LINE('',#2808,#2809);
#2808 = CARTESIAN_POINT('',(-6.28318530718,0.));
#2809 = VECTOR('',#2810,1.);
#2810 = DIRECTION('',(-0.,1.));
#2811 = ( GEOMETRIC_REPRESENTATION_CONTEXT(2) 
PARAMETRIC_REPRESENTATION_CONTEXT() REPRESENTATION_CONTEXT('2D SPACE',''
  ) );
#2812 = ORIENTED_EDGE('',*,*,#2269,.F.);
#2813 = ORIENTED_EDGE('',*,*,#2238,.F.);
#2814 = ORIENTED_EDGE('',*,*,#2793,.F.);
#2815 = ADVANCED_FACE('',(#2816),#2312,.F.);
#2816 = FACE_BOUND('',#2817,.T.);
#2817 = EDGE_LOOP('',(#2818,#2853,#2879,#2899,#2900,#2901));
#2818 = ORIENTED_EDGE('',*,*,#2819,.T.);
#2819 = EDGE_CURVE('',#2820,#2822,#2824,.T.);
#2820 = VERTEX_POINT('',#2821);
#2821 = CARTESIAN_POINT('',(44.1,-10.65,-52.88094));
#2822 = VERTEX_POINT('',#2823);
#2823 = CARTESIAN_POINT('',(44.1,-11.85,-52.88094));
#2824 = SURFACE_CURVE('',#2825,(#2830,#2837),.PCURVE_S1.);
#2825 = CIRCLE('',#2826,0.6);
#2826 = AXIS2_PLACEMENT_3D('',#2827,#2828,#2829);
#2827 = CARTESIAN_POINT('',(44.1,-11.25,-52.88094));
#2828 = DIRECTION('',(0.,-2.22044604925E-16,-1.));
#2829 = DIRECTION('',(0.,1.,-2.22044604925E-16));
#2830 = PCURVE('',#2312,#2831);
#2831 = DEFINITIONAL_REPRESENTATION('',(#2832),#2836);
#2832 = LINE('',#2833,#2834);
#2833 = CARTESIAN_POINT('',(-0.,-6.));
#2834 = VECTOR('',#2835,1.);
#2835 = DIRECTION('',(-1.,0.));
#2836 = ( GEOMETRIC_REPRESENTATION_CONTEXT(2) 
PARAMETRIC_REPRESENTATION_CONTEXT() REPRESENTATION_CONTEXT('2D SPACE',''
  ) );
#2837 = PCURVE('',#2838,#2843);
#2838 = PLANE('',#2839);
#2839 = AXIS2_PLACEMENT_3D('',#2840,#2841,#2842);
#2840 = CARTESIAN_POINT('',(37.924725274725,-11.249743,-52.88094));
#2841 = DIRECTION('',(1.1E-16,1.1E-16,1.));
#2842 = DIRECTION('',(1.,1.1E-16,-1.1E-16));
#2843 = DEFINITIONAL_REPRESENTATION('',(#2844),#2852);
#2844 = ( BOUNDED_CURVE() B_SPLINE_CURVE(2,(#2845,#2846,#2847,#2848,
#2849,#2850,#2851),.UNSPECIFIED.,.T.,.F.) B_SPLINE_CURVE_WITH_KNOTS((1,2
    ,2,2,2,1),(-2.094395102393,0.,2.094395102393,4.188790204786,
6.28318530718,8.377580409573),.UNSPECIFIED.) CURVE() 
GEOMETRIC_REPRESENTATION_ITEM() RATIONAL_B_SPLINE_CURVE((1.,0.5,1.,0.5,
1.,0.5,1.)) REPRESENTATION_ITEM('') );
#2845 = CARTESIAN_POINT('',(6.175274725275,0.599743));
#2846 = CARTESIAN_POINT('',(7.214505209816,0.599743));
#2847 = CARTESIAN_POINT('',(6.694889967545,-0.300257));
#2848 = CARTESIAN_POINT('',(6.175274725275,-1.200257));
#2849 = CARTESIAN_POINT('',(5.655659483004,-0.300257));
#2850 = CARTESIAN_POINT('',(5.136044240733,0.599743));
#2851 = CARTESIAN_POINT('',(6.175274725275,0.599743));
#2852 = ( GEOMETRIC_REPRESENTATION_CONTEXT(2) 
PARAMETRIC_REPRESENTATION_CONTEXT() REPRESENTATION_CONTEXT('2D SPACE',''
  ) );
#2853 = ORIENTED_EDGE('',*,*,#2854,.T.);
#2854 = EDGE_CURVE('',#2822,#2820,#2855,.T.);
#2855 = SURFACE_CURVE('',#2856,(#2861,#2868),.PCURVE_S1.);
#2856 = CIRCLE('',#2857,0.6);
#2857 = AXIS2_PLACEMENT_3D('',#2858,#2859,#2860);
#2858 = CARTESIAN_POINT('',(44.1,-11.25,-52.88094));
#2859 = DIRECTION('',(0.,-2.22044604925E-16,-1.));
#2860 = DIRECTION('',(0.,1.,-2.22044604925E-16));
#2861 = PCURVE('',#2312,#2862);
#2862 = DEFINITIONAL_REPRESENTATION('',(#2863),#2867);
#2863 = LINE('',#2864,#2865);
#2864 = CARTESIAN_POINT('',(-0.,-6.));
#2865 = VECTOR('',#2866,1.);
#2866 = DIRECTION('',(-1.,0.));
#2867 = ( GEOMETRIC_REPRESENTATION_CONTEXT(2) 
PARAMETRIC_REPRESENTATION_CONTEXT() REPRESENTATION_CONTEXT('2D SPACE',''
  ) );
#2868 = PCURVE('',#2838,#2869);
#2869 = DEFINITIONAL_REPRESENTATION('',(#2870),#2878);
#2870 = ( BOUNDED_CURVE() B_SPLINE_CURVE(2,(#2871,#2872,#2873,#2874,
#2875,#2876,#2877),.UNSPECIFIED.,.T.,.F.) B_SPLINE_CURVE_WITH_KNOTS((1,2
    ,2,2,2,1),(-2.094395102393,0.,2.094395102393,4.188790204786,
6.28318530718,8.377580409573),.UNSPECIFIED.) CURVE() 
GEOMETRIC_REPRESENTATION_ITEM() RATIONAL_B_SPLINE_CURVE((1.,0.5,1.,0.5,
1.,0.5,1.)) REPRESENTATION_ITEM('') );
#2871 = CARTESIAN_POINT('',(6.175274725275,0.599743));
#2872 = CARTESIAN_POINT('',(7.214505209816,0.599743));
#2873 = CARTESIAN_POINT('',(6.694889967545,-0.300257));
#2874 = CARTESIAN_POINT('',(6.175274725275,-1.200257));
#2875 = CARTESIAN_POINT('',(5.655659483004,-0.300257));
#2876 = CARTESIAN_POINT('',(5.136044240733,0.599743));
#2877 = CARTESIAN_POINT('',(6.175274725275,0.599743));
#2878 = ( GEOMETRIC_REPRESENTATION_CONTEXT(2) 
PARAMETRIC_REPRESENTATION_CONTEXT() REPRESENTATION_CONTEXT('2D SPACE',''
  ) );
#2879 = ORIENTED_EDGE('',*,*,#2880,.T.);
#2880 = EDGE_CURVE('',#2820,#2294,#2881,.T.);
#2881 = SEAM_CURVE('',#2882,(#2885,#2892),.PCURVE_S1.);
#2882 = B_SPLINE_CURVE_WITH_KNOTS('',1,(#2883,#2884),.UNSPECIFIED.,.F.,
  .F.,(2,2),(-6.,0.),.PIECEWISE_BEZIER_KNOTS.);
#2883 = CARTESIAN_POINT('',(44.1,-10.65,-52.88094));
#2884 = CARTESIAN_POINT('',(44.1,-10.65,-46.88094));
#2885 = PCURVE('',#2312,#2886);
#2886 = DEFINITIONAL_REPRESENTATION('',(#2887),#2891);
#2887 = LINE('',#2888,#2889);
#2888 = CARTESIAN_POINT('',(-0.,0.));
#2889 = VECTOR('',#2890,1.);
#2890 = DIRECTION('',(-0.,1.));
#2891 = ( GEOMETRIC_REPRESENTATION_CONTEXT(2) 
PARAMETRIC_REPRESENTATION_CONTEXT() REPRESENTATION_CONTEXT('2D SPACE',''
  ) );
#2892 = PCURVE('',#2312,#2893);
#2893 = DEFINITIONAL_REPRESENTATION('',(#2894),#2898);
#2894 = LINE('',#2895,#2896);
#2895 = CARTESIAN_POINT('',(-6.28318530718,0.));
#2896 = VECTOR('',#2897,1.);
#2897 = DIRECTION('',(-0.,1.));
#2898 = ( GEOMETRIC_REPRESENTATION_CONTEXT(2) 
PARAMETRIC_REPRESENTATION_CONTEXT() REPRESENTATION_CONTEXT('2D SPACE',''
  ) );
#2899 = ORIENTED_EDGE('',*,*,#2324,.F.);
#2900 = ORIENTED_EDGE('',*,*,#2293,.F.);
#2901 = ORIENTED_EDGE('',*,*,#2880,.F.);
#2902 = ADVANCED_FACE('',(#2903),#2367,.F.);
#2903 = FACE_BOUND('',#2904,.T.);
#2904 = EDGE_LOOP('',(#2905,#2940,#2966,#2986,#2987,#2988));
#2905 = ORIENTED_EDGE('',*,*,#2906,.T.);
#2906 = EDGE_CURVE('',#2907,#2909,#2911,.T.);
#2907 = VERTEX_POINT('',#2908);
#2908 = CARTESIAN_POINT('',(46.1,-10.65,-52.88094));
#2909 = VERTEX_POINT('',#2910);
#2910 = CARTESIAN_POINT('',(46.1,-11.85,-52.88094));
#2911 = SURFACE_CURVE('',#2912,(#2917,#2924),.PCURVE_S1.);
#2912 = CIRCLE('',#2913,0.6);
#2913 = AXIS2_PLACEMENT_3D('',#2914,#2915,#2916);
#2914 = CARTESIAN_POINT('',(46.1,-11.25,-52.88094));
#2915 = DIRECTION('',(0.,-2.22044604925E-16,-1.));
#2916 = DIRECTION('',(0.,1.,-2.22044604925E-16));
#2917 = PCURVE('',#2367,#2918);
#2918 = DEFINITIONAL_REPRESENTATION('',(#2919),#2923);
#2919 = LINE('',#2920,#2921);
#2920 = CARTESIAN_POINT('',(-0.,-6.));
#2921 = VECTOR('',#2922,1.);
#2922 = DIRECTION('',(-1.,0.));
#2923 = ( GEOMETRIC_REPRESENTATION_CONTEXT(2) 
PARAMETRIC_REPRESENTATION_CONTEXT() REPRESENTATION_CONTEXT('2D SPACE',''
  ) );
#2924 = PCURVE('',#2925,#2930);
#2925 = PLANE('',#2926);
#2926 = AXIS2_PLACEMENT_3D('',#2927,#2928,#2929);
#2927 = CARTESIAN_POINT('',(37.924725274725,-11.249743,-52.88094));
#2928 = DIRECTION('',(1.1E-16,1.1E-16,1.));
#2929 = DIRECTION('',(1.,1.1E-16,-1.1E-16));
#2930 = DEFINITIONAL_REPRESENTATION('',(#2931),#2939);
#2931 = ( BOUNDED_CURVE() B_SPLINE_CURVE(2,(#2932,#2933,#2934,#2935,
#2936,#2937,#2938),.UNSPECIFIED.,.T.,.F.) B_SPLINE_CURVE_WITH_KNOTS((1,2
    ,2,2,2,1),(-2.094395102393,0.,2.094395102393,4.188790204786,
6.28318530718,8.377580409573),.UNSPECIFIED.) CURVE() 
GEOMETRIC_REPRESENTATION_ITEM() RATIONAL_B_SPLINE_CURVE((1.,0.5,1.,0.5,
1.,0.5,1.)) REPRESENTATION_ITEM('') );
#2932 = CARTESIAN_POINT('',(8.175274725275,0.599743));
#2933 = CARTESIAN_POINT('',(9.214505209816,0.599743));
#2934 = CARTESIAN_POINT('',(8.694889967545,-0.300257));
#2935 = CARTESIAN_POINT('',(8.175274725275,-1.200257));
#2936 = CARTESIAN_POINT('',(7.655659483004,-0.300257));
#2937 = CARTESIAN_POINT('',(7.136044240733,0.599743));
#2938 = CARTESIAN_POINT('',(8.175274725275,0.599743));
#2939 = ( GEOMETRIC_REPRESENTATION_CONTEXT(2) 
PARAMETRIC_REPRESENTATION_CONTEXT() REPRESENTATION_CONTEXT('2D SPACE',''
  ) );
#2940 = ORIENTED_EDGE('',*,*,#2941,.T.);
#2941 = EDGE_CURVE('',#2909,#2907,#2942,.T.);
#2942 = SURFACE_CURVE('',#2943,(#2948,#2955),.PCURVE_S1.);
#2943 = CIRCLE('',#2944,0.6);
#2944 = AXIS2_PLACEMENT_3D('',#2945,#2946,#2947);
#2945 = CARTESIAN_POINT('',(46.1,-11.25,-52.88094));
#2946 = DIRECTION('',(0.,-2.22044604925E-16,-1.));
#2947 = DIRECTION('',(0.,1.,-2.22044604925E-16));
#2948 = PCURVE('',#2367,#2949);
#2949 = DEFINITIONAL_REPRESENTATION('',(#2950),#2954);
#2950 = LINE('',#2951,#2952);
#2951 = CARTESIAN_POINT('',(-0.,-6.));
#2952 = VECTOR('',#2953,1.);
#2953 = DIRECTION('',(-1.,0.));
#2954 = ( GEOMETRIC_REPRESENTATION_CONTEXT(2) 
PARAMETRIC_REPRESENTATION_CONTEXT() REPRESENTATION_CONTEXT('2D SPACE',''
  ) );
#2955 = PCURVE('',#2925,#2956);
#2956 = DEFINITIONAL_REPRESENTATION('',(#2957),#2965);
#2957 = ( BOUNDED_CURVE() B_SPLINE_CURVE(2,(#2958,#2959,#2960,#2961,
#2962,#2963,#2964),.UNSPECIFIED.,.T.,.F.) B_SPLINE_CURVE_WITH_KNOTS((1,2
    ,2,2,2,1),(-2.094395102393,0.,2.094395102393,4.188790204786,
6.28318530718,8.377580409573),.UNSPECIFIED.) CURVE() 
GEOMETRIC_REPRESENTATION_ITEM() RATIONAL_B_SPLINE_CURVE((1.,0.5,1.,0.5,
1.,0.5,1.)) REPRESENTATION_ITEM('') );
#2958 = CARTESIAN_POINT('',(8.175274725275,0.599743));
#2959 = CARTESIAN_POINT('',(9.214505209816,0.599743));
#2960 = CARTESIAN_POINT('',(8.694889967545,-0.300257));
#2961 = CARTESIAN_POINT('',(8.175274725275,-1.200257));
#2962 = CARTESIAN_POINT('',(7.655659483004,-0.300257));
#2963 = CARTESIAN_POINT('',(7.136044240733,0.599743));
#2964 = CARTESIAN_POINT('',(8.175274725275,0.599743));
#2965 = ( GEOMETRIC_REPRESENTATION_CONTEXT(2) 
PARAMETRIC_REPRESENTATION_CONTEXT() REPRESENTATION_CONTEXT('2D SPACE',''
  ) );
#2966 = ORIENTED_EDGE('',*,*,#2967,.T.);
#2967 = EDGE_CURVE('',#2907,#2349,#2968,.T.);
#2968 = SEAM_CURVE('',#2969,(#2972,#2979),.PCURVE_S1.);
#2969 = B_SPLINE_CURVE_WITH_KNOTS('',1,(#2970,#2971),.UNSPECIFIED.,.F.,
  .F.,(2,2),(-6.,0.),.PIECEWISE_BEZIER_KNOTS.);
#2970 = CARTESIAN_POINT('',(46.1,-10.65,-52.88094));
#2971 = CARTESIAN_POINT('',(46.1,-10.65,-46.88094));
#2972 = PCURVE('',#2367,#2973);
#2973 = DEFINITIONAL_REPRESENTATION('',(#2974),#2978);
#2974 = LINE('',#2975,#2976);
#2975 = CARTESIAN_POINT('',(-0.,0.));
#2976 = VECTOR('',#2977,1.);
#2977 = DIRECTION('',(-0.,1.));
#2978 = ( GEOMETRIC_REPRESENTATION_CONTEXT(2) 
PARAMETRIC_REPRESENTATION_CONTEXT() REPRESENTATION_CONTEXT('2D SPACE',''
  ) );
#2979 = PCURVE('',#2367,#2980);
#2980 = DEFINITIONAL_REPRESENTATION('',(#2981),#2985);
#2981 = LINE('',#2982,#2983);
#2982 = CARTESIAN_POINT('',(-6.28318530718,0.));
#2983 = VECTOR('',#2984,1.);
#2984 = DIRECTION('',(-0.,1.));
#2985 = ( GEOMETRIC_REPRESENTATION_CONTEXT(2) 
PARAMETRIC_REPRESENTATION_CONTEXT() REPRESENTATION_CONTEXT('2D SPACE',''
  ) );
#2986 = ORIENTED_EDGE('',*,*,#2379,.F.);
#2987 = ORIENTED_EDGE('',*,*,#2348,.F.);
#2988 = ORIENTED_EDGE('',*,*,#2967,.F.);
#2989 = ADVANCED_FACE('',(#2990),#2490,.T.);
#2990 = FACE_BOUND('',#2991,.T.);
#2991 = EDGE_LOOP('',(#2992,#2993));
#2992 = ORIENTED_EDGE('',*,*,#2506,.F.);
#2993 = ORIENTED_EDGE('',*,*,#2471,.F.);
#2994 = ADVANCED_FACE('',(#2995),#2577,.T.);
#2995 = FACE_BOUND('',#2996,.T.);
#2996 = EDGE_LOOP('',(#2997,#2998));
#2997 = ORIENTED_EDGE('',*,*,#2593,.F.);
#2998 = ORIENTED_EDGE('',*,*,#2558,.F.);
#2999 = ADVANCED_FACE('',(#3000),#2664,.T.);
#3000 = FACE_BOUND('',#3001,.T.);
#3001 = EDGE_LOOP('',(#3002,#3003));
#3002 = ORIENTED_EDGE('',*,*,#2680,.F.);
#3003 = ORIENTED_EDGE('',*,*,#2645,.F.);
#3004 = ADVANCED_FACE('',(#3005),#2751,.T.);
#3005 = FACE_BOUND('',#3006,.T.);
#3006 = EDGE_LOOP('',(#3007,#3008));
#3007 = ORIENTED_EDGE('',*,*,#2767,.F.);
#3008 = ORIENTED_EDGE('',*,*,#2732,.F.);
#3009 = ADVANCED_FACE('',(#3010),#2838,.T.);
#3010 = FACE_BOUND('',#3011,.T.);
#3011 = EDGE_LOOP('',(#3012,#3013));
#3012 = ORIENTED_EDGE('',*,*,#2854,.F.);
#3013 = ORIENTED_EDGE('',*,*,#2819,.F.);
#3014 = ADVANCED_FACE('',(#3015),#2925,.T.);
#3015 = FACE_BOUND('',#3016,.T.);
#3016 = EDGE_LOOP('',(#3017,#3018));
#3017 = ORIENTED_EDGE('',*,*,#2941,.F.);
#3018 = ORIENTED_EDGE('',*,*,#2906,.F.);
#3019 = ( GEOMETRIC_REPRESENTATION_CONTEXT(3) 
GLOBAL_UNCERTAINTY_ASSIGNED_CONTEXT((#3023)) 
GLOBAL_UNIT_ASSIGNED_CONTEXT((#3020,#3021,#3022)) REPRESENTATION_CONTEXT
('Context #1','3D Context with UNIT and UNCERTAINTY') );
#3020 = ( LENGTH_UNIT() NAMED_UNIT(*) SI_UNIT(.MILLI.,.METRE.) );
#3021 = ( NAMED_UNIT(*) PLANE_ANGLE_UNIT() SI_UNIT($,.RADIAN.) );
#3022 = ( NAMED_UNIT(*) SI_UNIT($,.STERADIAN.) SOLID_ANGLE_UNIT() );
#3023 = UNCERTAINTY_MEASURE_WITH_UNIT(LENGTH_MEASURE(2.E-06),#3020,
  'distance_accuracy_value','confusion accuracy');
#3024 = CONTEXT_DEPENDENT_SHAPE_REPRESENTATION(#3025,#3027);
#3025 = ( REPRESENTATION_RELATIONSHIP('','',#44,#10) 
REPRESENTATION_RELATIONSHIP_WITH_TRANSFORMATION(#3026) 
SHAPE_REPRESENTATION_RELATIONSHIP() );
#3026 = ITEM_DEFINED_TRANSFORMATION('','',#11,#15);
#3027 = PRODUCT_DEFINITION_SHAPE('Placement','Placement of an item',
  #3028);
#3028 = NEXT_ASSEMBLY_USAGE_OCCURRENCE('1','Body010','',#5,#39,$);
#3029 = PRODUCT_RELATED_PRODUCT_CATEGORY('part',$,(#41));
#3030 = SHAPE_DEFINITION_REPRESENTATION(#3031,#3037);
#3031 = PRODUCT_DEFINITION_SHAPE('','',#3032);
#3032 = PRODUCT_DEFINITION('design','',#3033,#3036);
#3033 = PRODUCT_DEFINITION_FORMATION('','',#3034);
#3034 = PRODUCT('waistBracket','waistBracket','',(#3035));
#3035 = PRODUCT_CONTEXT('',#2,'mechanical');
#3036 = PRODUCT_DEFINITION_CONTEXT('part definition',#2,'design');
#3037 = ADVANCED_BREP_SHAPE_REPRESENTATION('',(#11,#3038),#7336);
#3038 = MANIFOLD_SOLID_BREP('',#3039);
#3039 = CLOSED_SHELL('',(#3040,#3160,#3370,#3491,#3612,#3690,#3753,#3812
    ,#3888,#4509,#4558,#5092,#5141,#5168,#5256,#5352,#5484,#5562,#5638,
    #5665,#5692,#5719,#5746,#5773,#5800,#5827,#5854,#5881,#5969,#5996,
    #6108,#6135,#6189,#6285,#6375,#6402,#6453,#6565,#6619,#6709,#6715,
    #6721,#6728,#6760,#6856,#6942,#6974,#7032,#7144,#7221,#7275,#7302,
    #7329));
#3040 = ADVANCED_FACE('',(#3041),#3055,.T.);
#3041 = FACE_BOUND('',#3042,.T.);
#3042 = EDGE_LOOP('',(#3043,#3078,#3106,#3134));
#3043 = ORIENTED_EDGE('',*,*,#3044,.T.);
#3044 = EDGE_CURVE('',#3045,#3047,#3049,.T.);
#3045 = VERTEX_POINT('',#3046);
#3046 = CARTESIAN_POINT('',(-5.71864146102,-22.82121687427,
    7.771764644679));
#3047 = VERTEX_POINT('',#3048);
#3048 = CARTESIAN_POINT('',(-5.71864146102,-29.07878312572,
    7.771764644679));
#3049 = SURFACE_CURVE('',#3050,(#3054,#3066),.PCURVE_S1.);
#3050 = LINE('',#3051,#3052);
#3051 = CARTESIAN_POINT('',(-5.71864146102,-22.75,7.771764644679));
#3052 = VECTOR('',#3053,1.);
#3053 = DIRECTION('',(-1.224646799147E-16,-1.,0.));
#3054 = PCURVE('',#3055,#3060);
#3055 = PLANE('',#3056);
#3056 = AXIS2_PLACEMENT_3D('',#3057,#3058,#3059);
#3057 = CARTESIAN_POINT('',(-7.828591113556,-22.25,7.55));
#3058 = DIRECTION('',(0.104528463268,-2.801044796052E-18,-0.994521895368
    ));
#3059 = DIRECTION('',(-1.224589537361E-16,-1.,-1.005448095001E-17));
#3060 = DEFINITIONAL_REPRESENTATION('',(#3061),#3065);
#3061 = LINE('',#3062,#3063);
#3062 = CARTESIAN_POINT('',(0.5,-2.121571845087));
#3063 = VECTOR('',#3064,1.);
#3064 = DIRECTION('',(1.,-1.045284632677E-18));
#3065 = ( GEOMETRIC_REPRESENTATION_CONTEXT(2) 
PARAMETRIC_REPRESENTATION_CONTEXT() REPRESENTATION_CONTEXT('2D SPACE',''
  ) );
#3066 = PCURVE('',#3067,#3072);
#3067 = CYLINDRICAL_SURFACE('',#3068,0.3);
#3068 = AXIS2_PLACEMENT_3D('',#3069,#3070,#3071);
#3069 = CARTESIAN_POINT('',(-5.75,-22.75,8.070121213289));
#3070 = DIRECTION('',(-1.224646799147E-16,-1.,0.));
#3071 = DIRECTION('',(0.104528463268,-1.280104479605E-17,-0.994521895368
    ));
#3072 = DEFINITIONAL_REPRESENTATION('',(#3073),#3077);
#3073 = LINE('',#3074,#3075);
#3074 = CARTESIAN_POINT('',(0.,0.));
#3075 = VECTOR('',#3076,1.);
#3076 = DIRECTION('',(0.,1.));
#3077 = ( GEOMETRIC_REPRESENTATION_CONTEXT(2) 
PARAMETRIC_REPRESENTATION_CONTEXT() REPRESENTATION_CONTEXT('2D SPACE',''
  ) );
#3078 = ORIENTED_EDGE('',*,*,#3079,.T.);
#3079 = EDGE_CURVE('',#3047,#3080,#3082,.T.);
#3080 = VERTEX_POINT('',#3081);
#3081 = CARTESIAN_POINT('',(-10.20718222711,-29.55054781046,7.3));
#3082 = SURFACE_CURVE('',#3083,(#3087,#3094),.PCURVE_S1.);
#3083 = LINE('',#3084,#3085);
#3084 = CARTESIAN_POINT('',(-5.728868356361,-29.07985805579,
    7.770689754665));
#3085 = VECTOR('',#3086,1.);
#3086 = DIRECTION('',(-0.989132844378,-0.103962051184,-0.103962051184));
#3087 = PCURVE('',#3055,#3088);
#3088 = DEFINITIONAL_REPRESENTATION('',(#3089),#3093);
#3089 = LINE('',#3090,#3091);
#3090 = CARTESIAN_POINT('',(6.829858055798,-2.111288617148));
#3091 = VECTOR('',#3092,1.);
#3092 = DIRECTION('',(0.103962051184,0.99458126461));
#3093 = ( GEOMETRIC_REPRESENTATION_CONTEXT(2) 
PARAMETRIC_REPRESENTATION_CONTEXT() REPRESENTATION_CONTEXT('2D SPACE',''
  ) );
#3094 = PCURVE('',#3095,#3100);
#3095 = CYLINDRICAL_SURFACE('',#3096,0.1);
#3096 = AXIS2_PLACEMENT_3D('',#3097,#3098,#3099);
#3097 = CARTESIAN_POINT('',(-5.739321202687,-29.07985805579,
    7.870141944202));
#3098 = DIRECTION('',(-0.989132844378,-0.103962051184,-0.103962051184));
#3099 = DIRECTION('',(0.104528463268,-2.392703940192E-18,-0.994521895368
    ));
#3100 = DEFINITIONAL_REPRESENTATION('',(#3101),#3105);
#3101 = LINE('',#3102,#3103);
#3102 = CARTESIAN_POINT('',(0.,0.));
#3103 = VECTOR('',#3104,1.);
#3104 = DIRECTION('',(0.,1.));
#3105 = ( GEOMETRIC_REPRESENTATION_CONTEXT(2) 
PARAMETRIC_REPRESENTATION_CONTEXT() REPRESENTATION_CONTEXT('2D SPACE',''
  ) );
#3106 = ORIENTED_EDGE('',*,*,#3107,.F.);
#3107 = EDGE_CURVE('',#3108,#3080,#3110,.T.);
#3108 = VERTEX_POINT('',#3109);
#3109 = CARTESIAN_POINT('',(-10.20718222711,-22.34945218953,7.3));
#3110 = SURFACE_CURVE('',#3111,(#3115,#3122),.PCURVE_S1.);
#3111 = LINE('',#3112,#3113);
#3112 = CARTESIAN_POINT('',(-10.20718222711,-22.25,7.3));
#3113 = VECTOR('',#3114,1.);
#3114 = DIRECTION('',(-1.224646799147E-16,-1.,0.));
#3115 = PCURVE('',#3055,#3116);
#3116 = DEFINITIONAL_REPRESENTATION('',(#3117),#3121);
#3117 = LINE('',#3118,#3119);
#3118 = CARTESIAN_POINT('',(2.937933993696E-16,2.391693058376));
#3119 = VECTOR('',#3120,1.);
#3120 = DIRECTION('',(1.,-1.045284632677E-18));
#3121 = ( GEOMETRIC_REPRESENTATION_CONTEXT(2) 
PARAMETRIC_REPRESENTATION_CONTEXT() REPRESENTATION_CONTEXT('2D SPACE',''
  ) );
#3122 = PCURVE('',#3123,#3128);
#3123 = PLANE('',#3124);
#3124 = AXIS2_PLACEMENT_3D('',#3125,#3126,#3127);
#3125 = CARTESIAN_POINT('',(-5.45,-22.25,7.3));
#3126 = DIRECTION('',(0.,0.,1.));
#3127 = DIRECTION('',(-1.224646799147E-16,-1.,0.));
#3128 = DEFINITIONAL_REPRESENTATION('',(#3129),#3133);
#3129 = LINE('',#3130,#3131);
#3130 = CARTESIAN_POINT('',(5.825867987393E-16,-4.757182227111));
#3131 = VECTOR('',#3132,1.);
#3132 = DIRECTION('',(1.,0.));
#3133 = ( GEOMETRIC_REPRESENTATION_CONTEXT(2) 
PARAMETRIC_REPRESENTATION_CONTEXT() REPRESENTATION_CONTEXT('2D SPACE',''
  ) );
#3134 = ORIENTED_EDGE('',*,*,#3135,.F.);
#3135 = EDGE_CURVE('',#3045,#3108,#3136,.T.);
#3136 = SURFACE_CURVE('',#3137,(#3141,#3148),.PCURVE_S1.);
#3137 = LINE('',#3138,#3139);
#3138 = CARTESIAN_POINT('',(-5.728868356361,-22.8201419442,
    7.770689754665));
#3139 = VECTOR('',#3140,1.);
#3140 = DIRECTION('',(-0.989132844378,0.103962051184,-0.103962051184));
#3141 = PCURVE('',#3055,#3142);
#3142 = DEFINITIONAL_REPRESENTATION('',(#3143),#3147);
#3143 = LINE('',#3144,#3145);
#3144 = CARTESIAN_POINT('',(0.570141944202,-2.111288617148));
#3145 = VECTOR('',#3146,1.);
#3146 = DIRECTION('',(-0.103962051184,0.99458126461));
#3147 = ( GEOMETRIC_REPRESENTATION_CONTEXT(2) 
PARAMETRIC_REPRESENTATION_CONTEXT() REPRESENTATION_CONTEXT('2D SPACE',''
  ) );
#3148 = PCURVE('',#3149,#3154);
#3149 = CYLINDRICAL_SURFACE('',#3150,0.1);
#3150 = AXIS2_PLACEMENT_3D('',#3151,#3152,#3153);
#3151 = CARTESIAN_POINT('',(-5.739321202687,-22.8201419442,
    7.870141944202));
#3152 = DIRECTION('',(-0.989132844378,0.103962051184,-0.103962051184));
#3153 = DIRECTION('',(0.104528463268,-2.392703940192E-18,-0.994521895368
    ));
#3154 = DEFINITIONAL_REPRESENTATION('',(#3155),#3159);
#3155 = LINE('',#3156,#3157);
#3156 = CARTESIAN_POINT('',(-0.,0.));
#3157 = VECTOR('',#3158,1.);
#3158 = DIRECTION('',(-0.,1.));
#3159 = ( GEOMETRIC_REPRESENTATION_CONTEXT(2) 
PARAMETRIC_REPRESENTATION_CONTEXT() REPRESENTATION_CONTEXT('2D SPACE',''
  ) );
#3160 = ADVANCED_FACE('',(#3161),#3067,.T.);
#3161 = FACE_BOUND('',#3162,.T.);
#3162 = EDGE_LOOP('',(#3163,#3164,#3256,#3284));
#3163 = ORIENTED_EDGE('',*,*,#3044,.F.);
#3164 = ORIENTED_EDGE('',*,*,#3165,.F.);
#3165 = EDGE_CURVE('',#3166,#3045,#3168,.T.);
#3166 = VERTEX_POINT('',#3167);
#3167 = CARTESIAN_POINT('',(-5.45,-23.02012121328,8.070121213289));
#3168 = SURFACE_CURVE('',#3169,(#3182,#3212),.PCURVE_S1.);
#3169 = ( BOUNDED_CURVE() B_SPLINE_CURVE(11,(#3170,#3171,#3172,#3173,
    #3174,#3175,#3176,#3177,#3178,#3179,#3180,#3181),.UNSPECIFIED.,.F.,
.F.) B_SPLINE_CURVE_WITH_KNOTS((12,12),(0.,0.531104483128),
.PIECEWISE_BEZIER_KNOTS.) CURVE() GEOMETRIC_REPRESENTATION_ITEM() 
RATIONAL_B_SPLINE_CURVE((1.,1.,1.,1.,0.999999999999,1.000000000001,
0.999999999999,1.000000000001,1.,1.,1.,1.)) REPRESENTATION_ITEM('') );
#3170 = CARTESIAN_POINT('',(-5.45,-23.02012121328,8.070121213289));
#3171 = CARTESIAN_POINT('',(-5.450000155059,-22.98888660563,
    8.023269301807));
#3172 = CARTESIAN_POINT('',(-5.458045106893,-22.95742814905,
    7.976087667226));
#3173 = CARTESIAN_POINT('',(-5.474359626878,-22.92712607114,
    7.930553291357));
#3174 = CARTESIAN_POINT('',(-5.498267878587,-22.8987591305,
    7.888055505643));
#3175 = CARTESIAN_POINT('',(-5.529688786705,-22.87514244343,
    7.851939605368));
#3176 = CARTESIAN_POINT('',(-5.564202948764,-22.85427042394,
    7.820984798954));
#3177 = CARTESIAN_POINT('',(-5.604550641306,-22.8416171956,
    7.800548839752));
#3178 = CARTESIAN_POINT('',(-5.637794637048,-22.83285019192,
    7.787826509524));
#3179 = CARTESIAN_POINT('',(-5.667159082054,-22.82677571047,
    7.779571508532));
#3180 = CARTESIAN_POINT('',(-5.693238499407,-22.82300186245,
    7.774434603533));
#3181 = CARTESIAN_POINT('',(-5.71864146102,-22.82121687427,
    7.771764644679));
#3182 = PCURVE('',#3067,#3183);
#3183 = DEFINITIONAL_REPRESENTATION('',(#3184),#3211);
#3184 = B_SPLINE_CURVE_WITH_KNOTS('',9,(#3185,#3186,#3187,#3188,#3189,
    #3190,#3191,#3192,#3193,#3194,#3195,#3196,#3197,#3198,#3199,#3200,
    #3201,#3202,#3203,#3204,#3205,#3206,#3207,#3208,#3209,#3210),
  .UNSPECIFIED.,.F.,.F.,(10,8,8,10),(0.,0.132776120782,0.265552241564,
    0.531104483128),.UNSPECIFIED.);
#3185 = CARTESIAN_POINT('',(1.466073262091,0.270120551372));
#3186 = CARTESIAN_POINT('',(1.418353722618,0.260576643478));
#3187 = CARTESIAN_POINT('',(1.370559524376,0.251016361558));
#3188 = CARTESIAN_POINT('',(1.322594320944,0.241457077443));
#3189 = CARTESIAN_POINT('',(1.274790186038,0.231993930146));
#3190 = CARTESIAN_POINT('',(1.226750835739,0.222580768568));
#3191 = CARTESIAN_POINT('',(1.178927345954,0.213340426394));
#3192 = CARTESIAN_POINT('',(1.131080973394,0.20425633155));
#3193 = CARTESIAN_POINT('',(1.083386063311,0.195391846681));
#3194 = CARTESIAN_POINT('',(0.988340087516,0.178160020613));
#3195 = CARTESIAN_POINT('',(0.940994602512,0.169793814061));
#3196 = CARTESIAN_POINT('',(0.893880118862,0.161712772869));
#3197 = CARTESIAN_POINT('',(0.84706183953,0.153951308768));
#3198 = CARTESIAN_POINT('',(0.80061697361,0.146541481934));
#3199 = CARTESIAN_POINT('',(0.754635037939,0.139511696567));
#3200 = CARTESIAN_POINT('',(0.709218158728,0.132885396485));
#3201 = CARTESIAN_POINT('',(0.664481373173,0.126679760708));
#3202 = CARTESIAN_POINT('',(0.532696046896,0.10935367572));
#3203 = CARTESIAN_POINT('',(0.448071916024,9.952349915373E-02));
#3204 = CARTESIAN_POINT('',(0.367648679263,9.148988875753E-02));
#3205 = CARTESIAN_POINT('',(0.292633550098,8.51944702423E-02));
#3206 = CARTESIAN_POINT('',(0.223798152197,8.045073089077E-02));
#3207 = CARTESIAN_POINT('',(0.162018480349,7.684752679645E-02));
#3208 = CARTESIAN_POINT('',(0.105250524185,7.415753768715E-02));
#3209 = CARTESIAN_POINT('',(5.203180935108E-02,7.230770038361E-02));
#3210 = CARTESIAN_POINT('',(-2.121E-14,7.121687427935E-02));
#3211 = ( GEOMETRIC_REPRESENTATION_CONTEXT(2) 
PARAMETRIC_REPRESENTATION_CONTEXT() REPRESENTATION_CONTEXT('2D SPACE',''
  ) );
#3212 = PCURVE('',#3213,#3250);
#3213 = ( BOUNDED_SURFACE() B_SPLINE_SURFACE(2,11,(
    (#3214,#3215,#3216,#3217,#3218,#3219,#3220,#3221,#3222,#3223,#3224
      ,#3225)
    ,(#3226,#3227,#3228,#3229,#3230,#3231,#3232,#3233,#3234,#3235,#3236
      ,#3237)
    ,(#3238,#3239,#3240,#3241,#3242,#3243,#3244,#3245,#3246,#3247,#3248
,#3249
    )),.UNSPECIFIED.,.F.,.F.,.F.) B_SPLINE_SURFACE_WITH_KNOTS((3,3),(12,
    12),(0.,0.531104483128),(0.,0.531104483128),
.PIECEWISE_BEZIER_KNOTS.) GEOMETRIC_REPRESENTATION_ITEM() 
RATIONAL_B_SPLINE_SURFACE((
    (1.,1.,1.,1.,0.999999999999,1.000000000001,0.999999999999
      ,1.000000000001,1.,1.,1.,1.)
    ,(0.999999999997,0.999999741574,0.986579081361,0.959461495228
      ,0.920163768664,0.870789505554,0.82124679349,0.76619919691
      ,0.741765208478,0.726505797264,0.71714869057,0.710959001191)
    ,(1.,1.,1.,1.,0.999999999999,1.000000000001,0.999999999999
,1.000000000001,1.,1.,1.,1.))) REPRESENTATION_ITEM('') SURFACE() );
#3214 = CARTESIAN_POINT('',(-5.45,-23.02012121328,8.070121213289));
#3215 = CARTESIAN_POINT('',(-5.450000155059,-22.98888660563,
    8.023269301807));
#3216 = CARTESIAN_POINT('',(-5.458045106893,-22.95742814905,
    7.976087667226));
#3217 = CARTESIAN_POINT('',(-5.474359626878,-22.92712607114,
    7.930553291357));
#3218 = CARTESIAN_POINT('',(-5.498267878587,-22.8987591305,
    7.888055505643));
#3219 = CARTESIAN_POINT('',(-5.529688786705,-22.87514244343,
    7.851939605368));
#3220 = CARTESIAN_POINT('',(-5.564202948764,-22.85427042394,
    7.820984798954));
#3221 = CARTESIAN_POINT('',(-5.604550641306,-22.8416171956,
    7.800548839752));
#3222 = CARTESIAN_POINT('',(-5.637794637048,-22.83285019192,
    7.787826509524));
#3223 = CARTESIAN_POINT('',(-5.667159082054,-22.82677571047,
    7.779571508532));
#3224 = CARTESIAN_POINT('',(-5.693238499407,-22.82300186245,
    7.774434603533));
#3225 = CARTESIAN_POINT('',(-5.71864146102,-22.82121687427,
    7.771764644679));
#3226 = CARTESIAN_POINT('',(-5.450000000001,-23.02012038589,
    8.070120385893));
#3227 = CARTESIAN_POINT('',(-5.450000103374,-22.98107794363,
    8.031077943632));
#3228 = CARTESIAN_POINT('',(-5.455450076788,-22.94070686895,
    7.990706868954));
#3229 = CARTESIAN_POINT('',(-5.466818433369,-22.90018132884,
    7.950181328847));
#3230 = CARTESIAN_POINT('',(-5.484919501203,-22.86117299655,
    7.911172996559));
#3231 = CARTESIAN_POINT('',(-5.507059123343,-22.82572902588,
    7.875729025886));
#3232 = CARTESIAN_POINT('',(-5.537049568348,-22.79495510145,
    7.844955101453));
#3233 = CARTESIAN_POINT('',(-5.563455914931,-22.77124873853,
    7.821248738536));
#3234 = CARTESIAN_POINT('',(-5.597204344554,-22.75168771391,
    7.801687713918));
#3235 = CARTESIAN_POINT('',(-5.632879988614,-22.73741331069,
    7.787413310695));
#3236 = CARTESIAN_POINT('',(-5.669903082902,-22.72776743693,
    7.777767436932));
#3237 = CARTESIAN_POINT('',(-5.70832769606,-22.72284866505,
    7.772848665058));
#3238 = CARTESIAN_POINT('',(-5.45,-23.02012121328,8.070121213289));
#3239 = CARTESIAN_POINT('',(-5.450000155059,-22.9732693018,
    8.038886605635));
#3240 = CARTESIAN_POINT('',(-5.458045106893,-22.92608766722,
    8.00742814905));
#3241 = CARTESIAN_POINT('',(-5.474359626878,-22.88055329135,
    7.977126071142));
#3242 = CARTESIAN_POINT('',(-5.498267878587,-22.83805550564,7.9487591305
    ));
#3243 = CARTESIAN_POINT('',(-5.529688786706,-22.80193960537,
    7.925142443433));
#3244 = CARTESIAN_POINT('',(-5.564202948763,-22.77098479895,
    7.904270423945));
#3245 = CARTESIAN_POINT('',(-5.604550641307,-22.75054883975,
    7.891617195603));
#3246 = CARTESIAN_POINT('',(-5.637794637048,-22.73782650952,
    7.882850191923));
#3247 = CARTESIAN_POINT('',(-5.667159082054,-22.72957150853,
    7.876775710473));
#3248 = CARTESIAN_POINT('',(-5.693238499407,-22.72443460353,
    7.87300186245));
#3249 = CARTESIAN_POINT('',(-5.71864146102,-22.72176464467,
    7.871216874279));
#3250 = DEFINITIONAL_REPRESENTATION('',(#3251),#3255);
#3251 = LINE('',#3252,#3253);
#3252 = CARTESIAN_POINT('',(0.,0.));
#3253 = VECTOR('',#3254,1.);
#3254 = DIRECTION('',(0.,1.));
#3255 = ( GEOMETRIC_REPRESENTATION_CONTEXT(2) 
PARAMETRIC_REPRESENTATION_CONTEXT() REPRESENTATION_CONTEXT('2D SPACE',''
  ) );
#3256 = ORIENTED_EDGE('',*,*,#3257,.T.);
#3257 = EDGE_CURVE('',#3166,#3258,#3260,.T.);
#3258 = VERTEX_POINT('',#3259);
#3259 = CARTESIAN_POINT('',(-5.45,-28.87987878671,8.070121213289));
#3260 = SURFACE_CURVE('',#3261,(#3265,#3272),.PCURVE_S1.);
#3261 = LINE('',#3262,#3263);
#3262 = CARTESIAN_POINT('',(-5.45,-22.75,8.070121213289));
#3263 = VECTOR('',#3264,1.);
#3264 = DIRECTION('',(-1.224646799147E-16,-1.,0.));
#3265 = PCURVE('',#3067,#3266);
#3266 = DEFINITIONAL_REPRESENTATION('',(#3267),#3271);
#3267 = LINE('',#3268,#3269);
#3268 = CARTESIAN_POINT('',(1.466076571675,0.));
#3269 = VECTOR('',#3270,1.);
#3270 = DIRECTION('',(0.,1.));
#3271 = ( GEOMETRIC_REPRESENTATION_CONTEXT(2) 
PARAMETRIC_REPRESENTATION_CONTEXT() REPRESENTATION_CONTEXT('2D SPACE',''
  ) );
#3272 = PCURVE('',#3273,#3278);
#3273 = PLANE('',#3274);
#3274 = AXIS2_PLACEMENT_3D('',#3275,#3276,#3277);
#3275 = CARTESIAN_POINT('',(-5.45,-22.25,6.1));
#3276 = DIRECTION('',(-1.,1.224646799147E-16,0.));
#3277 = DIRECTION('',(0.,0.,1.));
#3278 = DEFINITIONAL_REPRESENTATION('',(#3279),#3283);
#3279 = LINE('',#3280,#3281);
#3280 = CARTESIAN_POINT('',(1.970121213289,-0.5));
#3281 = VECTOR('',#3282,1.);
#3282 = DIRECTION('',(0.,-1.));
#3283 = ( GEOMETRIC_REPRESENTATION_CONTEXT(2) 
PARAMETRIC_REPRESENTATION_CONTEXT() REPRESENTATION_CONTEXT('2D SPACE',''
  ) );
#3284 = ORIENTED_EDGE('',*,*,#3285,.T.);
#3285 = EDGE_CURVE('',#3258,#3047,#3286,.T.);
#3286 = SURFACE_CURVE('',#3287,(#3300,#3326),.PCURVE_S1.);
#3287 = ( BOUNDED_CURVE() B_SPLINE_CURVE(11,(#3288,#3289,#3290,#3291,
    #3292,#3293,#3294,#3295,#3296,#3297,#3298,#3299),.UNSPECIFIED.,.F.,
.F.) B_SPLINE_CURVE_WITH_KNOTS((12,12),(0.,0.531105042268),
.PIECEWISE_BEZIER_KNOTS.) CURVE() GEOMETRIC_REPRESENTATION_ITEM() 
RATIONAL_B_SPLINE_CURVE((1.,1.,1.,1.,0.999999999999,1.000000000001,
0.999999999999,1.000000000001,1.,1.,1.,1.)) REPRESENTATION_ITEM('') );
#3288 = CARTESIAN_POINT('',(-5.45,-28.87987878671,8.070121213289));
#3289 = CARTESIAN_POINT('',(-5.450000080937,-28.91111310669,
    8.023269733296));
#3290 = CARTESIAN_POINT('',(-5.458044972844,-28.94257160226,
    7.976088040745));
#3291 = CARTESIAN_POINT('',(-5.47435945255,-28.97287372504,
    7.930553597092));
#3292 = CARTESIAN_POINT('',(-5.498267680538,-29.00124071695,
    7.888055737887));
#3293 = CARTESIAN_POINT('',(-5.529688598289,-29.02485744722,
    7.851939768412));
#3294 = CARTESIAN_POINT('',(-5.564202767982,-29.04572951519,
    7.820984895782));
#3295 = CARTESIAN_POINT('',(-5.604550518696,-29.05838277353,
    7.800548885317));
#3296 = CARTESIAN_POINT('',(-5.637794554439,-29.06714979072,
    7.787826533762));
#3297 = CARTESIAN_POINT('',(-5.667159031962,-29.07322428256,
    7.779571518316));
#3298 = CARTESIAN_POINT('',(-5.693238474816,-29.07699813581,
    7.774434606117));
#3299 = CARTESIAN_POINT('',(-5.71864146102,-29.07878312572,
    7.771764644679));
#3300 = PCURVE('',#3067,#3301);
#3301 = DEFINITIONAL_REPRESENTATION('',(#3302),#3325);
#3302 = B_SPLINE_CURVE_WITH_KNOTS('',11,(#3303,#3304,#3305,#3306,#3307,
    #3308,#3309,#3310,#3311,#3312,#3313,#3314,#3315,#3316,#3317,#3318,
    #3319,#3320,#3321,#3322,#3323,#3324),.UNSPECIFIED.,.F.,.F.,(12,10,12
    ),(0.,0.265552521134,0.531105042268),.UNSPECIFIED.);
#3303 = CARTESIAN_POINT('',(1.466074844152,6.129879132207));
#3304 = CARTESIAN_POINT('',(1.38798904417,6.145496292204));
#3305 = CARTESIAN_POINT('',(1.309655896828,6.161166709668));
#3306 = CARTESIAN_POINT('',(1.231103425945,6.17673543801));
#3307 = CARTESIAN_POINT('',(1.152797991691,6.192008909996));
#3308 = CARTESIAN_POINT('',(1.074196168398,6.206934099255));
#3309 = CARTESIAN_POINT('',(0.99641671968,6.221165545489));
#3310 = CARTESIAN_POINT('',(0.918714088299,6.234748322586));
#3311 = CARTESIAN_POINT('',(0.842057864178,6.247398478378));
#3312 = CARTESIAN_POINT('',(0.766428424646,6.259068910177));
#3313 = CARTESIAN_POINT('',(0.6924366364,6.269644896252));
#3314 = CARTESIAN_POINT('',(0.548670659999,6.288546117138));
#3315 = CARTESIAN_POINT('',(0.478903656354,6.296870549726));
#3316 = CARTESIAN_POINT('',(0.41174550592,6.304030103694));
#3317 = CARTESIAN_POINT('',(0.347780371567,6.310037391037));
#3318 = CARTESIAN_POINT('',(0.287499687699,6.314954633307));
#3319 = CARTESIAN_POINT('',(0.231339017642,6.318910635506));
#3320 = CARTESIAN_POINT('',(0.179414396186,6.32207014849));
#3321 = CARTESIAN_POINT('',(0.13124786644,6.324573907994));
#3322 = CARTESIAN_POINT('',(8.591992763677E-02,6.326501327646));
#3323 = CARTESIAN_POINT('',(4.257152158934E-02,6.327890630768));
#3324 = CARTESIAN_POINT('',(1.006E-14,6.328783125721));
#3325 = ( GEOMETRIC_REPRESENTATION_CONTEXT(2) 
PARAMETRIC_REPRESENTATION_CONTEXT() REPRESENTATION_CONTEXT('2D SPACE',''
  ) );
#3326 = PCURVE('',#3327,#3364);
#3327 = ( BOUNDED_SURFACE() B_SPLINE_SURFACE(2,11,(
    (#3328,#3329,#3330,#3331,#3332,#3333,#3334,#3335,#3336,#3337,#3338
      ,#3339)
    ,(#3340,#3341,#3342,#3343,#3344,#3345,#3346,#3347,#3348,#3349,#3350
      ,#3351)
    ,(#3352,#3353,#3354,#3355,#3356,#3357,#3358,#3359,#3360,#3361,#3362
,#3363
    )),.UNSPECIFIED.,.F.,.F.,.F.) B_SPLINE_SURFACE_WITH_KNOTS((3,3),(12,
    12),(0.,0.531105042268),(0.,0.531105042268),
.PIECEWISE_BEZIER_KNOTS.) GEOMETRIC_REPRESENTATION_ITEM() 
RATIONAL_B_SPLINE_SURFACE((
    (1.,1.,1.,1.,0.999999999999,1.000000000001,0.999999999999
      ,1.000000000001,1.,1.,1.,1.)
    ,(0.999999999999,0.999999865112,0.986579304868,0.959461779704
      ,0.920164082887,0.870789772118,0.821247041485,0.766199289542
      ,0.741765255845,0.726505816732,0.71714869651,0.71095900119)
    ,(1.,1.,1.,1.,0.999999999999,1.000000000001,0.999999999999
,1.000000000001,1.,1.,1.,1.))) REPRESENTATION_ITEM('') SURFACE() );
#3328 = CARTESIAN_POINT('',(-5.45,-28.87987878671,8.070121213289));
#3329 = CARTESIAN_POINT('',(-5.450000080937,-28.91111310669,
    8.023269733296));
#3330 = CARTESIAN_POINT('',(-5.458044972844,-28.94257160226,
    7.976088040745));
#3331 = CARTESIAN_POINT('',(-5.47435945255,-28.97287372504,
    7.930553597092));
#3332 = CARTESIAN_POINT('',(-5.498267680538,-29.00124071695,
    7.888055737887));
#3333 = CARTESIAN_POINT('',(-5.529688598289,-29.02485744722,
    7.851939768412));
#3334 = CARTESIAN_POINT('',(-5.564202767982,-29.04572951519,
    7.820984895782));
#3335 = CARTESIAN_POINT('',(-5.604550518696,-29.05838277353,
    7.800548885317));
#3336 = CARTESIAN_POINT('',(-5.637794554439,-29.06714979072,
    7.787826533762));
#3337 = CARTESIAN_POINT('',(-5.667159031962,-29.07322428256,
    7.779571518316));
#3338 = CARTESIAN_POINT('',(-5.693238474816,-29.07699813581,
    7.774434606117));
#3339 = CARTESIAN_POINT('',(-5.71864146102,-29.07878312572,
    7.771764644679));
#3340 = CARTESIAN_POINT('',(-5.45,-28.87987921858,8.070120781408));
#3341 = CARTESIAN_POINT('',(-5.450000053958,-28.91892169196,
    8.031078308028));
#3342 = CARTESIAN_POINT('',(-5.455449985238,-28.95929280859,
    7.990707191537));
#3343 = CARTESIAN_POINT('',(-5.466818308966,-28.99981839964,
    7.950181599934));
#3344 = CARTESIAN_POINT('',(-5.484919365022,-29.03882679198,
    7.911173208803));
#3345 = CARTESIAN_POINT('',(-5.507058974654,-29.07427081577,
    7.875729183224));
#3346 = CARTESIAN_POINT('',(-5.537049451952,-29.10504479821,
    7.844955202662));
#3347 = CARTESIAN_POINT('',(-5.563455798245,-29.12875119152,
    7.821248807952));
#3348 = CARTESIAN_POINT('',(-5.597204248113,-29.1483122474,
    7.801687752785));
#3349 = CARTESIAN_POINT('',(-5.632879921516,-29.16258667156,
    7.787413328407));
#3350 = CARTESIAN_POINT('',(-5.669903047703,-29.17223255851,
    7.77776744149));
#3351 = CARTESIAN_POINT('',(-5.708327695903,-29.17715133492,
    7.772848665074));
#3352 = CARTESIAN_POINT('',(-5.45,-28.87987878671,8.070121213289));
#3353 = CARTESIAN_POINT('',(-5.450000080935,-28.92673026669,
    8.038886893292));
#3354 = CARTESIAN_POINT('',(-5.458044972852,-28.97391195938,
    8.00742839786));
#3355 = CARTESIAN_POINT('',(-5.474359452531,-29.0194464025,7.97712627456
    ));
#3356 = CARTESIAN_POINT('',(-5.49826768057,-29.06194426283,
    7.948759283766));
#3357 = CARTESIAN_POINT('',(-5.529688598252,-29.09806023071,
    7.925142551905));
#3358 = CARTESIAN_POINT('',(-5.564202768012,-29.12901510493,
    7.904270485526));
#3359 = CARTESIAN_POINT('',(-5.60455051868,-29.14945111428,
    7.891617226065));
#3360 = CARTESIAN_POINT('',(-5.637794554445,-29.16217346637,
    7.882850209414));
#3361 = CARTESIAN_POINT('',(-5.667159031961,-29.17042848166,
    7.876775717415));
#3362 = CARTESIAN_POINT('',(-5.693238474816,-29.17556539388,
    7.873001864185));
#3363 = CARTESIAN_POINT('',(-5.71864146102,-29.17823535532,
    7.871216874279));
#3364 = DEFINITIONAL_REPRESENTATION('',(#3365),#3369);
#3365 = LINE('',#3366,#3367);
#3366 = CARTESIAN_POINT('',(0.,0.));
#3367 = VECTOR('',#3368,1.);
#3368 = DIRECTION('',(0.,1.));
#3369 = ( GEOMETRIC_REPRESENTATION_CONTEXT(2) 
PARAMETRIC_REPRESENTATION_CONTEXT() REPRESENTATION_CONTEXT('2D SPACE',''
  ) );
#3370 = ADVANCED_FACE('',(#3371),#3149,.T.);
#3371 = FACE_BOUND('',#3372,.F.);
#3372 = EDGE_LOOP('',(#3373,#3401,#3402,#3428,#3456));
#3373 = ORIENTED_EDGE('',*,*,#3374,.F.);
#3374 = EDGE_CURVE('',#3108,#3375,#3377,.T.);
#3375 = VERTEX_POINT('',#3376);
#3376 = CARTESIAN_POINT('',(-10.48370089917,-22.25,7.3));
#3377 = SURFACE_CURVE('',#3378,(#3383,#3394),.PCURVE_S1.);
#3378 = ELLIPSE('',#3379,0.961889447742,0.1);
#3379 = AXIS2_PLACEMENT_3D('',#3380,#3381,#3382);
#3380 = CARTESIAN_POINT('',(-11.16385945046,-22.25,7.3));
#3381 = DIRECTION('',(0.,0.,1.));
#3382 = DIRECTION('',(-0.994521895368,0.104528463268,0.));
#3383 = PCURVE('',#3149,#3384);
#3384 = DEFINITIONAL_REPRESENTATION('',(#3385),#3393);
#3385 = B_SPLINE_CURVE_WITH_KNOTS('',6,(#3386,#3387,#3388,#3389,#3390,
    #3391,#3392),.UNSPECIFIED.,.F.,.F.,(7,7),(3.152519070633,
    3.93245402545),.PIECEWISE_BEZIER_KNOTS.);
#3386 = CARTESIAN_POINT('',(1.4211E-13,4.527515081725));
#3387 = CARTESIAN_POINT('',(-0.129989159136,4.52887383843));
#3388 = CARTESIAN_POINT('',(-0.259991086423,4.549628784659));
#3389 = CARTESIAN_POINT('',(-0.389945372265,4.589742489354));
#3390 = CARTESIAN_POINT('',(-0.519967234557,4.648182570705));
#3391 = CARTESIAN_POINT('',(-0.649945795681,4.722954797811));
#3392 = CARTESIAN_POINT('',(-0.779934954817,4.811368035962));
#3393 = ( GEOMETRIC_REPRESENTATION_CONTEXT(2) 
PARAMETRIC_REPRESENTATION_CONTEXT() REPRESENTATION_CONTEXT('2D SPACE',''
  ) );
#3394 = PCURVE('',#3123,#3395);
#3395 = DEFINITIONAL_REPRESENTATION('',(#3396),#3400);
#3396 = ELLIPSE('',#3397,0.961889447742,1.E-01);
#3397 = AXIS2_PLACEMENT_2D('',#3398,#3399);
#3398 = CARTESIAN_POINT('',(-4.193281817693E-14,-5.713859450462));
#3399 = DIRECTION('',(-0.104528463268,-0.994521895368));
#3400 = ( GEOMETRIC_REPRESENTATION_CONTEXT(2) 
PARAMETRIC_REPRESENTATION_CONTEXT() REPRESENTATION_CONTEXT('2D SPACE',''
  ) );
#3401 = ORIENTED_EDGE('',*,*,#3135,.F.);
#3402 = ORIENTED_EDGE('',*,*,#3403,.T.);
#3403 = EDGE_CURVE('',#3045,#3404,#3406,.T.);
#3404 = VERTEX_POINT('',#3405);
#3405 = CARTESIAN_POINT('',(-5.71864146102,-22.72176464467,
    7.871216874279));
#3406 = SURFACE_CURVE('',#3407,(#3411,#3421),.PCURVE_S1.);
#3407 = ( BOUNDED_CURVE() B_SPLINE_CURVE(2,(#3408,#3409,#3410),
.UNSPECIFIED.,.F.,.F.) B_SPLINE_CURVE_WITH_KNOTS((3,3),(0.,
0.531104483128),.PIECEWISE_BEZIER_KNOTS.) CURVE() 
GEOMETRIC_REPRESENTATION_ITEM() RATIONAL_B_SPLINE_CURVE((1.,
0.710959001191,1.)) REPRESENTATION_ITEM('') );
#3408 = CARTESIAN_POINT('',(-5.71864146102,-22.82121687427,
    7.771764644679));
#3409 = CARTESIAN_POINT('',(-5.70832769606,-22.72284866505,
    7.772848665058));
#3410 = CARTESIAN_POINT('',(-5.71864146102,-22.72176464467,
    7.871216874279));
#3411 = PCURVE('',#3149,#3412);
#3412 = DEFINITIONAL_REPRESENTATION('',(#3413),#3420);
#3413 = B_SPLINE_CURVE_WITH_KNOTS('',5,(#3414,#3415,#3416,#3417,#3418,
    #3419),.UNSPECIFIED.,.F.,.F.,(6,6),(0.,0.531104483128),
  .PIECEWISE_BEZIER_KNOTS.);
#3414 = CARTESIAN_POINT('',(1.1E-16,-1.033925361904E-02));
#3415 = CARTESIAN_POINT('',(-0.281293383818,-1.033925361904E-02));
#3416 = CARTESIAN_POINT('',(-0.602766520972,-1.033925361904E-02));
#3417 = CARTESIAN_POINT('',(-0.95710338878,-1.033925361904E-02));
#3418 = CARTESIAN_POINT('',(-1.278576525933,-1.033925361904E-02));
#3419 = CARTESIAN_POINT('',(-1.559869909752,-1.033925361904E-02));
#3420 = ( GEOMETRIC_REPRESENTATION_CONTEXT(2) 
PARAMETRIC_REPRESENTATION_CONTEXT() REPRESENTATION_CONTEXT('2D SPACE',''
  ) );
#3421 = PCURVE('',#3213,#3422);
#3422 = DEFINITIONAL_REPRESENTATION('',(#3423),#3427);
#3423 = LINE('',#3424,#3425);
#3424 = CARTESIAN_POINT('',(0.,0.531104483128));
#3425 = VECTOR('',#3426,1.);
#3426 = DIRECTION('',(1.,0.));
#3427 = ( GEOMETRIC_REPRESENTATION_CONTEXT(2) 
PARAMETRIC_REPRESENTATION_CONTEXT() REPRESENTATION_CONTEXT('2D SPACE',''
  ) );
#3428 = ORIENTED_EDGE('',*,*,#3429,.T.);
#3429 = EDGE_CURVE('',#3404,#3430,#3432,.T.);
#3430 = VERTEX_POINT('',#3431);
#3431 = CARTESIAN_POINT('',(-10.20718222711,-22.25,7.399452189537));
#3432 = SURFACE_CURVE('',#3433,(#3437,#3444),.PCURVE_S1.);
#3433 = LINE('',#3434,#3435);
#3434 = CARTESIAN_POINT('',(-5.728868356361,-22.72068975466,
    7.870141944202));
#3435 = VECTOR('',#3436,1.);
#3436 = DIRECTION('',(-0.989132844378,0.103962051184,-0.103962051184));
#3437 = PCURVE('',#3149,#3438);
#3438 = DEFINITIONAL_REPRESENTATION('',(#3439),#3443);
#3439 = LINE('',#3440,#3441);
#3440 = CARTESIAN_POINT('',(-1.559869909752,0.));
#3441 = VECTOR('',#3442,1.);
#3442 = DIRECTION('',(-0.,1.));
#3443 = ( GEOMETRIC_REPRESENTATION_CONTEXT(2) 
PARAMETRIC_REPRESENTATION_CONTEXT() REPRESENTATION_CONTEXT('2D SPACE',''
  ) );
#3444 = PCURVE('',#3445,#3450);
#3445 = PLANE('',#3446);
#3446 = AXIS2_PLACEMENT_3D('',#3447,#3448,#3449);
#3447 = CARTESIAN_POINT('',(-7.828591113556,-22.5,7.8));
#3448 = DIRECTION('',(-0.104528463268,-0.994521895368,1.E-17));
#3449 = DIRECTION('',(5.726178587739E-21,1.005448095001E-17,1.));
#3450 = DEFINITIONAL_REPRESENTATION('',(#3451),#3455);
#3451 = LINE('',#3452,#3453);
#3452 = CARTESIAN_POINT('',(7.014194420174E-02,-2.111288617148));
#3453 = VECTOR('',#3454,1.);
#3454 = DIRECTION('',(-0.103962051184,0.99458126461));
#3455 = ( GEOMETRIC_REPRESENTATION_CONTEXT(2) 
PARAMETRIC_REPRESENTATION_CONTEXT() REPRESENTATION_CONTEXT('2D SPACE',''
  ) );
#3456 = ORIENTED_EDGE('',*,*,#3457,.F.);
#3457 = EDGE_CURVE('',#3375,#3430,#3458,.T.);
#3458 = SURFACE_CURVE('',#3459,(#3464,#3475),.PCURVE_S1.);
#3459 = ELLIPSE('',#3460,0.961889447742,0.1);
#3460 = AXIS2_PLACEMENT_3D('',#3461,#3462,#3463);
#3461 = CARTESIAN_POINT('',(-11.16385945046,-22.25,7.3));
#3462 = DIRECTION('',(-1.224646799147E-16,-1.,0.));
#3463 = DIRECTION('',(-0.994521895368,1.217938055845E-16,-0.104528463268
    ));
#3464 = PCURVE('',#3149,#3465);
#3465 = DEFINITIONAL_REPRESENTATION('',(#3466),#3474);
#3466 = B_SPLINE_CURVE_WITH_KNOTS('',6,(#3467,#3468,#3469,#3470,#3471,
    #3472,#3473),.UNSPECIFIED.,.F.,.F.,(7,7),(2.35073128173,
    3.130666236547),.PIECEWISE_BEZIER_KNOTS.);
#3467 = CARTESIAN_POINT('',(-0.779934954935,4.811368035963));
#3468 = CARTESIAN_POINT('',(-0.909924114071,4.722954797811));
#3469 = CARTESIAN_POINT('',(-1.039902675195,4.648182570705));
#3470 = CARTESIAN_POINT('',(-1.169924537486,4.589742489354));
#3471 = CARTESIAN_POINT('',(-1.299878823329,4.54962878466));
#3472 = CARTESIAN_POINT('',(-1.429880750616,4.52887383843));
#3473 = CARTESIAN_POINT('',(-1.559869909752,4.527515081725));
#3474 = ( GEOMETRIC_REPRESENTATION_CONTEXT(2) 
PARAMETRIC_REPRESENTATION_CONTEXT() REPRESENTATION_CONTEXT('2D SPACE',''
  ) );
#3475 = PCURVE('',#3476,#3481);
#3476 = PLANE('',#3477);
#3477 = AXIS2_PLACEMENT_3D('',#3478,#3479,#3480);
#3478 = CARTESIAN_POINT('',(-11.51796561067,-22.25,-7.105427357601E-15)
  );
#3479 = DIRECTION('',(1.224646799147E-16,1.,0.));
#3480 = DIRECTION('',(0.,0.,-1.));
#3481 = DEFINITIONAL_REPRESENTATION('',(#3482),#3490);
#3482 = ( BOUNDED_CURVE() B_SPLINE_CURVE(2,(#3483,#3484,#3485,#3486,
#3487,#3488,#3489),.UNSPECIFIED.,.T.,.F.) B_SPLINE_CURVE_WITH_KNOTS((1,2
    ,2,2,2,1),(-2.094395102393,0.,2.094395102393,4.188790204786,
6.28318530718,8.377580409573),.UNSPECIFIED.) CURVE() 
GEOMETRIC_REPRESENTATION_ITEM() RATIONAL_B_SPLINE_CURVE((1.,0.5,1.,0.5,
1.,0.5,1.)) REPRESENTATION_ITEM('') );
#3483 = CARTESIAN_POINT('',(-7.199455174194,0.602513956486));
#3484 = CARTESIAN_POINT('',(-7.027198928992,0.584409095564));
#3485 = CARTESIAN_POINT('',(-7.264144290302,-0.84146864903));
#3486 = CARTESIAN_POINT('',(-7.501089651612,-2.267346393624));
#3487 = CARTESIAN_POINT('',(-7.436400535504,-0.823363788108));
#3488 = CARTESIAN_POINT('',(-7.371711419396,0.620618817408));
#3489 = CARTESIAN_POINT('',(-7.199455174194,0.602513956486));
#3490 = ( GEOMETRIC_REPRESENTATION_CONTEXT(2) 
PARAMETRIC_REPRESENTATION_CONTEXT() REPRESENTATION_CONTEXT('2D SPACE',''
  ) );
#3491 = ADVANCED_FACE('',(#3492),#3095,.T.);
#3492 = FACE_BOUND('',#3493,.T.);
#3493 = EDGE_LOOP('',(#3494,#3526,#3527,#3553,#3581));
#3494 = ORIENTED_EDGE('',*,*,#3495,.F.);
#3495 = EDGE_CURVE('',#3080,#3496,#3498,.T.);
#3496 = VERTEX_POINT('',#3497);
#3497 = CARTESIAN_POINT('',(-10.48370089926,-29.65000000001,7.3));
#3498 = SURFACE_CURVE('',#3499,(#3504,#3515),.PCURVE_S1.);
#3499 = ELLIPSE('',#3500,0.961889447742,0.1);
#3500 = AXIS2_PLACEMENT_3D('',#3501,#3502,#3503);
#3501 = CARTESIAN_POINT('',(-11.16385945046,-29.65,7.3));
#3502 = DIRECTION('',(-0.,0.,-1.));
#3503 = DIRECTION('',(-0.994521895368,-0.104528463268,0.));
#3504 = PCURVE('',#3095,#3505);
#3505 = DEFINITIONAL_REPRESENTATION('',(#3506),#3514);
#3506 = B_SPLINE_CURVE_WITH_KNOTS('',6,(#3507,#3508,#3509,#3510,#3511,
    #3512,#3513),.UNSPECIFIED.,.F.,.F.,(7,7),(3.152519070633,
    3.932454025584),.PIECEWISE_BEZIER_KNOTS.);
#3507 = CARTESIAN_POINT('',(0.,4.527515081725));
#3508 = CARTESIAN_POINT('',(0.129989159159,4.52887383843));
#3509 = CARTESIAN_POINT('',(0.259991086467,4.549628784667));
#3510 = CARTESIAN_POINT('',(0.389945372333,4.589742489375));
#3511 = CARTESIAN_POINT('',(0.519967234647,4.648182570745));
#3512 = CARTESIAN_POINT('',(0.649945795793,4.722954797876));
#3513 = CARTESIAN_POINT('',(0.779934954951,4.811368036054));
#3514 = ( GEOMETRIC_REPRESENTATION_CONTEXT(2) 
PARAMETRIC_REPRESENTATION_CONTEXT() REPRESENTATION_CONTEXT('2D SPACE',''
  ) );
#3515 = PCURVE('',#3123,#3516);
#3516 = DEFINITIONAL_REPRESENTATION('',(#3517),#3525);
#3517 = ( BOUNDED_CURVE() B_SPLINE_CURVE(2,(#3518,#3519,#3520,#3521,
#3522,#3523,#3524),.UNSPECIFIED.,.T.,.F.) B_SPLINE_CURVE_WITH_KNOTS((1,2
    ,2,2,2,1),(-2.094395102393,0.,2.094395102393,4.188790204786,
6.28318530718,8.377580409573),.UNSPECIFIED.) CURVE() 
GEOMETRIC_REPRESENTATION_ITEM() RATIONAL_B_SPLINE_CURVE((1.,0.5,1.,0.5,
1.,0.5,1.)) REPRESENTATION_ITEM('') );
#3518 = CARTESIAN_POINT('',(7.500544825806,-6.670479567165));
#3519 = CARTESIAN_POINT('',(7.328288580604,-6.688584428087));
#3520 = CARTESIAN_POINT('',(7.263599464496,-5.244601822571));
#3521 = CARTESIAN_POINT('',(7.198910348388,-3.800619217055));
#3522 = CARTESIAN_POINT('',(7.435855709698,-5.226496961649));
#3523 = CARTESIAN_POINT('',(7.672801071008,-6.652374706243));
#3524 = CARTESIAN_POINT('',(7.500544825806,-6.670479567165));
#3525 = ( GEOMETRIC_REPRESENTATION_CONTEXT(2) 
PARAMETRIC_REPRESENTATION_CONTEXT() REPRESENTATION_CONTEXT('2D SPACE',''
  ) );
#3526 = ORIENTED_EDGE('',*,*,#3079,.F.);
#3527 = ORIENTED_EDGE('',*,*,#3528,.T.);
#3528 = EDGE_CURVE('',#3047,#3529,#3531,.T.);
#3529 = VERTEX_POINT('',#3530);
#3530 = CARTESIAN_POINT('',(-5.71864146102,-29.17823535532,
    7.871216874279));
#3531 = SURFACE_CURVE('',#3532,(#3536,#3546),.PCURVE_S1.);
#3532 = ( BOUNDED_CURVE() B_SPLINE_CURVE(2,(#3533,#3534,#3535),
.UNSPECIFIED.,.F.,.F.) B_SPLINE_CURVE_WITH_KNOTS((3,3),(0.,
0.531105042268),.PIECEWISE_BEZIER_KNOTS.) CURVE() 
GEOMETRIC_REPRESENTATION_ITEM() RATIONAL_B_SPLINE_CURVE((1.,
0.71095900119,1.)) REPRESENTATION_ITEM('') );
#3533 = CARTESIAN_POINT('',(-5.71864146102,-29.07878312572,
    7.771764644679));
#3534 = CARTESIAN_POINT('',(-5.708327695903,-29.17715133492,
    7.772848665074));
#3535 = CARTESIAN_POINT('',(-5.71864146102,-29.17823535532,
    7.871216874279));
#3536 = PCURVE('',#3095,#3537);
#3537 = DEFINITIONAL_REPRESENTATION('',(#3538),#3545);
#3538 = B_SPLINE_CURVE_WITH_KNOTS('',5,(#3539,#3540,#3541,#3542,#3543,
    #3544),.UNSPECIFIED.,.F.,.F.,(6,6),(0.,0.531105042268),
  .PIECEWISE_BEZIER_KNOTS.);
#3539 = CARTESIAN_POINT('',(3.3E-16,-1.033925361904E-02));
#3540 = CARTESIAN_POINT('',(0.281293383819,-1.033925361904E-02));
#3541 = CARTESIAN_POINT('',(0.602766520966,-1.033925361904E-02));
#3542 = CARTESIAN_POINT('',(0.957103388785,-1.033925361904E-02));
#3543 = CARTESIAN_POINT('',(1.278576525933,-1.033925361904E-02));
#3544 = CARTESIAN_POINT('',(1.559869909752,-1.033925361904E-02));
#3545 = ( GEOMETRIC_REPRESENTATION_CONTEXT(2) 
PARAMETRIC_REPRESENTATION_CONTEXT() REPRESENTATION_CONTEXT('2D SPACE',''
  ) );
#3546 = PCURVE('',#3327,#3547);
#3547 = DEFINITIONAL_REPRESENTATION('',(#3548),#3552);
#3548 = LINE('',#3549,#3550);
#3549 = CARTESIAN_POINT('',(0.,0.531105042268));
#3550 = VECTOR('',#3551,1.);
#3551 = DIRECTION('',(1.,0.));
#3552 = ( GEOMETRIC_REPRESENTATION_CONTEXT(2) 
PARAMETRIC_REPRESENTATION_CONTEXT() REPRESENTATION_CONTEXT('2D SPACE',''
  ) );
#3553 = ORIENTED_EDGE('',*,*,#3554,.T.);
#3554 = EDGE_CURVE('',#3529,#3555,#3557,.T.);
#3555 = VERTEX_POINT('',#3556);
#3556 = CARTESIAN_POINT('',(-10.20718222711,-29.65,7.399452189537));
#3557 = SURFACE_CURVE('',#3558,(#3562,#3569),.PCURVE_S1.);
#3558 = LINE('',#3559,#3560);
#3559 = CARTESIAN_POINT('',(-5.728868356361,-29.17931024533,
    7.870141944202));
#3560 = VECTOR('',#3561,1.);
#3561 = DIRECTION('',(-0.989132844378,-0.103962051184,-0.103962051184));
#3562 = PCURVE('',#3095,#3563);
#3563 = DEFINITIONAL_REPRESENTATION('',(#3564),#3568);
#3564 = LINE('',#3565,#3566);
#3565 = CARTESIAN_POINT('',(1.559869909752,0.));
#3566 = VECTOR('',#3567,1.);
#3567 = DIRECTION('',(0.,1.));
#3568 = ( GEOMETRIC_REPRESENTATION_CONTEXT(2) 
PARAMETRIC_REPRESENTATION_CONTEXT() REPRESENTATION_CONTEXT('2D SPACE',''
  ) );
#3569 = PCURVE('',#3570,#3575);
#3570 = PLANE('',#3571);
#3571 = AXIS2_PLACEMENT_3D('',#3572,#3573,#3574);
#3572 = CARTESIAN_POINT('',(-7.828591113556,-29.4,7.8));
#3573 = DIRECTION('',(-0.104528463268,0.994521895368,-1.E-17));
#3574 = DIRECTION('',(5.726178587737E-21,-1.005448095001E-17,-1.));
#3575 = DEFINITIONAL_REPRESENTATION('',(#3576),#3580);
#3576 = LINE('',#3577,#3578);
#3577 = CARTESIAN_POINT('',(-7.014194420175E-02,-2.111288617148));
#3578 = VECTOR('',#3579,1.);
#3579 = DIRECTION('',(0.103962051184,0.99458126461));
#3580 = ( GEOMETRIC_REPRESENTATION_CONTEXT(2) 
PARAMETRIC_REPRESENTATION_CONTEXT() REPRESENTATION_CONTEXT('2D SPACE',''
  ) );
#3581 = ORIENTED_EDGE('',*,*,#3582,.F.);
#3582 = EDGE_CURVE('',#3496,#3555,#3583,.T.);
#3583 = SURFACE_CURVE('',#3584,(#3589,#3600),.PCURVE_S1.);
#3584 = ELLIPSE('',#3585,0.961889447742,0.1);
#3585 = AXIS2_PLACEMENT_3D('',#3586,#3587,#3588);
#3586 = CARTESIAN_POINT('',(-11.16385945046,-29.65,7.3));
#3587 = DIRECTION('',(-1.224646799147E-16,-1.,0.));
#3588 = DIRECTION('',(-0.994521895368,1.217938055845E-16,-0.104528463268
    ));
#3589 = PCURVE('',#3095,#3590);
#3590 = DEFINITIONAL_REPRESENTATION('',(#3591),#3599);
#3591 = B_SPLINE_CURVE_WITH_KNOTS('',6,(#3592,#3593,#3594,#3595,#3596,
    #3597,#3598),.UNSPECIFIED.,.F.,.F.,(7,7),(2.350731281595,
    3.130666236547),.PIECEWISE_BEZIER_KNOTS.);
#3592 = CARTESIAN_POINT('',(0.7799349548,4.811368036054));
#3593 = CARTESIAN_POINT('',(0.909924113959,4.722954797876));
#3594 = CARTESIAN_POINT('',(1.039902675105,4.648182570746));
#3595 = CARTESIAN_POINT('',(1.169924537419,4.589742489375));
#3596 = CARTESIAN_POINT('',(1.299878823285,4.549628784667));
#3597 = CARTESIAN_POINT('',(1.429880750593,4.52887383843));
#3598 = CARTESIAN_POINT('',(1.559869909752,4.527515081725));
#3599 = ( GEOMETRIC_REPRESENTATION_CONTEXT(2) 
PARAMETRIC_REPRESENTATION_CONTEXT() REPRESENTATION_CONTEXT('2D SPACE',''
  ) );
#3600 = PCURVE('',#3601,#3606);
#3601 = PLANE('',#3602);
#3602 = AXIS2_PLACEMENT_3D('',#3603,#3604,#3605);
#3603 = CARTESIAN_POINT('',(-11.51796561067,-29.65,-7.105427357601E-15)
  );
#3604 = DIRECTION('',(-1.224646799147E-16,-1.,0.));
#3605 = DIRECTION('',(0.,0.,1.));
#3606 = DEFINITIONAL_REPRESENTATION('',(#3607),#3611);
#3607 = ELLIPSE('',#3608,0.961889447742,0.1);
#3608 = AXIS2_PLACEMENT_2D('',#3609,#3610);
#3609 = CARTESIAN_POINT('',(7.3,-0.354106160217));
#3610 = DIRECTION('',(-0.104528463268,0.994521895368));
#3611 = ( GEOMETRIC_REPRESENTATION_CONTEXT(2) 
PARAMETRIC_REPRESENTATION_CONTEXT() REPRESENTATION_CONTEXT('2D SPACE',''
  ) );
#3612 = ADVANCED_FACE('',(#3613),#3123,.F.);
#3613 = FACE_BOUND('',#3614,.F.);
#3614 = EDGE_LOOP('',(#3615,#3616,#3617,#3640,#3668,#3689));
#3615 = ORIENTED_EDGE('',*,*,#3107,.F.);
#3616 = ORIENTED_EDGE('',*,*,#3374,.T.);
#3617 = ORIENTED_EDGE('',*,*,#3618,.T.);
#3618 = EDGE_CURVE('',#3375,#3619,#3621,.T.);
#3619 = VERTEX_POINT('',#3620);
#3620 = CARTESIAN_POINT('',(-11.25,-22.25,7.3));
#3621 = SURFACE_CURVE('',#3622,(#3626,#3633),.PCURVE_S1.);
#3622 = LINE('',#3623,#3624);
#3623 = CARTESIAN_POINT('',(-5.45,-22.25,7.3));
#3624 = VECTOR('',#3625,1.);
#3625 = DIRECTION('',(-1.,1.224646799147E-16,0.));
#3626 = PCURVE('',#3123,#3627);
#3627 = DEFINITIONAL_REPRESENTATION('',(#3628),#3632);
#3628 = LINE('',#3629,#3630);
#3629 = CARTESIAN_POINT('',(0.,0.));
#3630 = VECTOR('',#3631,1.);
#3631 = DIRECTION('',(0.,-1.));
#3632 = ( GEOMETRIC_REPRESENTATION_CONTEXT(2) 
PARAMETRIC_REPRESENTATION_CONTEXT() REPRESENTATION_CONTEXT('2D SPACE',''
  ) );
#3633 = PCURVE('',#3476,#3634);
#3634 = DEFINITIONAL_REPRESENTATION('',(#3635),#3639);
#3635 = LINE('',#3636,#3637);
#3636 = CARTESIAN_POINT('',(-7.3,-6.067965610679));
#3637 = VECTOR('',#3638,1.);
#3638 = DIRECTION('',(0.,1.));
#3639 = ( GEOMETRIC_REPRESENTATION_CONTEXT(2) 
PARAMETRIC_REPRESENTATION_CONTEXT() REPRESENTATION_CONTEXT('2D SPACE',''
  ) );
#3640 = ORIENTED_EDGE('',*,*,#3641,.T.);
#3641 = EDGE_CURVE('',#3619,#3642,#3644,.T.);
#3642 = VERTEX_POINT('',#3643);
#3643 = CARTESIAN_POINT('',(-11.25,-29.65,7.3));
#3644 = SURFACE_CURVE('',#3645,(#3649,#3656),.PCURVE_S1.);
#3645 = LINE('',#3646,#3647);
#3646 = CARTESIAN_POINT('',(-11.25,-22.25,7.3));
#3647 = VECTOR('',#3648,1.);
#3648 = DIRECTION('',(-1.224646799147E-16,-1.,0.));
#3649 = PCURVE('',#3123,#3650);
#3650 = DEFINITIONAL_REPRESENTATION('',(#3651),#3655);
#3651 = LINE('',#3652,#3653);
#3652 = CARTESIAN_POINT('',(7.102951435055E-16,-5.8));
#3653 = VECTOR('',#3654,1.);
#3654 = DIRECTION('',(1.,0.));
#3655 = ( GEOMETRIC_REPRESENTATION_CONTEXT(2) 
PARAMETRIC_REPRESENTATION_CONTEXT() REPRESENTATION_CONTEXT('2D SPACE',''
  ) );
#3656 = PCURVE('',#3657,#3662);
#3657 = PLANE('',#3658);
#3658 = AXIS2_PLACEMENT_3D('',#3659,#3660,#3661);
#3659 = CARTESIAN_POINT('',(-11.25,-25.95,-7.105427357601E-15));
#3660 = DIRECTION('',(-1.,1.224646799147E-16,0.));
#3661 = DIRECTION('',(0.,0.,1.));
#3662 = DEFINITIONAL_REPRESENTATION('',(#3663),#3667);
#3663 = LINE('',#3664,#3665);
#3664 = CARTESIAN_POINT('',(7.3,3.7));
#3665 = VECTOR('',#3666,1.);
#3666 = DIRECTION('',(0.,-1.));
#3667 = ( GEOMETRIC_REPRESENTATION_CONTEXT(2) 
PARAMETRIC_REPRESENTATION_CONTEXT() REPRESENTATION_CONTEXT('2D SPACE',''
  ) );
#3668 = ORIENTED_EDGE('',*,*,#3669,.F.);
#3669 = EDGE_CURVE('',#3496,#3642,#3670,.T.);
#3670 = SURFACE_CURVE('',#3671,(#3675,#3682),.PCURVE_S1.);
#3671 = LINE('',#3672,#3673);
#3672 = CARTESIAN_POINT('',(-5.45,-29.65,7.3));
#3673 = VECTOR('',#3674,1.);
#3674 = DIRECTION('',(-1.,1.224646799147E-16,0.));
#3675 = PCURVE('',#3123,#3676);
#3676 = DEFINITIONAL_REPRESENTATION('',(#3677),#3681);
#3677 = LINE('',#3678,#3679);
#3678 = CARTESIAN_POINT('',(7.4,9.06238631369E-16));
#3679 = VECTOR('',#3680,1.);
#3680 = DIRECTION('',(0.,-1.));
#3681 = ( GEOMETRIC_REPRESENTATION_CONTEXT(2) 
PARAMETRIC_REPRESENTATION_CONTEXT() REPRESENTATION_CONTEXT('2D SPACE',''
  ) );
#3682 = PCURVE('',#3601,#3683);
#3683 = DEFINITIONAL_REPRESENTATION('',(#3684),#3688);
#3684 = LINE('',#3685,#3686);
#3685 = CARTESIAN_POINT('',(7.3,-6.067965610679));
#3686 = VECTOR('',#3687,1.);
#3687 = DIRECTION('',(0.,1.));
#3688 = ( GEOMETRIC_REPRESENTATION_CONTEXT(2) 
PARAMETRIC_REPRESENTATION_CONTEXT() REPRESENTATION_CONTEXT('2D SPACE',''
  ) );
#3689 = ORIENTED_EDGE('',*,*,#3495,.F.);
#3690 = ADVANCED_FACE('',(#3691),#3213,.F.);
#3691 = FACE_BOUND('',#3692,.F.);
#3692 = EDGE_LOOP('',(#3693,#3751,#3752));
#3693 = ORIENTED_EDGE('',*,*,#3694,.T.);
#3694 = EDGE_CURVE('',#3166,#3404,#3695,.T.);
#3695 = SURFACE_CURVE('',#3696,(#3709,#3716),.PCURVE_S1.);
#3696 = ( BOUNDED_CURVE() B_SPLINE_CURVE(11,(#3697,#3698,#3699,#3700,
    #3701,#3702,#3703,#3704,#3705,#3706,#3707,#3708),.UNSPECIFIED.,.F.,
.F.) B_SPLINE_CURVE_WITH_KNOTS((12,12),(0.,0.531104483128),
.PIECEWISE_BEZIER_KNOTS.) CURVE() GEOMETRIC_REPRESENTATION_ITEM() 
RATIONAL_B_SPLINE_CURVE((1.,1.,1.,1.,0.999999999999,1.000000000001,
0.999999999999,1.000000000001,1.,1.,1.,1.)) REPRESENTATION_ITEM('') );
#3697 = CARTESIAN_POINT('',(-5.45,-23.02012121328,8.070121213289));
#3698 = CARTESIAN_POINT('',(-5.450000155059,-22.9732693018,
    8.038886605635));
#3699 = CARTESIAN_POINT('',(-5.458045106893,-22.92608766722,
    8.00742814905));
#3700 = CARTESIAN_POINT('',(-5.474359626878,-22.88055329135,
    7.977126071142));
#3701 = CARTESIAN_POINT('',(-5.498267878587,-22.83805550564,7.9487591305
    ));
#3702 = CARTESIAN_POINT('',(-5.529688786706,-22.80193960537,
    7.925142443433));
#3703 = CARTESIAN_POINT('',(-5.564202948763,-22.77098479895,
    7.904270423945));
#3704 = CARTESIAN_POINT('',(-5.604550641307,-22.75054883975,
    7.891617195603));
#3705 = CARTESIAN_POINT('',(-5.637794637048,-22.73782650952,
    7.882850191923));
#3706 = CARTESIAN_POINT('',(-5.667159082054,-22.72957150853,
    7.876775710473));
#3707 = CARTESIAN_POINT('',(-5.693238499407,-22.72443460353,
    7.87300186245));
#3708 = CARTESIAN_POINT('',(-5.71864146102,-22.72176464467,
    7.871216874279));
#3709 = PCURVE('',#3213,#3710);
#3710 = DEFINITIONAL_REPRESENTATION('',(#3711),#3715);
#3711 = LINE('',#3712,#3713);
#3712 = CARTESIAN_POINT('',(0.531104483128,0.));
#3713 = VECTOR('',#3714,1.);
#3714 = DIRECTION('',(0.,1.));
#3715 = ( GEOMETRIC_REPRESENTATION_CONTEXT(2) 
PARAMETRIC_REPRESENTATION_CONTEXT() REPRESENTATION_CONTEXT('2D SPACE',''
  ) );
#3716 = PCURVE('',#3717,#3722);
#3717 = CYLINDRICAL_SURFACE('',#3718,0.3);
#3718 = AXIS2_PLACEMENT_3D('',#3719,#3720,#3721);
#3719 = CARTESIAN_POINT('',(-5.75,-23.02012121328,7.8));
#3720 = DIRECTION('',(0.,0.,1.));
#3721 = DIRECTION('',(0.104528463268,0.994521895368,0.));
#3722 = DEFINITIONAL_REPRESENTATION('',(#3723),#3750);
#3723 = B_SPLINE_CURVE_WITH_KNOTS('',9,(#3724,#3725,#3726,#3727,#3728,
    #3729,#3730,#3731,#3732,#3733,#3734,#3735,#3736,#3737,#3738,#3739,
    #3740,#3741,#3742,#3743,#3744,#3745,#3746,#3747,#3748,#3749),
  .UNSPECIFIED.,.F.,.F.,(10,8,8,10),(0.,0.132776120782,0.265552241564,
    0.531104483128),.UNSPECIFIED.);
#3724 = CARTESIAN_POINT('',(-1.466073262091,0.270120551372));
#3725 = CARTESIAN_POINT('',(-1.418353722618,0.260576643478));
#3726 = CARTESIAN_POINT('',(-1.370559524376,0.251016361558));
#3727 = CARTESIAN_POINT('',(-1.322594320944,0.241457077444));
#3728 = CARTESIAN_POINT('',(-1.274790186037,0.231993930146));
#3729 = CARTESIAN_POINT('',(-1.226750835739,0.222580768569));
#3730 = CARTESIAN_POINT('',(-1.178927345954,0.213340426394));
#3731 = CARTESIAN_POINT('',(-1.131080973394,0.20425633155));
#3732 = CARTESIAN_POINT('',(-1.083386063311,0.195391846681));
#3733 = CARTESIAN_POINT('',(-0.988340087516,0.178160020613));
#3734 = CARTESIAN_POINT('',(-0.940994602512,0.169793814061));
#3735 = CARTESIAN_POINT('',(-0.893880118862,0.161712772869));
#3736 = CARTESIAN_POINT('',(-0.84706183953,0.153951308768));
#3737 = CARTESIAN_POINT('',(-0.800616973609,0.146541481934));
#3738 = CARTESIAN_POINT('',(-0.754635037939,0.139511696567));
#3739 = CARTESIAN_POINT('',(-0.709218158728,0.132885396485));
#3740 = CARTESIAN_POINT('',(-0.664481373173,0.126679760708));
#3741 = CARTESIAN_POINT('',(-0.532696046896,0.10935367572));
#3742 = CARTESIAN_POINT('',(-0.448071916025,9.952349915377E-02));
#3743 = CARTESIAN_POINT('',(-0.367648679261,9.148988875745E-02));
#3744 = CARTESIAN_POINT('',(-0.292633550101,8.519447024238E-02));
#3745 = CARTESIAN_POINT('',(-0.223798152194,8.045073089067E-02));
#3746 = CARTESIAN_POINT('',(-0.162018480352,7.684752679655E-02));
#3747 = CARTESIAN_POINT('',(-0.105250524184,7.415753768709E-02));
#3748 = CARTESIAN_POINT('',(-5.203180935109E-02,7.23077003836E-02));
#3749 = CARTESIAN_POINT('',(8.288E-14,7.121687427934E-02));
#3750 = ( GEOMETRIC_REPRESENTATION_CONTEXT(2) 
PARAMETRIC_REPRESENTATION_CONTEXT() REPRESENTATION_CONTEXT('2D SPACE',''
  ) );
#3751 = ORIENTED_EDGE('',*,*,#3403,.F.);
#3752 = ORIENTED_EDGE('',*,*,#3165,.F.);
#3753 = ADVANCED_FACE('',(#3754),#3327,.T.);
#3754 = FACE_BOUND('',#3755,.T.);
#3755 = EDGE_LOOP('',(#3756,#3810,#3811));
#3756 = ORIENTED_EDGE('',*,*,#3757,.T.);
#3757 = EDGE_CURVE('',#3258,#3529,#3758,.T.);
#3758 = SURFACE_CURVE('',#3759,(#3772,#3779),.PCURVE_S1.);
#3759 = ( BOUNDED_CURVE() B_SPLINE_CURVE(11,(#3760,#3761,#3762,#3763,
    #3764,#3765,#3766,#3767,#3768,#3769,#3770,#3771),.UNSPECIFIED.,.F.,
.F.) B_SPLINE_CURVE_WITH_KNOTS((12,12),(0.,0.531105042268),
.PIECEWISE_BEZIER_KNOTS.) CURVE() GEOMETRIC_REPRESENTATION_ITEM() 
RATIONAL_B_SPLINE_CURVE((1.,1.,1.,1.,0.999999999999,1.000000000001,
0.999999999999,1.000000000001,1.,1.,1.,1.)) REPRESENTATION_ITEM('') );
#3760 = CARTESIAN_POINT('',(-5.45,-28.87987878671,8.070121213289));
#3761 = CARTESIAN_POINT('',(-5.450000080935,-28.92673026669,
    8.038886893292));
#3762 = CARTESIAN_POINT('',(-5.458044972852,-28.97391195938,
    8.00742839786));
#3763 = CARTESIAN_POINT('',(-5.474359452531,-29.0194464025,7.97712627456
    ));
#3764 = CARTESIAN_POINT('',(-5.49826768057,-29.06194426283,
    7.948759283766));
#3765 = CARTESIAN_POINT('',(-5.529688598252,-29.09806023071,
    7.925142551905));
#3766 = CARTESIAN_POINT('',(-5.564202768012,-29.12901510493,
    7.904270485526));
#3767 = CARTESIAN_POINT('',(-5.60455051868,-29.14945111428,
    7.891617226065));
#3768 = CARTESIAN_POINT('',(-5.637794554445,-29.16217346637,
    7.882850209414));
#3769 = CARTESIAN_POINT('',(-5.667159031961,-29.17042848166,
    7.876775717415));
#3770 = CARTESIAN_POINT('',(-5.693238474816,-29.17556539388,
    7.873001864185));
#3771 = CARTESIAN_POINT('',(-5.71864146102,-29.17823535532,
    7.871216874279));
#3772 = PCURVE('',#3327,#3773);
#3773 = DEFINITIONAL_REPRESENTATION('',(#3774),#3778);
#3774 = LINE('',#3775,#3776);
#3775 = CARTESIAN_POINT('',(0.531105042268,0.));
#3776 = VECTOR('',#3777,1.);
#3777 = DIRECTION('',(0.,1.));
#3778 = ( GEOMETRIC_REPRESENTATION_CONTEXT(2) 
PARAMETRIC_REPRESENTATION_CONTEXT() REPRESENTATION_CONTEXT('2D SPACE',''
  ) );
#3779 = PCURVE('',#3780,#3785);
#3780 = CYLINDRICAL_SURFACE('',#3781,0.3);
#3781 = AXIS2_PLACEMENT_3D('',#3782,#3783,#3784);
#3782 = CARTESIAN_POINT('',(-5.75,-28.87987878671,7.8));
#3783 = DIRECTION('',(0.,0.,1.));
#3784 = DIRECTION('',(1.,-1.224646799147E-16,0.));
#3785 = DEFINITIONAL_REPRESENTATION('',(#3786),#3809);
#3786 = B_SPLINE_CURVE_WITH_KNOTS('',11,(#3787,#3788,#3789,#3790,#3791,
    #3792,#3793,#3794,#3795,#3796,#3797,#3798,#3799,#3800,#3801,#3802,
    #3803,#3804,#3805,#3806,#3807,#3808),.UNSPECIFIED.,.F.,.F.,(12,10,12
    ),(0.,0.265552521134,0.531105042268),.UNSPECIFIED.);
#3787 = CARTESIAN_POINT('',(-1.72749067379E-06,0.270120867783));
#3788 = CARTESIAN_POINT('',(-7.808752746971E-02,0.254503707787));
#3789 = CARTESIAN_POINT('',(-0.156420675025,0.238833290338));
#3790 = CARTESIAN_POINT('',(-0.234973145428,0.223264562041));
#3791 = CARTESIAN_POINT('',(-0.313278580452,0.207991089893));
#3792 = CARTESIAN_POINT('',(-0.391880402684,0.193065900866));
#3793 = CARTESIAN_POINT('',(-0.469659852491,0.178834454414));
#3794 = CARTESIAN_POINT('',(-0.547362483116,0.165251677473));
#3795 = CARTESIAN_POINT('',(-0.62401870759,0.152601521603));
#3796 = CARTESIAN_POINT('',(-0.699648147011,0.140931089826));
#3797 = CARTESIAN_POINT('',(-0.773639935273,0.130355103747));
#3798 = CARTESIAN_POINT('',(-0.917405911677,0.111453882862));
#3799 = CARTESIAN_POINT('',(-0.987172915324,0.103129450276));
#3800 = CARTESIAN_POINT('',(-1.054331065759,9.596989630424E-02));
#3801 = CARTESIAN_POINT('',(-1.118296200108,8.996260897058E-02));
#3802 = CARTESIAN_POINT('',(-1.178576883968,8.504536668287E-02));
#3803 = CARTESIAN_POINT('',(-1.234737554033,8.108936449586E-02));
#3804 = CARTESIAN_POINT('',(-1.286662175492,7.792985150755E-02));
#3805 = CARTESIAN_POINT('',(-1.334828705239,7.54260920166E-02));
#3806 = CARTESIAN_POINT('',(-1.380156644034,7.349867234671E-02));
#3807 = CARTESIAN_POINT('',(-1.423505050086,7.210936923245E-02));
#3808 = CARTESIAN_POINT('',(-1.466076571675,7.121687427949E-02));
#3809 = ( GEOMETRIC_REPRESENTATION_CONTEXT(2) 
PARAMETRIC_REPRESENTATION_CONTEXT() REPRESENTATION_CONTEXT('2D SPACE',''
  ) );
#3810 = ORIENTED_EDGE('',*,*,#3528,.F.);
#3811 = ORIENTED_EDGE('',*,*,#3285,.F.);
#3812 = ADVANCED_FACE('',(#3813),#3273,.F.);
#3813 = FACE_BOUND('',#3814,.F.);
#3814 = EDGE_LOOP('',(#3815,#3816,#3839,#3867));
#3815 = ORIENTED_EDGE('',*,*,#3257,.T.);
#3816 = ORIENTED_EDGE('',*,*,#3817,.T.);
#3817 = EDGE_CURVE('',#3258,#3818,#3820,.T.);
#3818 = VERTEX_POINT('',#3819);
#3819 = CARTESIAN_POINT('',(-5.45,-28.87987878671,8.129878786711));
#3820 = SURFACE_CURVE('',#3821,(#3825,#3832),.PCURVE_S1.);
#3821 = LINE('',#3822,#3823);
#3822 = CARTESIAN_POINT('',(-5.45,-28.87987878671,7.8));
#3823 = VECTOR('',#3824,1.);
#3824 = DIRECTION('',(0.,0.,1.));
#3825 = PCURVE('',#3273,#3826);
#3826 = DEFINITIONAL_REPRESENTATION('',(#3827),#3831);
#3827 = LINE('',#3828,#3829);
#3828 = CARTESIAN_POINT('',(1.7,-6.629878786711));
#3829 = VECTOR('',#3830,1.);
#3830 = DIRECTION('',(1.,0.));
#3831 = ( GEOMETRIC_REPRESENTATION_CONTEXT(2) 
PARAMETRIC_REPRESENTATION_CONTEXT() REPRESENTATION_CONTEXT('2D SPACE',''
  ) );
#3832 = PCURVE('',#3780,#3833);
#3833 = DEFINITIONAL_REPRESENTATION('',(#3834),#3838);
#3834 = LINE('',#3835,#3836);
#3835 = CARTESIAN_POINT('',(-0.,0.));
#3836 = VECTOR('',#3837,1.);
#3837 = DIRECTION('',(-0.,1.));
#3838 = ( GEOMETRIC_REPRESENTATION_CONTEXT(2) 
PARAMETRIC_REPRESENTATION_CONTEXT() REPRESENTATION_CONTEXT('2D SPACE',''
  ) );
#3839 = ORIENTED_EDGE('',*,*,#3840,.T.);
#3840 = EDGE_CURVE('',#3818,#3841,#3843,.T.);
#3841 = VERTEX_POINT('',#3842);
#3842 = CARTESIAN_POINT('',(-5.45,-23.02012121328,8.129878786711));
#3843 = SURFACE_CURVE('',#3844,(#3848,#3855),.PCURVE_S1.);
#3844 = LINE('',#3845,#3846);
#3845 = CARTESIAN_POINT('',(-5.45,-29.15,8.129878786711));
#3846 = VECTOR('',#3847,1.);
#3847 = DIRECTION('',(1.224646799147E-16,1.,0.));
#3848 = PCURVE('',#3273,#3849);
#3849 = DEFINITIONAL_REPRESENTATION('',(#3850),#3854);
#3850 = LINE('',#3851,#3852);
#3851 = CARTESIAN_POINT('',(2.029878786711,-6.9));
#3852 = VECTOR('',#3853,1.);
#3853 = DIRECTION('',(0.,1.));
#3854 = ( GEOMETRIC_REPRESENTATION_CONTEXT(2) 
PARAMETRIC_REPRESENTATION_CONTEXT() REPRESENTATION_CONTEXT('2D SPACE',''
  ) );
#3855 = PCURVE('',#3856,#3861);
#3856 = CYLINDRICAL_SURFACE('',#3857,0.3);
#3857 = AXIS2_PLACEMENT_3D('',#3858,#3859,#3860);
#3858 = CARTESIAN_POINT('',(-5.75,-29.15,8.129878786711));
#3859 = DIRECTION('',(1.224646799147E-16,1.,0.));
#3860 = DIRECTION('',(1.,-1.224646799147E-16,0.));
#3861 = DEFINITIONAL_REPRESENTATION('',(#3862),#3866);
#3862 = LINE('',#3863,#3864);
#3863 = CARTESIAN_POINT('',(-0.,0.));
#3864 = VECTOR('',#3865,1.);
#3865 = DIRECTION('',(-0.,1.));
#3866 = ( GEOMETRIC_REPRESENTATION_CONTEXT(2) 
PARAMETRIC_REPRESENTATION_CONTEXT() REPRESENTATION_CONTEXT('2D SPACE',''
  ) );
#3867 = ORIENTED_EDGE('',*,*,#3868,.F.);
#3868 = EDGE_CURVE('',#3166,#3841,#3869,.T.);
#3869 = SURFACE_CURVE('',#3870,(#3874,#3881),.PCURVE_S1.);
#3870 = LINE('',#3871,#3872);
#3871 = CARTESIAN_POINT('',(-5.45,-23.02012121328,7.8));
#3872 = VECTOR('',#3873,1.);
#3873 = DIRECTION('',(0.,0.,1.));
#3874 = PCURVE('',#3273,#3875);
#3875 = DEFINITIONAL_REPRESENTATION('',(#3876),#3880);
#3876 = LINE('',#3877,#3878);
#3877 = CARTESIAN_POINT('',(1.7,-0.770121213289));
#3878 = VECTOR('',#3879,1.);
#3879 = DIRECTION('',(1.,0.));
#3880 = ( GEOMETRIC_REPRESENTATION_CONTEXT(2) 
PARAMETRIC_REPRESENTATION_CONTEXT() REPRESENTATION_CONTEXT('2D SPACE',''
  ) );
#3881 = PCURVE('',#3717,#3882);
#3882 = DEFINITIONAL_REPRESENTATION('',(#3883),#3887);
#3883 = LINE('',#3884,#3885);
#3884 = CARTESIAN_POINT('',(-1.466076571675,0.));
#3885 = VECTOR('',#3886,1.);
#3886 = DIRECTION('',(-0.,1.));
#3887 = ( GEOMETRIC_REPRESENTATION_CONTEXT(2) 
PARAMETRIC_REPRESENTATION_CONTEXT() REPRESENTATION_CONTEXT('2D SPACE',''
  ) );
#3888 = ADVANCED_FACE('',(#3889,#4474),#3476,.T.);
#3889 = FACE_BOUND('',#3890,.T.);
#3890 = EDGE_LOOP('',(#3891,#3914,#3915,#3916,#3939,#3967,#3995,#4023,
    #4051,#4079,#4116,#4144,#4177,#4205,#4233,#4261,#4294,#4322,#4355,
    #4383,#4411,#4439));
#3891 = ORIENTED_EDGE('',*,*,#3892,.F.);
#3892 = EDGE_CURVE('',#3430,#3893,#3895,.T.);
#3893 = VERTEX_POINT('',#3894);
#3894 = CARTESIAN_POINT('',(-10.20718222711,-22.25,8.800547810463));
#3895 = SURFACE_CURVE('',#3896,(#3900,#3907),.PCURVE_S1.);
#3896 = LINE('',#3897,#3898);
#3897 = CARTESIAN_POINT('',(-10.20718222711,-22.25,7.8));
#3898 = VECTOR('',#3899,1.);
#3899 = DIRECTION('',(0.,0.,1.));
#3900 = PCURVE('',#3476,#3901);
#3901 = DEFINITIONAL_REPRESENTATION('',(#3902),#3906);
#3902 = LINE('',#3903,#3904);
#3903 = CARTESIAN_POINT('',(-7.8,-1.310783383568));
#3904 = VECTOR('',#3905,1.);
#3905 = DIRECTION('',(-1.,0.));
#3906 = ( GEOMETRIC_REPRESENTATION_CONTEXT(2) 
PARAMETRIC_REPRESENTATION_CONTEXT() REPRESENTATION_CONTEXT('2D SPACE',''
  ) );
#3907 = PCURVE('',#3445,#3908);
#3908 = DEFINITIONAL_REPRESENTATION('',(#3909),#3913);
#3909 = LINE('',#3910,#3911);
#3910 = CARTESIAN_POINT('',(2.5E-18,2.391693058376));
#3911 = VECTOR('',#3912,1.);
#3912 = DIRECTION('',(1.,-1.045284632677E-18));
#3913 = ( GEOMETRIC_REPRESENTATION_CONTEXT(2) 
PARAMETRIC_REPRESENTATION_CONTEXT() REPRESENTATION_CONTEXT('2D SPACE',''
  ) );
#3914 = ORIENTED_EDGE('',*,*,#3457,.F.);
#3915 = ORIENTED_EDGE('',*,*,#3618,.T.);
#3916 = ORIENTED_EDGE('',*,*,#3917,.F.);
#3917 = EDGE_CURVE('',#3918,#3619,#3920,.T.);
#3918 = VERTEX_POINT('',#3919);
#3919 = CARTESIAN_POINT('',(-11.25,-22.25,6.1));
#3920 = SURFACE_CURVE('',#3921,(#3925,#3932),.PCURVE_S1.);
#3921 = LINE('',#3922,#3923);
#3922 = CARTESIAN_POINT('',(-11.25,-22.25,6.1));
#3923 = VECTOR('',#3924,1.);
#3924 = DIRECTION('',(0.,0.,1.));
#3925 = PCURVE('',#3476,#3926);
#3926 = DEFINITIONAL_REPRESENTATION('',(#3927),#3931);
#3927 = LINE('',#3928,#3929);
#3928 = CARTESIAN_POINT('',(-6.1,-0.267965610679));
#3929 = VECTOR('',#3930,1.);
#3930 = DIRECTION('',(-1.,0.));
#3931 = ( GEOMETRIC_REPRESENTATION_CONTEXT(2) 
PARAMETRIC_REPRESENTATION_CONTEXT() REPRESENTATION_CONTEXT('2D SPACE',''
  ) );
#3932 = PCURVE('',#3657,#3933);
#3933 = DEFINITIONAL_REPRESENTATION('',(#3934),#3938);
#3934 = LINE('',#3935,#3936);
#3935 = CARTESIAN_POINT('',(6.1,3.7));
#3936 = VECTOR('',#3937,1.);
#3937 = DIRECTION('',(1.,0.));
#3938 = ( GEOMETRIC_REPRESENTATION_CONTEXT(2) 
PARAMETRIC_REPRESENTATION_CONTEXT() REPRESENTATION_CONTEXT('2D SPACE',''
  ) );
#3939 = ORIENTED_EDGE('',*,*,#3940,.F.);
#3940 = EDGE_CURVE('',#3941,#3918,#3943,.T.);
#3941 = VERTEX_POINT('',#3942);
#3942 = CARTESIAN_POINT('',(-11.45,-22.25,6.1));
#3943 = SURFACE_CURVE('',#3944,(#3948,#3955),.PCURVE_S1.);
#3944 = LINE('',#3945,#3946);
#3945 = CARTESIAN_POINT('',(-10.75,-22.25,6.1));
#3946 = VECTOR('',#3947,1.);
#3947 = DIRECTION('',(1.,-1.224646799147E-16,0.));
#3948 = PCURVE('',#3476,#3949);
#3949 = DEFINITIONAL_REPRESENTATION('',(#3950),#3954);
#3950 = LINE('',#3951,#3952);
#3951 = CARTESIAN_POINT('',(-6.1,-0.767965610679));
#3952 = VECTOR('',#3953,1.);
#3953 = DIRECTION('',(-0.,-1.));
#3954 = ( GEOMETRIC_REPRESENTATION_CONTEXT(2) 
PARAMETRIC_REPRESENTATION_CONTEXT() REPRESENTATION_CONTEXT('2D SPACE',''
  ) );
#3955 = PCURVE('',#3956,#3961);
#3956 = PLANE('',#3957);
#3957 = AXIS2_PLACEMENT_3D('',#3958,#3959,#3960);
#3958 = CARTESIAN_POINT('',(-8.45,-25.95,6.1));
#3959 = DIRECTION('',(0.,0.,-1.));
#3960 = DIRECTION('',(1.,-1.224646799147E-16,0.));
#3961 = DEFINITIONAL_REPRESENTATION('',(#3962),#3966);
#3962 = LINE('',#3963,#3964);
#3963 = CARTESIAN_POINT('',(-2.3,-3.7));
#3964 = VECTOR('',#3965,1.);
#3965 = DIRECTION('',(1.,0.));
#3966 = ( GEOMETRIC_REPRESENTATION_CONTEXT(2) 
PARAMETRIC_REPRESENTATION_CONTEXT() REPRESENTATION_CONTEXT('2D SPACE',''
  ) );
#3967 = ORIENTED_EDGE('',*,*,#3968,.F.);
#3968 = EDGE_CURVE('',#3969,#3941,#3971,.T.);
#3969 = VERTEX_POINT('',#3970);
#3970 = CARTESIAN_POINT('',(-11.45,-22.25,-6.1));
#3971 = SURFACE_CURVE('',#3972,(#3976,#3983),.PCURVE_S1.);
#3972 = LINE('',#3973,#3974);
#3973 = CARTESIAN_POINT('',(-11.45,-22.25,-10.1));
#3974 = VECTOR('',#3975,1.);
#3975 = DIRECTION('',(0.,0.,1.));
#3976 = PCURVE('',#3476,#3977);
#3977 = DEFINITIONAL_REPRESENTATION('',(#3978),#3982);
#3978 = LINE('',#3979,#3980);
#3979 = CARTESIAN_POINT('',(10.1,-6.796561067902E-02));
#3980 = VECTOR('',#3981,1.);
#3981 = DIRECTION('',(-1.,0.));
#3982 = ( GEOMETRIC_REPRESENTATION_CONTEXT(2) 
PARAMETRIC_REPRESENTATION_CONTEXT() REPRESENTATION_CONTEXT('2D SPACE',''
  ) );
#3983 = PCURVE('',#3984,#3989);
#3984 = PLANE('',#3985);
#3985 = AXIS2_PLACEMENT_3D('',#3986,#3987,#3988);
#3986 = CARTESIAN_POINT('',(-11.45,-22.25,-6.1));
#3987 = DIRECTION('',(-1.,1.224646799147E-16,0.));
#3988 = DIRECTION('',(0.,0.,1.));
#3989 = DEFINITIONAL_REPRESENTATION('',(#3990),#3994);
#3990 = LINE('',#3991,#3992);
#3991 = CARTESIAN_POINT('',(-4.,0.));
#3992 = VECTOR('',#3993,1.);
#3993 = DIRECTION('',(1.,0.));
#3994 = ( GEOMETRIC_REPRESENTATION_CONTEXT(2) 
PARAMETRIC_REPRESENTATION_CONTEXT() REPRESENTATION_CONTEXT('2D SPACE',''
  ) );
#3995 = ORIENTED_EDGE('',*,*,#3996,.F.);
#3996 = EDGE_CURVE('',#3997,#3969,#3999,.T.);
#3997 = VERTEX_POINT('',#3998);
#3998 = CARTESIAN_POINT('',(-11.25,-22.25,-6.1));
#3999 = SURFACE_CURVE('',#4000,(#4004,#4011),.PCURVE_S1.);
#4000 = LINE('',#4001,#4002);
#4001 = CARTESIAN_POINT('',(-11.25,-22.25,-6.1));
#4002 = VECTOR('',#4003,1.);
#4003 = DIRECTION('',(-1.,1.224646799147E-16,0.));
#4004 = PCURVE('',#3476,#4005);
#4005 = DEFINITIONAL_REPRESENTATION('',(#4006),#4010);
#4006 = LINE('',#4007,#4008);
#4007 = CARTESIAN_POINT('',(6.1,-0.267965610679));
#4008 = VECTOR('',#4009,1.);
#4009 = DIRECTION('',(0.,1.));
#4010 = ( GEOMETRIC_REPRESENTATION_CONTEXT(2) 
PARAMETRIC_REPRESENTATION_CONTEXT() REPRESENTATION_CONTEXT('2D SPACE',''
  ) );
#4011 = PCURVE('',#4012,#4017);
#4012 = PLANE('',#4013);
#4013 = AXIS2_PLACEMENT_3D('',#4014,#4015,#4016);
#4014 = CARTESIAN_POINT('',(-8.45,-25.95,-6.1));
#4015 = DIRECTION('',(0.,0.,1.));
#4016 = DIRECTION('',(-1.,1.224646799147E-16,0.));
#4017 = DEFINITIONAL_REPRESENTATION('',(#4018),#4022);
#4018 = LINE('',#4019,#4020);
#4019 = CARTESIAN_POINT('',(2.8,-3.7));
#4020 = VECTOR('',#4021,1.);
#4021 = DIRECTION('',(1.,0.));
#4022 = ( GEOMETRIC_REPRESENTATION_CONTEXT(2) 
PARAMETRIC_REPRESENTATION_CONTEXT() REPRESENTATION_CONTEXT('2D SPACE',''
  ) );
#4023 = ORIENTED_EDGE('',*,*,#4024,.F.);
#4024 = EDGE_CURVE('',#4025,#3997,#4027,.T.);
#4025 = VERTEX_POINT('',#4026);
#4026 = CARTESIAN_POINT('',(-11.25,-22.25,-7.3));
#4027 = SURFACE_CURVE('',#4028,(#4032,#4039),.PCURVE_S1.);
#4028 = LINE('',#4029,#4030);
#4029 = CARTESIAN_POINT('',(-11.25,-22.25,-7.3));
#4030 = VECTOR('',#4031,1.);
#4031 = DIRECTION('',(0.,0.,1.));
#4032 = PCURVE('',#3476,#4033);
#4033 = DEFINITIONAL_REPRESENTATION('',(#4034),#4038);
#4034 = LINE('',#4035,#4036);
#4035 = CARTESIAN_POINT('',(7.3,-0.267965610679));
#4036 = VECTOR('',#4037,1.);
#4037 = DIRECTION('',(-1.,0.));
#4038 = ( GEOMETRIC_REPRESENTATION_CONTEXT(2) 
PARAMETRIC_REPRESENTATION_CONTEXT() REPRESENTATION_CONTEXT('2D SPACE',''
  ) );
#4039 = PCURVE('',#4040,#4045);
#4040 = PLANE('',#4041);
#4041 = AXIS2_PLACEMENT_3D('',#4042,#4043,#4044);
#4042 = CARTESIAN_POINT('',(-11.25,-25.95,-7.105427357601E-15));
#4043 = DIRECTION('',(-1.,1.224646799147E-16,0.));
#4044 = DIRECTION('',(0.,0.,1.));
#4045 = DEFINITIONAL_REPRESENTATION('',(#4046),#4050);
#4046 = LINE('',#4047,#4048);
#4047 = CARTESIAN_POINT('',(-7.3,3.7));
#4048 = VECTOR('',#4049,1.);
#4049 = DIRECTION('',(1.,0.));
#4050 = ( GEOMETRIC_REPRESENTATION_CONTEXT(2) 
PARAMETRIC_REPRESENTATION_CONTEXT() REPRESENTATION_CONTEXT('2D SPACE',''
  ) );
#4051 = ORIENTED_EDGE('',*,*,#4052,.F.);
#4052 = EDGE_CURVE('',#4053,#4025,#4055,.T.);
#4053 = VERTEX_POINT('',#4054);
#4054 = CARTESIAN_POINT('',(-10.4837008992,-22.25,-7.300000000002));
#4055 = SURFACE_CURVE('',#4056,(#4060,#4067),.PCURVE_S1.);
#4056 = LINE('',#4057,#4058);
#4057 = CARTESIAN_POINT('',(-5.45,-22.25,-7.3));
#4058 = VECTOR('',#4059,1.);
#4059 = DIRECTION('',(-1.,1.224646799147E-16,0.));
#4060 = PCURVE('',#3476,#4061);
#4061 = DEFINITIONAL_REPRESENTATION('',(#4062),#4066);
#4062 = LINE('',#4063,#4064);
#4063 = CARTESIAN_POINT('',(7.3,-6.067965610679));
#4064 = VECTOR('',#4065,1.);
#4065 = DIRECTION('',(0.,1.));
#4066 = ( GEOMETRIC_REPRESENTATION_CONTEXT(2) 
PARAMETRIC_REPRESENTATION_CONTEXT() REPRESENTATION_CONTEXT('2D SPACE',''
  ) );
#4067 = PCURVE('',#4068,#4073);
#4068 = PLANE('',#4069);
#4069 = AXIS2_PLACEMENT_3D('',#4070,#4071,#4072);
#4070 = CARTESIAN_POINT('',(-5.45,-29.65,-7.3));
#4071 = DIRECTION('',(0.,0.,-1.));
#4072 = DIRECTION('',(1.224646799147E-16,1.,0.));
#4073 = DEFINITIONAL_REPRESENTATION('',(#4074),#4078);
#4074 = LINE('',#4075,#4076);
#4075 = CARTESIAN_POINT('',(7.4,-9.06238631369E-16));
#4076 = VECTOR('',#4077,1.);
#4077 = DIRECTION('',(0.,-1.));
#4078 = ( GEOMETRIC_REPRESENTATION_CONTEXT(2) 
PARAMETRIC_REPRESENTATION_CONTEXT() REPRESENTATION_CONTEXT('2D SPACE',''
  ) );
#4079 = ORIENTED_EDGE('',*,*,#4080,.F.);
#4080 = EDGE_CURVE('',#4081,#4053,#4083,.T.);
#4081 = VERTEX_POINT('',#4082);
#4082 = CARTESIAN_POINT('',(-10.20718222711,-22.25,-7.399452189537));
#4083 = SURFACE_CURVE('',#4084,(#4089,#4100),.PCURVE_S1.);
#4084 = ELLIPSE('',#4085,0.961889447742,0.1);
#4085 = AXIS2_PLACEMENT_3D('',#4086,#4087,#4088);
#4086 = CARTESIAN_POINT('',(-11.16385945046,-22.25,-7.3));
#4087 = DIRECTION('',(-1.224646799147E-16,-1.,0.));
#4088 = DIRECTION('',(-0.994521895368,1.217938055845E-16,0.104528463268)
  );
#4089 = PCURVE('',#3476,#4090);
#4090 = DEFINITIONAL_REPRESENTATION('',(#4091),#4099);
#4091 = ( BOUNDED_CURVE() B_SPLINE_CURVE(2,(#4092,#4093,#4094,#4095,
#4096,#4097,#4098),.UNSPECIFIED.,.T.,.F.) B_SPLINE_CURVE_WITH_KNOTS((1,2
    ,2,2,2,1),(-2.094395102393,0.,2.094395102393,4.188790204786,
6.28318530718,8.377580409573),.UNSPECIFIED.) CURVE() 
GEOMETRIC_REPRESENTATION_ITEM() RATIONAL_B_SPLINE_CURVE((1.,0.5,1.,0.5,
1.,0.5,1.)) REPRESENTATION_ITEM('') );
#4092 = CARTESIAN_POINT('',(7.199455174194,0.602513956486));
#4093 = CARTESIAN_POINT('',(7.371711419396,0.620618817408));
#4094 = CARTESIAN_POINT('',(7.436400535504,-0.823363788108));
#4095 = CARTESIAN_POINT('',(7.501089651612,-2.267346393624));
#4096 = CARTESIAN_POINT('',(7.264144290302,-0.841468649029));
#4097 = CARTESIAN_POINT('',(7.027198928992,0.584409095565));
#4098 = CARTESIAN_POINT('',(7.199455174194,0.602513956486));
#4099 = ( GEOMETRIC_REPRESENTATION_CONTEXT(2) 
PARAMETRIC_REPRESENTATION_CONTEXT() REPRESENTATION_CONTEXT('2D SPACE',''
  ) );
#4100 = PCURVE('',#4101,#4106);
#4101 = CYLINDRICAL_SURFACE('',#4102,0.1);
#4102 = AXIS2_PLACEMENT_3D('',#4103,#4104,#4105);
#4103 = CARTESIAN_POINT('',(-5.739321202687,-22.8201419442,
    -7.870141944202));
#4104 = DIRECTION('',(-0.989132844378,0.103962051184,0.103962051184));
#4105 = DIRECTION('',(0.104528463268,0.994521895368,-1.040834085586E-17)
  );
#4106 = DEFINITIONAL_REPRESENTATION('',(#4107),#4115);
#4107 = B_SPLINE_CURVE_WITH_KNOTS('',6,(#4108,#4109,#4110,#4111,#4112,
    #4113,#4114),.UNSPECIFIED.,.F.,.F.,(7,7),(3.152519070633,
    3.932454025494),.PIECEWISE_BEZIER_KNOTS.);
#4108 = CARTESIAN_POINT('',(-6.E-17,4.527515081726));
#4109 = CARTESIAN_POINT('',(-0.129989159144,4.52887383843));
#4110 = CARTESIAN_POINT('',(-0.259991086437,4.549628784662));
#4111 = CARTESIAN_POINT('',(-0.389945372288,4.589742489361));
#4112 = CARTESIAN_POINT('',(-0.519967234587,4.648182570719));
#4113 = CARTESIAN_POINT('',(-0.649945795718,4.722954797833));
#4114 = CARTESIAN_POINT('',(-0.779934954861,4.811368035993));
#4115 = ( GEOMETRIC_REPRESENTATION_CONTEXT(2) 
PARAMETRIC_REPRESENTATION_CONTEXT() REPRESENTATION_CONTEXT('2D SPACE',''
  ) );
#4116 = ORIENTED_EDGE('',*,*,#4117,.F.);
#4117 = EDGE_CURVE('',#4118,#4081,#4120,.T.);
#4118 = VERTEX_POINT('',#4119);
#4119 = CARTESIAN_POINT('',(-10.20718222711,-22.25,-8.800547810463));
#4120 = SURFACE_CURVE('',#4121,(#4125,#4132),.PCURVE_S1.);
#4121 = LINE('',#4122,#4123);
#4122 = CARTESIAN_POINT('',(-10.20718222711,-22.25,-8.4));
#4123 = VECTOR('',#4124,1.);
#4124 = DIRECTION('',(0.,0.,1.));
#4125 = PCURVE('',#3476,#4126);
#4126 = DEFINITIONAL_REPRESENTATION('',(#4127),#4131);
#4127 = LINE('',#4128,#4129);
#4128 = CARTESIAN_POINT('',(8.4,-1.310783383568));
#4129 = VECTOR('',#4130,1.);
#4130 = DIRECTION('',(-1.,0.));
#4131 = ( GEOMETRIC_REPRESENTATION_CONTEXT(2) 
PARAMETRIC_REPRESENTATION_CONTEXT() REPRESENTATION_CONTEXT('2D SPACE',''
  ) );
#4132 = PCURVE('',#4133,#4138);
#4133 = PLANE('',#4134);
#4134 = AXIS2_PLACEMENT_3D('',#4135,#4136,#4137);
#4135 = CARTESIAN_POINT('',(-7.828591113556,-22.5,-8.4));
#4136 = DIRECTION('',(-0.104528463268,-0.994521895368,1.E-17));
#4137 = DIRECTION('',(5.726178587739E-21,1.005448095001E-17,1.));
#4138 = DEFINITIONAL_REPRESENTATION('',(#4139),#4143);
#4139 = LINE('',#4140,#4141);
#4140 = CARTESIAN_POINT('',(2.5E-18,2.391693058376));
#4141 = VECTOR('',#4142,1.);
#4142 = DIRECTION('',(1.,-1.045284632677E-18));
#4143 = ( GEOMETRIC_REPRESENTATION_CONTEXT(2) 
PARAMETRIC_REPRESENTATION_CONTEXT() REPRESENTATION_CONTEXT('2D SPACE',''
  ) );
#4144 = ORIENTED_EDGE('',*,*,#4145,.T.);
#4145 = EDGE_CURVE('',#4118,#4146,#4148,.T.);
#4146 = VERTEX_POINT('',#4147);
#4147 = CARTESIAN_POINT('',(-10.48370089926,-22.25,-8.900000000011));
#4148 = SURFACE_CURVE('',#4149,(#4154,#4161),.PCURVE_S1.);
#4149 = ELLIPSE('',#4150,0.961889447742,0.1);
#4150 = AXIS2_PLACEMENT_3D('',#4151,#4152,#4153);
#4151 = CARTESIAN_POINT('',(-11.16385945046,-22.25,-8.9));
#4152 = DIRECTION('',(1.224646799147E-16,1.,0.));
#4153 = DIRECTION('',(-0.994521895368,1.217938055845E-16,-0.104528463268
    ));
#4154 = PCURVE('',#3476,#4155);
#4155 = DEFINITIONAL_REPRESENTATION('',(#4156),#4160);
#4156 = ELLIPSE('',#4157,0.961889447742,1.E-01);
#4157 = AXIS2_PLACEMENT_2D('',#4158,#4159);
#4158 = CARTESIAN_POINT('',(8.9,-0.354106160217));
#4159 = DIRECTION('',(0.104528463268,0.994521895368));
#4160 = ( GEOMETRIC_REPRESENTATION_CONTEXT(2) 
PARAMETRIC_REPRESENTATION_CONTEXT() REPRESENTATION_CONTEXT('2D SPACE',''
  ) );
#4161 = PCURVE('',#4162,#4167);
#4162 = CYLINDRICAL_SURFACE('',#4163,0.1);
#4163 = AXIS2_PLACEMENT_3D('',#4164,#4165,#4166);
#4164 = CARTESIAN_POINT('',(-5.739321202687,-22.8201419442,
    -8.329858055798));
#4165 = DIRECTION('',(-0.989132844378,0.103962051184,-0.103962051184));
#4166 = DIRECTION('',(0.104528463268,0.994521895368,-1.040834085586E-17)
  );
#4167 = DEFINITIONAL_REPRESENTATION('',(#4168),#4176);
#4168 = B_SPLINE_CURVE_WITH_KNOTS('',6,(#4169,#4170,#4171,#4172,#4173,
    #4174,#4175),.UNSPECIFIED.,.F.,.F.,(7,7),(3.152519070633,
    3.932454025584),.PIECEWISE_BEZIER_KNOTS.);
#4169 = CARTESIAN_POINT('',(-6.E-17,4.527515081725));
#4170 = CARTESIAN_POINT('',(0.129989159159,4.52887383843));
#4171 = CARTESIAN_POINT('',(0.259991086468,4.549628784667));
#4172 = CARTESIAN_POINT('',(0.389945372333,4.589742489375));
#4173 = CARTESIAN_POINT('',(0.519967234647,4.648182570746));
#4174 = CARTESIAN_POINT('',(0.649945795793,4.722954797876));
#4175 = CARTESIAN_POINT('',(0.779934954952,4.811368036054));
#4176 = ( GEOMETRIC_REPRESENTATION_CONTEXT(2) 
PARAMETRIC_REPRESENTATION_CONTEXT() REPRESENTATION_CONTEXT('2D SPACE',''
  ) );
#4177 = ORIENTED_EDGE('',*,*,#4178,.T.);
#4178 = EDGE_CURVE('',#4146,#4179,#4181,.T.);
#4179 = VERTEX_POINT('',#4180);
#4180 = CARTESIAN_POINT('',(-11.25,-22.25,-8.9));
#4181 = SURFACE_CURVE('',#4182,(#4186,#4193),.PCURVE_S1.);
#4182 = LINE('',#4183,#4184);
#4183 = CARTESIAN_POINT('',(-5.45,-22.25,-8.9));
#4184 = VECTOR('',#4185,1.);
#4185 = DIRECTION('',(-1.,1.224646799147E-16,0.));
#4186 = PCURVE('',#3476,#4187);
#4187 = DEFINITIONAL_REPRESENTATION('',(#4188),#4192);
#4188 = LINE('',#4189,#4190);
#4189 = CARTESIAN_POINT('',(8.9,-6.067965610679));
#4190 = VECTOR('',#4191,1.);
#4191 = DIRECTION('',(0.,1.));
#4192 = ( GEOMETRIC_REPRESENTATION_CONTEXT(2) 
PARAMETRIC_REPRESENTATION_CONTEXT() REPRESENTATION_CONTEXT('2D SPACE',''
  ) );
#4193 = PCURVE('',#4194,#4199);
#4194 = PLANE('',#4195);
#4195 = AXIS2_PLACEMENT_3D('',#4196,#4197,#4198);
#4196 = CARTESIAN_POINT('',(-5.45,-22.25,-8.9));
#4197 = DIRECTION('',(0.,0.,1.));
#4198 = DIRECTION('',(-1.224646799147E-16,-1.,0.));
#4199 = DEFINITIONAL_REPRESENTATION('',(#4200),#4204);
#4200 = LINE('',#4201,#4202);
#4201 = CARTESIAN_POINT('',(0.,0.));
#4202 = VECTOR('',#4203,1.);
#4203 = DIRECTION('',(0.,-1.));
#4204 = ( GEOMETRIC_REPRESENTATION_CONTEXT(2) 
PARAMETRIC_REPRESENTATION_CONTEXT() REPRESENTATION_CONTEXT('2D SPACE',''
  ) );
#4205 = ORIENTED_EDGE('',*,*,#4206,.F.);
#4206 = EDGE_CURVE('',#4207,#4179,#4209,.T.);
#4207 = VERTEX_POINT('',#4208);
#4208 = CARTESIAN_POINT('',(-11.25,-22.25,-10.1));
#4209 = SURFACE_CURVE('',#4210,(#4214,#4221),.PCURVE_S1.);
#4210 = LINE('',#4211,#4212);
#4211 = CARTESIAN_POINT('',(-11.25,-22.25,-10.1));
#4212 = VECTOR('',#4213,1.);
#4213 = DIRECTION('',(0.,0.,1.));
#4214 = PCURVE('',#3476,#4215);
#4215 = DEFINITIONAL_REPRESENTATION('',(#4216),#4220);
#4216 = LINE('',#4217,#4218);
#4217 = CARTESIAN_POINT('',(10.1,-0.267965610679));
#4218 = VECTOR('',#4219,1.);
#4219 = DIRECTION('',(-1.,0.));
#4220 = ( GEOMETRIC_REPRESENTATION_CONTEXT(2) 
PARAMETRIC_REPRESENTATION_CONTEXT() REPRESENTATION_CONTEXT('2D SPACE',''
  ) );
#4221 = PCURVE('',#4222,#4227);
#4222 = PLANE('',#4223);
#4223 = AXIS2_PLACEMENT_3D('',#4224,#4225,#4226);
#4224 = CARTESIAN_POINT('',(-11.25,-25.95,-7.105427357601E-15));
#4225 = DIRECTION('',(-1.,1.224646799147E-16,0.));
#4226 = DIRECTION('',(0.,0.,1.));
#4227 = DEFINITIONAL_REPRESENTATION('',(#4228),#4232);
#4228 = LINE('',#4229,#4230);
#4229 = CARTESIAN_POINT('',(-10.1,3.7));
#4230 = VECTOR('',#4231,1.);
#4231 = DIRECTION('',(1.,0.));
#4232 = ( GEOMETRIC_REPRESENTATION_CONTEXT(2) 
PARAMETRIC_REPRESENTATION_CONTEXT() REPRESENTATION_CONTEXT('2D SPACE',''
  ) );
#4233 = ORIENTED_EDGE('',*,*,#4234,.T.);
#4234 = EDGE_CURVE('',#4207,#4235,#4237,.T.);
#4235 = VERTEX_POINT('',#4236);
#4236 = CARTESIAN_POINT('',(-14.75,-22.25,-10.1));
#4237 = SURFACE_CURVE('',#4238,(#4242,#4249),.PCURVE_S1.);
#4238 = LINE('',#4239,#4240);
#4239 = CARTESIAN_POINT('',(-10.75,-22.25,-10.1));
#4240 = VECTOR('',#4241,1.);
#4241 = DIRECTION('',(-1.,1.224646799147E-16,0.));
#4242 = PCURVE('',#3476,#4243);
#4243 = DEFINITIONAL_REPRESENTATION('',(#4244),#4248);
#4244 = LINE('',#4245,#4246);
#4245 = CARTESIAN_POINT('',(10.1,-0.767965610679));
#4246 = VECTOR('',#4247,1.);
#4247 = DIRECTION('',(0.,1.));
#4248 = ( GEOMETRIC_REPRESENTATION_CONTEXT(2) 
PARAMETRIC_REPRESENTATION_CONTEXT() REPRESENTATION_CONTEXT('2D SPACE',''
  ) );
#4249 = PCURVE('',#4250,#4255);
#4250 = PLANE('',#4251);
#4251 = AXIS2_PLACEMENT_3D('',#4252,#4253,#4254);
#4252 = CARTESIAN_POINT('',(-10.1,-25.95,-10.1));
#4253 = DIRECTION('',(0.,0.,-1.));
#4254 = DIRECTION('',(1.,-1.224646799147E-16,0.));
#4255 = DEFINITIONAL_REPRESENTATION('',(#4256),#4260);
#4256 = LINE('',#4257,#4258);
#4257 = CARTESIAN_POINT('',(-0.65,-3.7));
#4258 = VECTOR('',#4259,1.);
#4259 = DIRECTION('',(-1.,0.));
#4260 = ( GEOMETRIC_REPRESENTATION_CONTEXT(2) 
PARAMETRIC_REPRESENTATION_CONTEXT() REPRESENTATION_CONTEXT('2D SPACE',''
  ) );
#4261 = ORIENTED_EDGE('',*,*,#4262,.F.);
#4262 = EDGE_CURVE('',#4263,#4235,#4265,.T.);
#4263 = VERTEX_POINT('',#4264);
#4264 = CARTESIAN_POINT('',(-16.75,-22.25,-8.1));
#4265 = SURFACE_CURVE('',#4266,(#4271,#4282),.PCURVE_S1.);
#4266 = CIRCLE('',#4267,2.);
#4267 = AXIS2_PLACEMENT_3D('',#4268,#4269,#4270);
#4268 = CARTESIAN_POINT('',(-14.75,-22.25,-8.1));
#4269 = DIRECTION('',(-1.224646799147E-16,-1.,0.));
#4270 = DIRECTION('',(0.,0.,1.));
#4271 = PCURVE('',#3476,#4272);
#4272 = DEFINITIONAL_REPRESENTATION('',(#4273),#4281);
#4273 = ( BOUNDED_CURVE() B_SPLINE_CURVE(2,(#4274,#4275,#4276,#4277,
#4278,#4279,#4280),.UNSPECIFIED.,.T.,.F.) B_SPLINE_CURVE_WITH_KNOTS((1,2
    ,2,2,2,1),(-2.094395102393,0.,2.094395102393,4.188790204786,
6.28318530718,8.377580409573),.UNSPECIFIED.) CURVE() 
GEOMETRIC_REPRESENTATION_ITEM() RATIONAL_B_SPLINE_CURVE((1.,0.5,1.,0.5,
1.,0.5,1.)) REPRESENTATION_ITEM('') );
#4274 = CARTESIAN_POINT('',(6.1,3.232034389321));
#4275 = CARTESIAN_POINT('',(6.1,6.696136004459));
#4276 = CARTESIAN_POINT('',(9.1,4.96408519689));
#4277 = CARTESIAN_POINT('',(12.1,3.232034389321));
#4278 = CARTESIAN_POINT('',(9.1,1.499983581752));
#4279 = CARTESIAN_POINT('',(6.1,-0.232067225817));
#4280 = CARTESIAN_POINT('',(6.1,3.232034389321));
#4281 = ( GEOMETRIC_REPRESENTATION_CONTEXT(2) 
PARAMETRIC_REPRESENTATION_CONTEXT() REPRESENTATION_CONTEXT('2D SPACE',''
  ) );
#4282 = PCURVE('',#4283,#4288);
#4283 = CYLINDRICAL_SURFACE('',#4284,2.);
#4284 = AXIS2_PLACEMENT_3D('',#4285,#4286,#4287);
#4285 = CARTESIAN_POINT('',(-14.75,-22.25,-8.1));
#4286 = DIRECTION('',(1.224646799147E-16,1.,0.));
#4287 = DIRECTION('',(0.,0.,1.));
#4288 = DEFINITIONAL_REPRESENTATION('',(#4289),#4293);
#4289 = LINE('',#4290,#4291);
#4290 = CARTESIAN_POINT('',(-0.,0.));
#4291 = VECTOR('',#4292,1.);
#4292 = DIRECTION('',(-1.,0.));
#4293 = ( GEOMETRIC_REPRESENTATION_CONTEXT(2) 
PARAMETRIC_REPRESENTATION_CONTEXT() REPRESENTATION_CONTEXT('2D SPACE',''
  ) );
#4294 = ORIENTED_EDGE('',*,*,#4295,.T.);
#4295 = EDGE_CURVE('',#4263,#4296,#4298,.T.);
#4296 = VERTEX_POINT('',#4297);
#4297 = CARTESIAN_POINT('',(-16.75,-22.25,8.1));
#4298 = SURFACE_CURVE('',#4299,(#4303,#4310),.PCURVE_S1.);
#4299 = LINE('',#4300,#4301);
#4300 = CARTESIAN_POINT('',(-16.75,-22.25,-10.1));
#4301 = VECTOR('',#4302,1.);
#4302 = DIRECTION('',(0.,0.,1.));
#4303 = PCURVE('',#3476,#4304);
#4304 = DEFINITIONAL_REPRESENTATION('',(#4305),#4309);
#4305 = LINE('',#4306,#4307);
#4306 = CARTESIAN_POINT('',(10.1,5.232034389321));
#4307 = VECTOR('',#4308,1.);
#4308 = DIRECTION('',(-1.,0.));
#4309 = ( GEOMETRIC_REPRESENTATION_CONTEXT(2) 
PARAMETRIC_REPRESENTATION_CONTEXT() REPRESENTATION_CONTEXT('2D SPACE',''
  ) );
#4310 = PCURVE('',#4311,#4316);
#4311 = PLANE('',#4312);
#4312 = AXIS2_PLACEMENT_3D('',#4313,#4314,#4315);
#4313 = CARTESIAN_POINT('',(-16.75,-22.25,-8.1));
#4314 = DIRECTION('',(-1.,1.224646799147E-16,0.));
#4315 = DIRECTION('',(0.,0.,1.));
#4316 = DEFINITIONAL_REPRESENTATION('',(#4317),#4321);
#4317 = LINE('',#4318,#4319);
#4318 = CARTESIAN_POINT('',(-2.,0.));
#4319 = VECTOR('',#4320,1.);
#4320 = DIRECTION('',(1.,0.));
#4321 = ( GEOMETRIC_REPRESENTATION_CONTEXT(2) 
PARAMETRIC_REPRESENTATION_CONTEXT() REPRESENTATION_CONTEXT('2D SPACE',''
  ) );
#4322 = ORIENTED_EDGE('',*,*,#4323,.F.);
#4323 = EDGE_CURVE('',#4324,#4296,#4326,.T.);
#4324 = VERTEX_POINT('',#4325);
#4325 = CARTESIAN_POINT('',(-14.75,-22.25,10.1));
#4326 = SURFACE_CURVE('',#4327,(#4332,#4343),.PCURVE_S1.);
#4327 = CIRCLE('',#4328,2.);
#4328 = AXIS2_PLACEMENT_3D('',#4329,#4330,#4331);
#4329 = CARTESIAN_POINT('',(-14.75,-22.25,8.1));
#4330 = DIRECTION('',(-1.224646799147E-16,-1.,-0.));
#4331 = DIRECTION('',(0.,0.,-1.));
#4332 = PCURVE('',#3476,#4333);
#4333 = DEFINITIONAL_REPRESENTATION('',(#4334),#4342);
#4334 = ( BOUNDED_CURVE() B_SPLINE_CURVE(2,(#4335,#4336,#4337,#4338,
#4339,#4340,#4341),.UNSPECIFIED.,.T.,.F.) B_SPLINE_CURVE_WITH_KNOTS((1,2
    ,2,2,2,1),(-2.094395102393,0.,2.094395102393,4.188790204786,
6.28318530718,8.377580409573),.UNSPECIFIED.) CURVE() 
GEOMETRIC_REPRESENTATION_ITEM() RATIONAL_B_SPLINE_CURVE((1.,0.5,1.,0.5,
1.,0.5,1.)) REPRESENTATION_ITEM('') );
#4335 = CARTESIAN_POINT('',(-6.1,3.232034389321));
#4336 = CARTESIAN_POINT('',(-6.1,-0.232067225817));
#4337 = CARTESIAN_POINT('',(-9.1,1.499983581752));
#4338 = CARTESIAN_POINT('',(-12.1,3.232034389321));
#4339 = CARTESIAN_POINT('',(-9.1,4.96408519689));
#4340 = CARTESIAN_POINT('',(-6.1,6.696136004459));
#4341 = CARTESIAN_POINT('',(-6.1,3.232034389321));
#4342 = ( GEOMETRIC_REPRESENTATION_CONTEXT(2) 
PARAMETRIC_REPRESENTATION_CONTEXT() REPRESENTATION_CONTEXT('2D SPACE',''
  ) );
#4343 = PCURVE('',#4344,#4349);
#4344 = CYLINDRICAL_SURFACE('',#4345,2.);
#4345 = AXIS2_PLACEMENT_3D('',#4346,#4347,#4348);
#4346 = CARTESIAN_POINT('',(-14.75,-22.25,8.1));
#4347 = DIRECTION('',(1.224646799147E-16,1.,0.));
#4348 = DIRECTION('',(0.,0.,-1.));
#4349 = DEFINITIONAL_REPRESENTATION('',(#4350),#4354);
#4350 = LINE('',#4351,#4352);
#4351 = CARTESIAN_POINT('',(-0.,0.));
#4352 = VECTOR('',#4353,1.);
#4353 = DIRECTION('',(-1.,0.));
#4354 = ( GEOMETRIC_REPRESENTATION_CONTEXT(2) 
PARAMETRIC_REPRESENTATION_CONTEXT() REPRESENTATION_CONTEXT('2D SPACE',''
  ) );
#4355 = ORIENTED_EDGE('',*,*,#4356,.F.);
#4356 = EDGE_CURVE('',#4357,#4324,#4359,.T.);
#4357 = VERTEX_POINT('',#4358);
#4358 = CARTESIAN_POINT('',(-11.25,-22.25,10.1));
#4359 = SURFACE_CURVE('',#4360,(#4364,#4371),.PCURVE_S1.);
#4360 = LINE('',#4361,#4362);
#4361 = CARTESIAN_POINT('',(-10.75,-22.25,10.1));
#4362 = VECTOR('',#4363,1.);
#4363 = DIRECTION('',(-1.,1.224646799147E-16,0.));
#4364 = PCURVE('',#3476,#4365);
#4365 = DEFINITIONAL_REPRESENTATION('',(#4366),#4370);
#4366 = LINE('',#4367,#4368);
#4367 = CARTESIAN_POINT('',(-10.1,-0.767965610679));
#4368 = VECTOR('',#4369,1.);
#4369 = DIRECTION('',(0.,1.));
#4370 = ( GEOMETRIC_REPRESENTATION_CONTEXT(2) 
PARAMETRIC_REPRESENTATION_CONTEXT() REPRESENTATION_CONTEXT('2D SPACE',''
  ) );
#4371 = PCURVE('',#4372,#4377);
#4372 = PLANE('',#4373);
#4373 = AXIS2_PLACEMENT_3D('',#4374,#4375,#4376);
#4374 = CARTESIAN_POINT('',(-10.1,-25.95,10.1));
#4375 = DIRECTION('',(0.,0.,1.));
#4376 = DIRECTION('',(-1.,1.224646799147E-16,0.));
#4377 = DEFINITIONAL_REPRESENTATION('',(#4378),#4382);
#4378 = LINE('',#4379,#4380);
#4379 = CARTESIAN_POINT('',(0.65,-3.7));
#4380 = VECTOR('',#4381,1.);
#4381 = DIRECTION('',(1.,0.));
#4382 = ( GEOMETRIC_REPRESENTATION_CONTEXT(2) 
PARAMETRIC_REPRESENTATION_CONTEXT() REPRESENTATION_CONTEXT('2D SPACE',''
  ) );
#4383 = ORIENTED_EDGE('',*,*,#4384,.F.);
#4384 = EDGE_CURVE('',#4385,#4357,#4387,.T.);
#4385 = VERTEX_POINT('',#4386);
#4386 = CARTESIAN_POINT('',(-11.25,-22.25,8.9));
#4387 = SURFACE_CURVE('',#4388,(#4392,#4399),.PCURVE_S1.);
#4388 = LINE('',#4389,#4390);
#4389 = CARTESIAN_POINT('',(-11.25,-22.25,8.9));
#4390 = VECTOR('',#4391,1.);
#4391 = DIRECTION('',(0.,0.,1.));
#4392 = PCURVE('',#3476,#4393);
#4393 = DEFINITIONAL_REPRESENTATION('',(#4394),#4398);
#4394 = LINE('',#4395,#4396);
#4395 = CARTESIAN_POINT('',(-8.9,-0.267965610679));
#4396 = VECTOR('',#4397,1.);
#4397 = DIRECTION('',(-1.,0.));
#4398 = ( GEOMETRIC_REPRESENTATION_CONTEXT(2) 
PARAMETRIC_REPRESENTATION_CONTEXT() REPRESENTATION_CONTEXT('2D SPACE',''
  ) );
#4399 = PCURVE('',#4400,#4405);
#4400 = PLANE('',#4401);
#4401 = AXIS2_PLACEMENT_3D('',#4402,#4403,#4404);
#4402 = CARTESIAN_POINT('',(-11.25,-25.95,-7.105427357601E-15));
#4403 = DIRECTION('',(-1.,1.224646799147E-16,0.));
#4404 = DIRECTION('',(0.,0.,1.));
#4405 = DEFINITIONAL_REPRESENTATION('',(#4406),#4410);
#4406 = LINE('',#4407,#4408);
#4407 = CARTESIAN_POINT('',(8.9,3.7));
#4408 = VECTOR('',#4409,1.);
#4409 = DIRECTION('',(1.,0.));
#4410 = ( GEOMETRIC_REPRESENTATION_CONTEXT(2) 
PARAMETRIC_REPRESENTATION_CONTEXT() REPRESENTATION_CONTEXT('2D SPACE',''
  ) );
#4411 = ORIENTED_EDGE('',*,*,#4412,.F.);
#4412 = EDGE_CURVE('',#4413,#4385,#4415,.T.);
#4413 = VERTEX_POINT('',#4414);
#4414 = CARTESIAN_POINT('',(-10.48370089926,-22.25,8.900000000011));
#4415 = SURFACE_CURVE('',#4416,(#4420,#4427),.PCURVE_S1.);
#4416 = LINE('',#4417,#4418);
#4417 = CARTESIAN_POINT('',(-5.45,-22.25,8.9));
#4418 = VECTOR('',#4419,1.);
#4419 = DIRECTION('',(-1.,1.224646799147E-16,0.));
#4420 = PCURVE('',#3476,#4421);
#4421 = DEFINITIONAL_REPRESENTATION('',(#4422),#4426);
#4422 = LINE('',#4423,#4424);
#4423 = CARTESIAN_POINT('',(-8.9,-6.067965610679));
#4424 = VECTOR('',#4425,1.);
#4425 = DIRECTION('',(0.,1.));
#4426 = ( GEOMETRIC_REPRESENTATION_CONTEXT(2) 
PARAMETRIC_REPRESENTATION_CONTEXT() REPRESENTATION_CONTEXT('2D SPACE',''
  ) );
#4427 = PCURVE('',#4428,#4433);
#4428 = PLANE('',#4429);
#4429 = AXIS2_PLACEMENT_3D('',#4430,#4431,#4432);
#4430 = CARTESIAN_POINT('',(-5.45,-29.65,8.9));
#4431 = DIRECTION('',(0.,0.,-1.));
#4432 = DIRECTION('',(1.224646799147E-16,1.,0.));
#4433 = DEFINITIONAL_REPRESENTATION('',(#4434),#4438);
#4434 = LINE('',#4435,#4436);
#4435 = CARTESIAN_POINT('',(7.4,-9.06238631369E-16));
#4436 = VECTOR('',#4437,1.);
#4437 = DIRECTION('',(0.,-1.));
#4438 = ( GEOMETRIC_REPRESENTATION_CONTEXT(2) 
PARAMETRIC_REPRESENTATION_CONTEXT() REPRESENTATION_CONTEXT('2D SPACE',''
  ) );
#4439 = ORIENTED_EDGE('',*,*,#4440,.F.);
#4440 = EDGE_CURVE('',#3893,#4413,#4441,.T.);
#4441 = SURFACE_CURVE('',#4442,(#4447,#4458),.PCURVE_S1.);
#4442 = ELLIPSE('',#4443,0.961889447742,0.1);
#4443 = AXIS2_PLACEMENT_3D('',#4444,#4445,#4446);
#4444 = CARTESIAN_POINT('',(-11.16385945046,-22.25,8.9));
#4445 = DIRECTION('',(-1.224646799147E-16,-1.,0.));
#4446 = DIRECTION('',(-0.994521895368,1.217938055845E-16,0.104528463268)
  );
#4447 = PCURVE('',#3476,#4448);
#4448 = DEFINITIONAL_REPRESENTATION('',(#4449),#4457);
#4449 = ( BOUNDED_CURVE() B_SPLINE_CURVE(2,(#4450,#4451,#4452,#4453,
#4454,#4455,#4456),.UNSPECIFIED.,.T.,.F.) B_SPLINE_CURVE_WITH_KNOTS((1,2
    ,2,2,2,1),(-2.094395102393,0.,2.094395102393,4.188790204786,
6.28318530718,8.377580409573),.UNSPECIFIED.) CURVE() 
GEOMETRIC_REPRESENTATION_ITEM() RATIONAL_B_SPLINE_CURVE((1.,0.5,1.,0.5,
1.,0.5,1.)) REPRESENTATION_ITEM('') );
#4450 = CARTESIAN_POINT('',(-9.000544825806,0.602513956486));
#4451 = CARTESIAN_POINT('',(-8.828288580604,0.620618817408));
#4452 = CARTESIAN_POINT('',(-8.763599464496,-0.823363788108));
#4453 = CARTESIAN_POINT('',(-8.698910348388,-2.267346393624));
#4454 = CARTESIAN_POINT('',(-8.935855709698,-0.841468649029));
#4455 = CARTESIAN_POINT('',(-9.172801071008,0.584409095565));
#4456 = CARTESIAN_POINT('',(-9.000544825806,0.602513956486));
#4457 = ( GEOMETRIC_REPRESENTATION_CONTEXT(2) 
PARAMETRIC_REPRESENTATION_CONTEXT() REPRESENTATION_CONTEXT('2D SPACE',''
  ) );
#4458 = PCURVE('',#4459,#4464);
#4459 = CYLINDRICAL_SURFACE('',#4460,0.1);
#4460 = AXIS2_PLACEMENT_3D('',#4461,#4462,#4463);
#4461 = CARTESIAN_POINT('',(-5.739321202687,-22.8201419442,
    8.329858055798));
#4462 = DIRECTION('',(-0.989132844378,0.103962051184,0.103962051184));
#4463 = DIRECTION('',(0.104528463268,0.994521895368,-1.040834085586E-17)
  );
#4464 = DEFINITIONAL_REPRESENTATION('',(#4465),#4473);
#4465 = B_SPLINE_CURVE_WITH_KNOTS('',6,(#4466,#4467,#4468,#4469,#4470,
    #4471,#4472),.UNSPECIFIED.,.F.,.F.,(7,7),(3.152519070633,
    3.932454025584),.PIECEWISE_BEZIER_KNOTS.);
#4466 = CARTESIAN_POINT('',(6.E-17,4.527515081726));
#4467 = CARTESIAN_POINT('',(-0.129989159159,4.52887383843));
#4468 = CARTESIAN_POINT('',(-0.259991086467,4.549628784667));
#4469 = CARTESIAN_POINT('',(-0.389945372333,4.589742489375));
#4470 = CARTESIAN_POINT('',(-0.519967234647,4.648182570746));
#4471 = CARTESIAN_POINT('',(-0.649945795793,4.722954797876));
#4472 = CARTESIAN_POINT('',(-0.779934954951,4.811368036054));
#4473 = ( GEOMETRIC_REPRESENTATION_CONTEXT(2) 
PARAMETRIC_REPRESENTATION_CONTEXT() REPRESENTATION_CONTEXT('2D SPACE',''
  ) );
#4474 = FACE_BOUND('',#4475,.T.);
#4475 = EDGE_LOOP('',(#4476));
#4476 = ORIENTED_EDGE('',*,*,#4477,.T.);
#4477 = EDGE_CURVE('',#4478,#4478,#4480,.T.);
#4478 = VERTEX_POINT('',#4479);
#4479 = CARTESIAN_POINT('',(-12.99999991594,-22.25,0.));
#4480 = SURFACE_CURVE('',#4481,(#4486,#4497),.PCURVE_S1.);
#4481 = CIRCLE('',#4482,0.9);
#4482 = AXIS2_PLACEMENT_3D('',#4483,#4484,#4485);
#4483 = CARTESIAN_POINT('',(-13.89999991594,-22.25,-7.105427357601E-15)
  );
#4484 = DIRECTION('',(-1.224646799147E-16,-1.,0.));
#4485 = DIRECTION('',(1.,-1.224646799147E-16,0.));
#4486 = PCURVE('',#3476,#4487);
#4487 = DEFINITIONAL_REPRESENTATION('',(#4488),#4496);
#4488 = ( BOUNDED_CURVE() B_SPLINE_CURVE(2,(#4489,#4490,#4491,#4492,
#4493,#4494,#4495),.UNSPECIFIED.,.T.,.F.) B_SPLINE_CURVE_WITH_KNOTS((1,2
    ,2,2,2,1),(-2.094395102393,0.,2.094395102393,4.188790204786,
6.28318530718,8.377580409573),.UNSPECIFIED.) CURVE() 
GEOMETRIC_REPRESENTATION_ITEM() RATIONAL_B_SPLINE_CURVE((1.,0.5,1.,0.5,
1.,0.5,1.)) REPRESENTATION_ITEM('') );
#4489 = CARTESIAN_POINT('',(0.,1.482034305265));
#4490 = CARTESIAN_POINT('',(-1.558845726812,1.482034305265));
#4491 = CARTESIAN_POINT('',(-0.779422863406,2.832034305265));
#4492 = CARTESIAN_POINT('',(-2.204364238465E-16,4.182034305265));
#4493 = CARTESIAN_POINT('',(0.779422863406,2.832034305265));
#4494 = CARTESIAN_POINT('',(1.558845726812,1.482034305265));
#4495 = CARTESIAN_POINT('',(0.,1.482034305265));
#4496 = ( GEOMETRIC_REPRESENTATION_CONTEXT(2) 
PARAMETRIC_REPRESENTATION_CONTEXT() REPRESENTATION_CONTEXT('2D SPACE',''
  ) );
#4497 = PCURVE('',#4498,#4503);
#4498 = CYLINDRICAL_SURFACE('',#4499,0.9);
#4499 = AXIS2_PLACEMENT_3D('',#4500,#4501,#4502);
#4500 = CARTESIAN_POINT('',(-13.89999991594,-22.25,-7.105427357601E-15)
  );
#4501 = DIRECTION('',(1.224646799147E-16,1.,2.2E-16));
#4502 = DIRECTION('',(1.,-1.224646799147E-16,0.));
#4503 = DEFINITIONAL_REPRESENTATION('',(#4504),#4508);
#4504 = LINE('',#4505,#4506);
#4505 = CARTESIAN_POINT('',(-0.,0.));
#4506 = VECTOR('',#4507,1.);
#4507 = DIRECTION('',(-1.,0.));
#4508 = ( GEOMETRIC_REPRESENTATION_CONTEXT(2) 
PARAMETRIC_REPRESENTATION_CONTEXT() REPRESENTATION_CONTEXT('2D SPACE',''
  ) );
#4509 = ADVANCED_FACE('',(#4510),#3445,.F.);
#4510 = FACE_BOUND('',#4511,.F.);
#4511 = EDGE_LOOP('',(#4512,#4535,#4556,#4557));
#4512 = ORIENTED_EDGE('',*,*,#4513,.T.);
#4513 = EDGE_CURVE('',#3404,#4514,#4516,.T.);
#4514 = VERTEX_POINT('',#4515);
#4515 = CARTESIAN_POINT('',(-5.71864146102,-22.72176464467,8.32878312572
    ));
#4516 = SURFACE_CURVE('',#4517,(#4521,#4528),.PCURVE_S1.);
#4517 = LINE('',#4518,#4519);
#4518 = CARTESIAN_POINT('',(-5.71864146102,-22.72176464467,7.8));
#4519 = VECTOR('',#4520,1.);
#4520 = DIRECTION('',(0.,0.,1.));
#4521 = PCURVE('',#3445,#4522);
#4522 = DEFINITIONAL_REPRESENTATION('',(#4523),#4527);
#4523 = LINE('',#4524,#4525);
#4524 = CARTESIAN_POINT('',(-7.107645004048E-15,-2.121571845087));
#4525 = VECTOR('',#4526,1.);
#4526 = DIRECTION('',(1.,-1.045284632677E-18));
#4527 = ( GEOMETRIC_REPRESENTATION_CONTEXT(2) 
PARAMETRIC_REPRESENTATION_CONTEXT() REPRESENTATION_CONTEXT('2D SPACE',''
  ) );
#4528 = PCURVE('',#3717,#4529);
#4529 = DEFINITIONAL_REPRESENTATION('',(#4530),#4534);
#4530 = LINE('',#4531,#4532);
#4531 = CARTESIAN_POINT('',(-0.,0.));
#4532 = VECTOR('',#4533,1.);
#4533 = DIRECTION('',(-0.,1.));
#4534 = ( GEOMETRIC_REPRESENTATION_CONTEXT(2) 
PARAMETRIC_REPRESENTATION_CONTEXT() REPRESENTATION_CONTEXT('2D SPACE',''
  ) );
#4535 = ORIENTED_EDGE('',*,*,#4536,.T.);
#4536 = EDGE_CURVE('',#4514,#3893,#4537,.T.);
#4537 = SURFACE_CURVE('',#4538,(#4542,#4549),.PCURVE_S1.);
#4538 = LINE('',#4539,#4540);
#4539 = CARTESIAN_POINT('',(-5.728868356361,-22.72068975466,
    8.329858055798));
#4540 = VECTOR('',#4541,1.);
#4541 = DIRECTION('',(-0.989132844378,0.103962051184,0.103962051184));
#4542 = PCURVE('',#3445,#4543);
#4543 = DEFINITIONAL_REPRESENTATION('',(#4544),#4548);
#4544 = LINE('',#4545,#4546);
#4545 = CARTESIAN_POINT('',(0.529858055798,-2.111288617148));
#4546 = VECTOR('',#4547,1.);
#4547 = DIRECTION('',(0.103962051184,0.99458126461));
#4548 = ( GEOMETRIC_REPRESENTATION_CONTEXT(2) 
PARAMETRIC_REPRESENTATION_CONTEXT() REPRESENTATION_CONTEXT('2D SPACE',''
  ) );
#4549 = PCURVE('',#4459,#4550);
#4550 = DEFINITIONAL_REPRESENTATION('',(#4551),#4555);
#4551 = LINE('',#4552,#4553);
#4552 = CARTESIAN_POINT('',(-0.,0.));
#4553 = VECTOR('',#4554,1.);
#4554 = DIRECTION('',(-0.,1.));
#4555 = ( GEOMETRIC_REPRESENTATION_CONTEXT(2) 
PARAMETRIC_REPRESENTATION_CONTEXT() REPRESENTATION_CONTEXT('2D SPACE',''
  ) );
#4556 = ORIENTED_EDGE('',*,*,#3892,.F.);
#4557 = ORIENTED_EDGE('',*,*,#3429,.F.);
#4558 = ADVANCED_FACE('',(#4559,#5066),#3601,.T.);
#4559 = FACE_BOUND('',#4560,.T.);
#4560 = EDGE_LOOP('',(#4561,#4584,#4621,#4644,#4667,#4690,#4714,#4737,
    #4761,#4784,#4807,#4830,#4863,#4891,#4928,#4951,#4974,#4997,#5020,
    #5043,#5064,#5065));
#4561 = ORIENTED_EDGE('',*,*,#4562,.T.);
#4562 = EDGE_CURVE('',#3555,#4563,#4565,.T.);
#4563 = VERTEX_POINT('',#4564);
#4564 = CARTESIAN_POINT('',(-10.20718222711,-29.65,8.800547810463));
#4565 = SURFACE_CURVE('',#4566,(#4570,#4577),.PCURVE_S1.);
#4566 = LINE('',#4567,#4568);
#4567 = CARTESIAN_POINT('',(-10.20718222711,-29.65,7.8));
#4568 = VECTOR('',#4569,1.);
#4569 = DIRECTION('',(0.,0.,1.));
#4570 = PCURVE('',#3601,#4571);
#4571 = DEFINITIONAL_REPRESENTATION('',(#4572),#4576);
#4572 = LINE('',#4573,#4574);
#4573 = CARTESIAN_POINT('',(7.8,-1.310783383568));
#4574 = VECTOR('',#4575,1.);
#4575 = DIRECTION('',(1.,0.));
#4576 = ( GEOMETRIC_REPRESENTATION_CONTEXT(2) 
PARAMETRIC_REPRESENTATION_CONTEXT() REPRESENTATION_CONTEXT('2D SPACE',''
  ) );
#4577 = PCURVE('',#3570,#4578);
#4578 = DEFINITIONAL_REPRESENTATION('',(#4579),#4583);
#4579 = LINE('',#4580,#4581);
#4580 = CARTESIAN_POINT('',(2.5E-18,2.391693058376));
#4581 = VECTOR('',#4582,1.);
#4582 = DIRECTION('',(-1.,1.045284632677E-18));
#4583 = ( GEOMETRIC_REPRESENTATION_CONTEXT(2) 
PARAMETRIC_REPRESENTATION_CONTEXT() REPRESENTATION_CONTEXT('2D SPACE',''
  ) );
#4584 = ORIENTED_EDGE('',*,*,#4585,.F.);
#4585 = EDGE_CURVE('',#4586,#4563,#4588,.T.);
#4586 = VERTEX_POINT('',#4587);
#4587 = CARTESIAN_POINT('',(-10.48370089917,-29.64999999999,8.9));
#4588 = SURFACE_CURVE('',#4589,(#4594,#4605),.PCURVE_S1.);
#4589 = ELLIPSE('',#4590,0.961889447742,0.1);
#4590 = AXIS2_PLACEMENT_3D('',#4591,#4592,#4593);
#4591 = CARTESIAN_POINT('',(-11.16385945046,-29.65,8.9));
#4592 = DIRECTION('',(1.224646799147E-16,1.,0.));
#4593 = DIRECTION('',(-0.994521895368,1.217938055845E-16,0.104528463268)
  );
#4594 = PCURVE('',#3601,#4595);
#4595 = DEFINITIONAL_REPRESENTATION('',(#4596),#4604);
#4596 = ( BOUNDED_CURVE() B_SPLINE_CURVE(2,(#4597,#4598,#4599,#4600,
#4601,#4602,#4603),.UNSPECIFIED.,.T.,.F.) B_SPLINE_CURVE_WITH_KNOTS((1,2
    ,2,2,2,1),(-2.094395102393,0.,2.094395102393,4.188790204786,
6.28318530718,8.377580409573),.UNSPECIFIED.) CURVE() 
GEOMETRIC_REPRESENTATION_ITEM() RATIONAL_B_SPLINE_CURVE((1.,0.5,1.,0.5,
1.,0.5,1.)) REPRESENTATION_ITEM('') );
#4597 = CARTESIAN_POINT('',(9.000544825806,0.602513956486));
#4598 = CARTESIAN_POINT('',(9.172801071008,0.584409095565));
#4599 = CARTESIAN_POINT('',(8.935855709698,-0.84146864903));
#4600 = CARTESIAN_POINT('',(8.698910348388,-2.267346393624));
#4601 = CARTESIAN_POINT('',(8.763599464496,-0.823363788108));
#4602 = CARTESIAN_POINT('',(8.828288580604,0.620618817408));
#4603 = CARTESIAN_POINT('',(9.000544825806,0.602513956486));
#4604 = ( GEOMETRIC_REPRESENTATION_CONTEXT(2) 
PARAMETRIC_REPRESENTATION_CONTEXT() REPRESENTATION_CONTEXT('2D SPACE',''
  ) );
#4605 = PCURVE('',#4606,#4611);
#4606 = CYLINDRICAL_SURFACE('',#4607,0.1);
#4607 = AXIS2_PLACEMENT_3D('',#4608,#4609,#4610);
#4608 = CARTESIAN_POINT('',(-5.739321202687,-29.07985805579,
    8.329858055798));
#4609 = DIRECTION('',(-0.989132844378,-0.103962051184,0.103962051184));
#4610 = DIRECTION('',(0.104528463268,-2.320938565191E-17,0.994521895368)
  );
#4611 = DEFINITIONAL_REPRESENTATION('',(#4612),#4620);
#4612 = B_SPLINE_CURVE_WITH_KNOTS('',6,(#4613,#4614,#4615,#4616,#4617,
    #4618,#4619),.UNSPECIFIED.,.F.,.F.,(7,7),(2.35073128173,
    3.130666236547),.PIECEWISE_BEZIER_KNOTS.);
#4613 = CARTESIAN_POINT('',(-0.779934954935,4.811368035962));
#4614 = CARTESIAN_POINT('',(-0.909924114071,4.722954797811));
#4615 = CARTESIAN_POINT('',(-1.039902675195,4.648182570705));
#4616 = CARTESIAN_POINT('',(-1.169924537486,4.589742489354));
#4617 = CARTESIAN_POINT('',(-1.29987882333,4.54962878466));
#4618 = CARTESIAN_POINT('',(-1.429880750616,4.52887383843));
#4619 = CARTESIAN_POINT('',(-1.559869909752,4.527515081725));
#4620 = ( GEOMETRIC_REPRESENTATION_CONTEXT(2) 
PARAMETRIC_REPRESENTATION_CONTEXT() REPRESENTATION_CONTEXT('2D SPACE',''
  ) );
#4621 = ORIENTED_EDGE('',*,*,#4622,.T.);
#4622 = EDGE_CURVE('',#4586,#4623,#4625,.T.);
#4623 = VERTEX_POINT('',#4624);
#4624 = CARTESIAN_POINT('',(-11.25,-29.65,8.9));
#4625 = SURFACE_CURVE('',#4626,(#4630,#4637),.PCURVE_S1.);
#4626 = LINE('',#4627,#4628);
#4627 = CARTESIAN_POINT('',(-5.45,-29.65,8.9));
#4628 = VECTOR('',#4629,1.);
#4629 = DIRECTION('',(-1.,1.224646799147E-16,0.));
#4630 = PCURVE('',#3601,#4631);
#4631 = DEFINITIONAL_REPRESENTATION('',(#4632),#4636);
#4632 = LINE('',#4633,#4634);
#4633 = CARTESIAN_POINT('',(8.9,-6.067965610679));
#4634 = VECTOR('',#4635,1.);
#4635 = DIRECTION('',(0.,1.));
#4636 = ( GEOMETRIC_REPRESENTATION_CONTEXT(2) 
PARAMETRIC_REPRESENTATION_CONTEXT() REPRESENTATION_CONTEXT('2D SPACE',''
  ) );
#4637 = PCURVE('',#4428,#4638);
#4638 = DEFINITIONAL_REPRESENTATION('',(#4639),#4643);
#4639 = LINE('',#4640,#4641);
#4640 = CARTESIAN_POINT('',(0.,0.));
#4641 = VECTOR('',#4642,1.);
#4642 = DIRECTION('',(0.,-1.));
#4643 = ( GEOMETRIC_REPRESENTATION_CONTEXT(2) 
PARAMETRIC_REPRESENTATION_CONTEXT() REPRESENTATION_CONTEXT('2D SPACE',''
  ) );
#4644 = ORIENTED_EDGE('',*,*,#4645,.F.);
#4645 = EDGE_CURVE('',#4646,#4623,#4648,.T.);
#4646 = VERTEX_POINT('',#4647);
#4647 = CARTESIAN_POINT('',(-11.25,-29.65,10.1));
#4648 = SURFACE_CURVE('',#4649,(#4653,#4660),.PCURVE_S1.);
#4649 = LINE('',#4650,#4651);
#4650 = CARTESIAN_POINT('',(-11.25,-29.65,10.1));
#4651 = VECTOR('',#4652,1.);
#4652 = DIRECTION('',(0.,-0.,-1.));
#4653 = PCURVE('',#3601,#4654);
#4654 = DEFINITIONAL_REPRESENTATION('',(#4655),#4659);
#4655 = LINE('',#4656,#4657);
#4656 = CARTESIAN_POINT('',(10.1,-0.267965610679));
#4657 = VECTOR('',#4658,1.);
#4658 = DIRECTION('',(-1.,0.));
#4659 = ( GEOMETRIC_REPRESENTATION_CONTEXT(2) 
PARAMETRIC_REPRESENTATION_CONTEXT() REPRESENTATION_CONTEXT('2D SPACE',''
  ) );
#4660 = PCURVE('',#4400,#4661);
#4661 = DEFINITIONAL_REPRESENTATION('',(#4662),#4666);
#4662 = LINE('',#4663,#4664);
#4663 = CARTESIAN_POINT('',(10.1,-3.7));
#4664 = VECTOR('',#4665,1.);
#4665 = DIRECTION('',(-1.,0.));
#4666 = ( GEOMETRIC_REPRESENTATION_CONTEXT(2) 
PARAMETRIC_REPRESENTATION_CONTEXT() REPRESENTATION_CONTEXT('2D SPACE',''
  ) );
#4667 = ORIENTED_EDGE('',*,*,#4668,.F.);
#4668 = EDGE_CURVE('',#4669,#4646,#4671,.T.);
#4669 = VERTEX_POINT('',#4670);
#4670 = CARTESIAN_POINT('',(-14.75,-29.65,10.1));
#4671 = SURFACE_CURVE('',#4672,(#4676,#4683),.PCURVE_S1.);
#4672 = LINE('',#4673,#4674);
#4673 = CARTESIAN_POINT('',(-10.75,-29.65,10.1));
#4674 = VECTOR('',#4675,1.);
#4675 = DIRECTION('',(1.,-1.224646799147E-16,0.));
#4676 = PCURVE('',#3601,#4677);
#4677 = DEFINITIONAL_REPRESENTATION('',(#4678),#4682);
#4678 = LINE('',#4679,#4680);
#4679 = CARTESIAN_POINT('',(10.1,-0.767965610679));
#4680 = VECTOR('',#4681,1.);
#4681 = DIRECTION('',(0.,-1.));
#4682 = ( GEOMETRIC_REPRESENTATION_CONTEXT(2) 
PARAMETRIC_REPRESENTATION_CONTEXT() REPRESENTATION_CONTEXT('2D SPACE',''
  ) );
#4683 = PCURVE('',#4372,#4684);
#4684 = DEFINITIONAL_REPRESENTATION('',(#4685),#4689);
#4685 = LINE('',#4686,#4687);
#4686 = CARTESIAN_POINT('',(0.65,3.7));
#4687 = VECTOR('',#4688,1.);
#4688 = DIRECTION('',(-1.,0.));
#4689 = ( GEOMETRIC_REPRESENTATION_CONTEXT(2) 
PARAMETRIC_REPRESENTATION_CONTEXT() REPRESENTATION_CONTEXT('2D SPACE',''
  ) );
#4690 = ORIENTED_EDGE('',*,*,#4691,.T.);
#4691 = EDGE_CURVE('',#4669,#4692,#4694,.T.);
#4692 = VERTEX_POINT('',#4693);
#4693 = CARTESIAN_POINT('',(-16.75,-29.65,8.1));
#4694 = SURFACE_CURVE('',#4695,(#4700,#4707),.PCURVE_S1.);
#4695 = CIRCLE('',#4696,2.);
#4696 = AXIS2_PLACEMENT_3D('',#4697,#4698,#4699);
#4697 = CARTESIAN_POINT('',(-14.75,-29.65,8.1));
#4698 = DIRECTION('',(-1.224646799147E-16,-1.,-0.));
#4699 = DIRECTION('',(0.,0.,-1.));
#4700 = PCURVE('',#3601,#4701);
#4701 = DEFINITIONAL_REPRESENTATION('',(#4702),#4706);
#4702 = CIRCLE('',#4703,2.);
#4703 = AXIS2_PLACEMENT_2D('',#4704,#4705);
#4704 = CARTESIAN_POINT('',(8.1,3.232034389321));
#4705 = DIRECTION('',(-1.,0.));
#4706 = ( GEOMETRIC_REPRESENTATION_CONTEXT(2) 
PARAMETRIC_REPRESENTATION_CONTEXT() REPRESENTATION_CONTEXT('2D SPACE',''
  ) );
#4707 = PCURVE('',#4344,#4708);
#4708 = DEFINITIONAL_REPRESENTATION('',(#4709),#4713);
#4709 = LINE('',#4710,#4711);
#4710 = CARTESIAN_POINT('',(-0.,-7.4));
#4711 = VECTOR('',#4712,1.);
#4712 = DIRECTION('',(-1.,0.));
#4713 = ( GEOMETRIC_REPRESENTATION_CONTEXT(2) 
PARAMETRIC_REPRESENTATION_CONTEXT() REPRESENTATION_CONTEXT('2D SPACE',''
  ) );
#4714 = ORIENTED_EDGE('',*,*,#4715,.F.);
#4715 = EDGE_CURVE('',#4716,#4692,#4718,.T.);
#4716 = VERTEX_POINT('',#4717);
#4717 = CARTESIAN_POINT('',(-16.75,-29.65,-8.1));
#4718 = SURFACE_CURVE('',#4719,(#4723,#4730),.PCURVE_S1.);
#4719 = LINE('',#4720,#4721);
#4720 = CARTESIAN_POINT('',(-16.75,-29.65,-10.1));
#4721 = VECTOR('',#4722,1.);
#4722 = DIRECTION('',(0.,0.,1.));
#4723 = PCURVE('',#3601,#4724);
#4724 = DEFINITIONAL_REPRESENTATION('',(#4725),#4729);
#4725 = LINE('',#4726,#4727);
#4726 = CARTESIAN_POINT('',(-10.1,5.232034389321));
#4727 = VECTOR('',#4728,1.);
#4728 = DIRECTION('',(1.,0.));
#4729 = ( GEOMETRIC_REPRESENTATION_CONTEXT(2) 
PARAMETRIC_REPRESENTATION_CONTEXT() REPRESENTATION_CONTEXT('2D SPACE',''
  ) );
#4730 = PCURVE('',#4311,#4731);
#4731 = DEFINITIONAL_REPRESENTATION('',(#4732),#4736);
#4732 = LINE('',#4733,#4734);
#4733 = CARTESIAN_POINT('',(-2.,-7.4));
#4734 = VECTOR('',#4735,1.);
#4735 = DIRECTION('',(1.,0.));
#4736 = ( GEOMETRIC_REPRESENTATION_CONTEXT(2) 
PARAMETRIC_REPRESENTATION_CONTEXT() REPRESENTATION_CONTEXT('2D SPACE',''
  ) );
#4737 = ORIENTED_EDGE('',*,*,#4738,.T.);
#4738 = EDGE_CURVE('',#4716,#4739,#4741,.T.);
#4739 = VERTEX_POINT('',#4740);
#4740 = CARTESIAN_POINT('',(-14.75,-29.65,-10.1));
#4741 = SURFACE_CURVE('',#4742,(#4747,#4754),.PCURVE_S1.);
#4742 = CIRCLE('',#4743,2.);
#4743 = AXIS2_PLACEMENT_3D('',#4744,#4745,#4746);
#4744 = CARTESIAN_POINT('',(-14.75,-29.65,-8.1));
#4745 = DIRECTION('',(-1.224646799147E-16,-1.,0.));
#4746 = DIRECTION('',(0.,0.,1.));
#4747 = PCURVE('',#3601,#4748);
#4748 = DEFINITIONAL_REPRESENTATION('',(#4749),#4753);
#4749 = CIRCLE('',#4750,2.);
#4750 = AXIS2_PLACEMENT_2D('',#4751,#4752);
#4751 = CARTESIAN_POINT('',(-8.1,3.232034389321));
#4752 = DIRECTION('',(1.,0.));
#4753 = ( GEOMETRIC_REPRESENTATION_CONTEXT(2) 
PARAMETRIC_REPRESENTATION_CONTEXT() REPRESENTATION_CONTEXT('2D SPACE',''
  ) );
#4754 = PCURVE('',#4283,#4755);
#4755 = DEFINITIONAL_REPRESENTATION('',(#4756),#4760);
#4756 = LINE('',#4757,#4758);
#4757 = CARTESIAN_POINT('',(-0.,-7.4));
#4758 = VECTOR('',#4759,1.);
#4759 = DIRECTION('',(-1.,0.));
#4760 = ( GEOMETRIC_REPRESENTATION_CONTEXT(2) 
PARAMETRIC_REPRESENTATION_CONTEXT() REPRESENTATION_CONTEXT('2D SPACE',''
  ) );
#4761 = ORIENTED_EDGE('',*,*,#4762,.T.);
#4762 = EDGE_CURVE('',#4739,#4763,#4765,.T.);
#4763 = VERTEX_POINT('',#4764);
#4764 = CARTESIAN_POINT('',(-11.25,-29.65,-10.1));
#4765 = SURFACE_CURVE('',#4766,(#4770,#4777),.PCURVE_S1.);
#4766 = LINE('',#4767,#4768);
#4767 = CARTESIAN_POINT('',(-10.75,-29.65,-10.1));
#4768 = VECTOR('',#4769,1.);
#4769 = DIRECTION('',(1.,-1.224646799147E-16,0.));
#4770 = PCURVE('',#3601,#4771);
#4771 = DEFINITIONAL_REPRESENTATION('',(#4772),#4776);
#4772 = LINE('',#4773,#4774);
#4773 = CARTESIAN_POINT('',(-10.1,-0.767965610679));
#4774 = VECTOR('',#4775,1.);
#4775 = DIRECTION('',(0.,-1.));
#4776 = ( GEOMETRIC_REPRESENTATION_CONTEXT(2) 
PARAMETRIC_REPRESENTATION_CONTEXT() REPRESENTATION_CONTEXT('2D SPACE',''
  ) );
#4777 = PCURVE('',#4250,#4778);
#4778 = DEFINITIONAL_REPRESENTATION('',(#4779),#4783);
#4779 = LINE('',#4780,#4781);
#4780 = CARTESIAN_POINT('',(-0.65,3.7));
#4781 = VECTOR('',#4782,1.);
#4782 = DIRECTION('',(1.,0.));
#4783 = ( GEOMETRIC_REPRESENTATION_CONTEXT(2) 
PARAMETRIC_REPRESENTATION_CONTEXT() REPRESENTATION_CONTEXT('2D SPACE',''
  ) );
#4784 = ORIENTED_EDGE('',*,*,#4785,.F.);
#4785 = EDGE_CURVE('',#4786,#4763,#4788,.T.);
#4786 = VERTEX_POINT('',#4787);
#4787 = CARTESIAN_POINT('',(-11.25,-29.65,-8.9));
#4788 = SURFACE_CURVE('',#4789,(#4793,#4800),.PCURVE_S1.);
#4789 = LINE('',#4790,#4791);
#4790 = CARTESIAN_POINT('',(-11.25,-29.65,-8.9));
#4791 = VECTOR('',#4792,1.);
#4792 = DIRECTION('',(0.,-0.,-1.));
#4793 = PCURVE('',#3601,#4794);
#4794 = DEFINITIONAL_REPRESENTATION('',(#4795),#4799);
#4795 = LINE('',#4796,#4797);
#4796 = CARTESIAN_POINT('',(-8.9,-0.267965610679));
#4797 = VECTOR('',#4798,1.);
#4798 = DIRECTION('',(-1.,0.));
#4799 = ( GEOMETRIC_REPRESENTATION_CONTEXT(2) 
PARAMETRIC_REPRESENTATION_CONTEXT() REPRESENTATION_CONTEXT('2D SPACE',''
  ) );
#4800 = PCURVE('',#4222,#4801);
#4801 = DEFINITIONAL_REPRESENTATION('',(#4802),#4806);
#4802 = LINE('',#4803,#4804);
#4803 = CARTESIAN_POINT('',(-8.9,-3.7));
#4804 = VECTOR('',#4805,1.);
#4805 = DIRECTION('',(-1.,0.));
#4806 = ( GEOMETRIC_REPRESENTATION_CONTEXT(2) 
PARAMETRIC_REPRESENTATION_CONTEXT() REPRESENTATION_CONTEXT('2D SPACE',''
  ) );
#4807 = ORIENTED_EDGE('',*,*,#4808,.F.);
#4808 = EDGE_CURVE('',#4809,#4786,#4811,.T.);
#4809 = VERTEX_POINT('',#4810);
#4810 = CARTESIAN_POINT('',(-10.48370089914,-29.64999999998,-8.9));
#4811 = SURFACE_CURVE('',#4812,(#4816,#4823),.PCURVE_S1.);
#4812 = LINE('',#4813,#4814);
#4813 = CARTESIAN_POINT('',(-5.45,-29.65,-8.9));
#4814 = VECTOR('',#4815,1.);
#4815 = DIRECTION('',(-1.,1.224646799147E-16,0.));
#4816 = PCURVE('',#3601,#4817);
#4817 = DEFINITIONAL_REPRESENTATION('',(#4818),#4822);
#4818 = LINE('',#4819,#4820);
#4819 = CARTESIAN_POINT('',(-8.9,-6.067965610679));
#4820 = VECTOR('',#4821,1.);
#4821 = DIRECTION('',(0.,1.));
#4822 = ( GEOMETRIC_REPRESENTATION_CONTEXT(2) 
PARAMETRIC_REPRESENTATION_CONTEXT() REPRESENTATION_CONTEXT('2D SPACE',''
  ) );
#4823 = PCURVE('',#4194,#4824);
#4824 = DEFINITIONAL_REPRESENTATION('',(#4825),#4829);
#4825 = LINE('',#4826,#4827);
#4826 = CARTESIAN_POINT('',(7.4,9.06238631369E-16));
#4827 = VECTOR('',#4828,1.);
#4828 = DIRECTION('',(0.,-1.));
#4829 = ( GEOMETRIC_REPRESENTATION_CONTEXT(2) 
PARAMETRIC_REPRESENTATION_CONTEXT() REPRESENTATION_CONTEXT('2D SPACE',''
  ) );
#4830 = ORIENTED_EDGE('',*,*,#4831,.T.);
#4831 = EDGE_CURVE('',#4809,#4832,#4834,.T.);
#4832 = VERTEX_POINT('',#4833);
#4833 = CARTESIAN_POINT('',(-10.20718222711,-29.65,-8.800547810463));
#4834 = SURFACE_CURVE('',#4835,(#4840,#4847),.PCURVE_S1.);
#4835 = ELLIPSE('',#4836,0.961889447742,0.1);
#4836 = AXIS2_PLACEMENT_3D('',#4837,#4838,#4839);
#4837 = CARTESIAN_POINT('',(-11.16385945046,-29.65,-8.9));
#4838 = DIRECTION('',(-1.224646799147E-16,-1.,0.));
#4839 = DIRECTION('',(-0.994521895368,1.217938055845E-16,-0.104528463268
    ));
#4840 = PCURVE('',#3601,#4841);
#4841 = DEFINITIONAL_REPRESENTATION('',(#4842),#4846);
#4842 = ELLIPSE('',#4843,0.961889447742,1.E-01);
#4843 = AXIS2_PLACEMENT_2D('',#4844,#4845);
#4844 = CARTESIAN_POINT('',(-8.9,-0.354106160217));
#4845 = DIRECTION('',(-0.104528463268,0.994521895368));
#4846 = ( GEOMETRIC_REPRESENTATION_CONTEXT(2) 
PARAMETRIC_REPRESENTATION_CONTEXT() REPRESENTATION_CONTEXT('2D SPACE',''
  ) );
#4847 = PCURVE('',#4848,#4853);
#4848 = CYLINDRICAL_SURFACE('',#4849,0.1);
#4849 = AXIS2_PLACEMENT_3D('',#4850,#4851,#4852);
#4850 = CARTESIAN_POINT('',(-5.739321202687,-29.07985805579,
    -8.329858055798));
#4851 = DIRECTION('',(-0.989132844378,-0.103962051184,-0.103962051184));
#4852 = DIRECTION('',(0.104528463268,-2.392703940192E-18,-0.994521895368
    ));
#4853 = DEFINITIONAL_REPRESENTATION('',(#4854),#4862);
#4854 = B_SPLINE_CURVE_WITH_KNOTS('',6,(#4855,#4856,#4857,#4858,#4859,
    #4860,#4861),.UNSPECIFIED.,.F.,.F.,(7,7),(2.350731281775,
    3.130666236547),.PIECEWISE_BEZIER_KNOTS.);
#4855 = CARTESIAN_POINT('',(0.77993495498,4.811368035932));
#4856 = CARTESIAN_POINT('',(0.909924114109,4.72295479779));
#4857 = CARTESIAN_POINT('',(1.039902675225,4.648182570692));
#4858 = CARTESIAN_POINT('',(1.169924537509,4.589742489347));
#4859 = CARTESIAN_POINT('',(1.299878823345,4.549628784657));
#4860 = CARTESIAN_POINT('',(1.429880750623,4.52887383843));
#4861 = CARTESIAN_POINT('',(1.559869909752,4.527515081725));
#4862 = ( GEOMETRIC_REPRESENTATION_CONTEXT(2) 
PARAMETRIC_REPRESENTATION_CONTEXT() REPRESENTATION_CONTEXT('2D SPACE',''
  ) );
#4863 = ORIENTED_EDGE('',*,*,#4864,.T.);
#4864 = EDGE_CURVE('',#4832,#4865,#4867,.T.);
#4865 = VERTEX_POINT('',#4866);
#4866 = CARTESIAN_POINT('',(-10.20718222711,-29.65,-7.399452189537));
#4867 = SURFACE_CURVE('',#4868,(#4872,#4879),.PCURVE_S1.);
#4868 = LINE('',#4869,#4870);
#4869 = CARTESIAN_POINT('',(-10.20718222711,-29.65,-8.4));
#4870 = VECTOR('',#4871,1.);
#4871 = DIRECTION('',(0.,0.,1.));
#4872 = PCURVE('',#3601,#4873);
#4873 = DEFINITIONAL_REPRESENTATION('',(#4874),#4878);
#4874 = LINE('',#4875,#4876);
#4875 = CARTESIAN_POINT('',(-8.4,-1.310783383568));
#4876 = VECTOR('',#4877,1.);
#4877 = DIRECTION('',(1.,0.));
#4878 = ( GEOMETRIC_REPRESENTATION_CONTEXT(2) 
PARAMETRIC_REPRESENTATION_CONTEXT() REPRESENTATION_CONTEXT('2D SPACE',''
  ) );
#4879 = PCURVE('',#4880,#4885);
#4880 = PLANE('',#4881);
#4881 = AXIS2_PLACEMENT_3D('',#4882,#4883,#4884);
#4882 = CARTESIAN_POINT('',(-7.828591113556,-29.4,-8.4));
#4883 = DIRECTION('',(-0.104528463268,0.994521895368,-1.E-17));
#4884 = DIRECTION('',(5.726178587737E-21,-1.005448095001E-17,-1.));
#4885 = DEFINITIONAL_REPRESENTATION('',(#4886),#4890);
#4886 = LINE('',#4887,#4888);
#4887 = CARTESIAN_POINT('',(2.5E-18,2.391693058376));
#4888 = VECTOR('',#4889,1.);
#4889 = DIRECTION('',(-1.,1.045284632677E-18));
#4890 = ( GEOMETRIC_REPRESENTATION_CONTEXT(2) 
PARAMETRIC_REPRESENTATION_CONTEXT() REPRESENTATION_CONTEXT('2D SPACE',''
  ) );
#4891 = ORIENTED_EDGE('',*,*,#4892,.F.);
#4892 = EDGE_CURVE('',#4893,#4865,#4895,.T.);
#4893 = VERTEX_POINT('',#4894);
#4894 = CARTESIAN_POINT('',(-10.48370089923,-29.65,-7.3));
#4895 = SURFACE_CURVE('',#4896,(#4901,#4912),.PCURVE_S1.);
#4896 = ELLIPSE('',#4897,0.961889447742,0.1);
#4897 = AXIS2_PLACEMENT_3D('',#4898,#4899,#4900);
#4898 = CARTESIAN_POINT('',(-11.16385945046,-29.65,-7.3));
#4899 = DIRECTION('',(1.224646799147E-16,1.,0.));
#4900 = DIRECTION('',(-0.994521895368,1.217938055845E-16,0.104528463268)
  );
#4901 = PCURVE('',#3601,#4902);
#4902 = DEFINITIONAL_REPRESENTATION('',(#4903),#4911);
#4903 = ( BOUNDED_CURVE() B_SPLINE_CURVE(2,(#4904,#4905,#4906,#4907,
#4908,#4909,#4910),.UNSPECIFIED.,.T.,.F.) B_SPLINE_CURVE_WITH_KNOTS((1,2
    ,2,2,2,1),(-2.094395102393,0.,2.094395102393,4.188790204786,
6.28318530718,8.377580409573),.UNSPECIFIED.) CURVE() 
GEOMETRIC_REPRESENTATION_ITEM() RATIONAL_B_SPLINE_CURVE((1.,0.5,1.,0.5,
1.,0.5,1.)) REPRESENTATION_ITEM('') );
#4904 = CARTESIAN_POINT('',(-7.199455174194,0.602513956486));
#4905 = CARTESIAN_POINT('',(-7.027198928992,0.584409095565));
#4906 = CARTESIAN_POINT('',(-7.264144290302,-0.84146864903));
#4907 = CARTESIAN_POINT('',(-7.501089651612,-2.267346393624));
#4908 = CARTESIAN_POINT('',(-7.436400535504,-0.823363788108));
#4909 = CARTESIAN_POINT('',(-7.371711419396,0.620618817408));
#4910 = CARTESIAN_POINT('',(-7.199455174194,0.602513956486));
#4911 = ( GEOMETRIC_REPRESENTATION_CONTEXT(2) 
PARAMETRIC_REPRESENTATION_CONTEXT() REPRESENTATION_CONTEXT('2D SPACE',''
  ) );
#4912 = PCURVE('',#4913,#4918);
#4913 = CYLINDRICAL_SURFACE('',#4914,0.1);
#4914 = AXIS2_PLACEMENT_3D('',#4915,#4916,#4917);
#4915 = CARTESIAN_POINT('',(-5.739321202687,-29.07985805579,
    -7.870141944202));
#4916 = DIRECTION('',(-0.989132844378,-0.103962051184,0.103962051184));
#4917 = DIRECTION('',(0.104528463268,-2.320938565191E-17,0.994521895368)
  );
#4918 = DEFINITIONAL_REPRESENTATION('',(#4919),#4927);
#4919 = B_SPLINE_CURVE_WITH_KNOTS('',6,(#4920,#4921,#4922,#4923,#4924,
    #4925,#4926),.UNSPECIFIED.,.F.,.F.,(7,7),(2.35073128164,
    3.130666236547),.PIECEWISE_BEZIER_KNOTS.);
#4920 = CARTESIAN_POINT('',(-0.779934954845,4.811368036023));
#4921 = CARTESIAN_POINT('',(-0.909924113996,4.722954797854));
#4922 = CARTESIAN_POINT('',(-1.039902675135,4.648182570732));
#4923 = CARTESIAN_POINT('',(-1.169924537442,4.589742489368));
#4924 = CARTESIAN_POINT('',(-1.299878823299,4.549628784664));
#4925 = CARTESIAN_POINT('',(-1.429880750601,4.52887383843));
#4926 = CARTESIAN_POINT('',(-1.559869909752,4.527515081725));
#4927 = ( GEOMETRIC_REPRESENTATION_CONTEXT(2) 
PARAMETRIC_REPRESENTATION_CONTEXT() REPRESENTATION_CONTEXT('2D SPACE',''
  ) );
#4928 = ORIENTED_EDGE('',*,*,#4929,.T.);
#4929 = EDGE_CURVE('',#4893,#4930,#4932,.T.);
#4930 = VERTEX_POINT('',#4931);
#4931 = CARTESIAN_POINT('',(-11.25,-29.65,-7.3));
#4932 = SURFACE_CURVE('',#4933,(#4937,#4944),.PCURVE_S1.);
#4933 = LINE('',#4934,#4935);
#4934 = CARTESIAN_POINT('',(-5.45,-29.65,-7.3));
#4935 = VECTOR('',#4936,1.);
#4936 = DIRECTION('',(-1.,1.224646799147E-16,0.));
#4937 = PCURVE('',#3601,#4938);
#4938 = DEFINITIONAL_REPRESENTATION('',(#4939),#4943);
#4939 = LINE('',#4940,#4941);
#4940 = CARTESIAN_POINT('',(-7.3,-6.067965610679));
#4941 = VECTOR('',#4942,1.);
#4942 = DIRECTION('',(0.,1.));
#4943 = ( GEOMETRIC_REPRESENTATION_CONTEXT(2) 
PARAMETRIC_REPRESENTATION_CONTEXT() REPRESENTATION_CONTEXT('2D SPACE',''
  ) );
#4944 = PCURVE('',#4068,#4945);
#4945 = DEFINITIONAL_REPRESENTATION('',(#4946),#4950);
#4946 = LINE('',#4947,#4948);
#4947 = CARTESIAN_POINT('',(0.,0.));
#4948 = VECTOR('',#4949,1.);
#4949 = DIRECTION('',(0.,-1.));
#4950 = ( GEOMETRIC_REPRESENTATION_CONTEXT(2) 
PARAMETRIC_REPRESENTATION_CONTEXT() REPRESENTATION_CONTEXT('2D SPACE',''
  ) );
#4951 = ORIENTED_EDGE('',*,*,#4952,.F.);
#4952 = EDGE_CURVE('',#4953,#4930,#4955,.T.);
#4953 = VERTEX_POINT('',#4954);
#4954 = CARTESIAN_POINT('',(-11.25,-29.65,-6.1));
#4955 = SURFACE_CURVE('',#4956,(#4960,#4967),.PCURVE_S1.);
#4956 = LINE('',#4957,#4958);
#4957 = CARTESIAN_POINT('',(-11.25,-29.65,-6.1));
#4958 = VECTOR('',#4959,1.);
#4959 = DIRECTION('',(0.,-0.,-1.));
#4960 = PCURVE('',#3601,#4961);
#4961 = DEFINITIONAL_REPRESENTATION('',(#4962),#4966);
#4962 = LINE('',#4963,#4964);
#4963 = CARTESIAN_POINT('',(-6.1,-0.267965610679));
#4964 = VECTOR('',#4965,1.);
#4965 = DIRECTION('',(-1.,0.));
#4966 = ( GEOMETRIC_REPRESENTATION_CONTEXT(2) 
PARAMETRIC_REPRESENTATION_CONTEXT() REPRESENTATION_CONTEXT('2D SPACE',''
  ) );
#4967 = PCURVE('',#4040,#4968);
#4968 = DEFINITIONAL_REPRESENTATION('',(#4969),#4973);
#4969 = LINE('',#4970,#4971);
#4970 = CARTESIAN_POINT('',(-6.1,-3.7));
#4971 = VECTOR('',#4972,1.);
#4972 = DIRECTION('',(-1.,0.));
#4973 = ( GEOMETRIC_REPRESENTATION_CONTEXT(2) 
PARAMETRIC_REPRESENTATION_CONTEXT() REPRESENTATION_CONTEXT('2D SPACE',''
  ) );
#4974 = ORIENTED_EDGE('',*,*,#4975,.F.);
#4975 = EDGE_CURVE('',#4976,#4953,#4978,.T.);
#4976 = VERTEX_POINT('',#4977);
#4977 = CARTESIAN_POINT('',(-11.45,-29.65,-6.1));
#4978 = SURFACE_CURVE('',#4979,(#4983,#4990),.PCURVE_S1.);
#4979 = LINE('',#4980,#4981);
#4980 = CARTESIAN_POINT('',(-10.75,-29.65,-6.1));
#4981 = VECTOR('',#4982,1.);
#4982 = DIRECTION('',(1.,-1.224646799147E-16,0.));
#4983 = PCURVE('',#3601,#4984);
#4984 = DEFINITIONAL_REPRESENTATION('',(#4985),#4989);
#4985 = LINE('',#4986,#4987);
#4986 = CARTESIAN_POINT('',(-6.1,-0.767965610679));
#4987 = VECTOR('',#4988,1.);
#4988 = DIRECTION('',(0.,-1.));
#4989 = ( GEOMETRIC_REPRESENTATION_CONTEXT(2) 
PARAMETRIC_REPRESENTATION_CONTEXT() REPRESENTATION_CONTEXT('2D SPACE',''
  ) );
#4990 = PCURVE('',#4012,#4991);
#4991 = DEFINITIONAL_REPRESENTATION('',(#4992),#4996);
#4992 = LINE('',#4993,#4994);
#4993 = CARTESIAN_POINT('',(2.3,3.7));
#4994 = VECTOR('',#4995,1.);
#4995 = DIRECTION('',(-1.,0.));
#4996 = ( GEOMETRIC_REPRESENTATION_CONTEXT(2) 
PARAMETRIC_REPRESENTATION_CONTEXT() REPRESENTATION_CONTEXT('2D SPACE',''
  ) );
#4997 = ORIENTED_EDGE('',*,*,#4998,.T.);
#4998 = EDGE_CURVE('',#4976,#4999,#5001,.T.);
#4999 = VERTEX_POINT('',#5000);
#5000 = CARTESIAN_POINT('',(-11.45,-29.65,6.1));
#5001 = SURFACE_CURVE('',#5002,(#5006,#5013),.PCURVE_S1.);
#5002 = LINE('',#5003,#5004);
#5003 = CARTESIAN_POINT('',(-11.45,-29.65,-10.1));
#5004 = VECTOR('',#5005,1.);
#5005 = DIRECTION('',(0.,0.,1.));
#5006 = PCURVE('',#3601,#5007);
#5007 = DEFINITIONAL_REPRESENTATION('',(#5008),#5012);
#5008 = LINE('',#5009,#5010);
#5009 = CARTESIAN_POINT('',(-10.1,-6.796561067901E-02));
#5010 = VECTOR('',#5011,1.);
#5011 = DIRECTION('',(1.,0.));
#5012 = ( GEOMETRIC_REPRESENTATION_CONTEXT(2) 
PARAMETRIC_REPRESENTATION_CONTEXT() REPRESENTATION_CONTEXT('2D SPACE',''
  ) );
#5013 = PCURVE('',#3984,#5014);
#5014 = DEFINITIONAL_REPRESENTATION('',(#5015),#5019);
#5015 = LINE('',#5016,#5017);
#5016 = CARTESIAN_POINT('',(-4.,-7.4));
#5017 = VECTOR('',#5018,1.);
#5018 = DIRECTION('',(1.,0.));
#5019 = ( GEOMETRIC_REPRESENTATION_CONTEXT(2) 
PARAMETRIC_REPRESENTATION_CONTEXT() REPRESENTATION_CONTEXT('2D SPACE',''
  ) );
#5020 = ORIENTED_EDGE('',*,*,#5021,.F.);
#5021 = EDGE_CURVE('',#5022,#4999,#5024,.T.);
#5022 = VERTEX_POINT('',#5023);
#5023 = CARTESIAN_POINT('',(-11.25,-29.65,6.1));
#5024 = SURFACE_CURVE('',#5025,(#5029,#5036),.PCURVE_S1.);
#5025 = LINE('',#5026,#5027);
#5026 = CARTESIAN_POINT('',(-11.25,-29.65,6.1));
#5027 = VECTOR('',#5028,1.);
#5028 = DIRECTION('',(-1.,1.224646799147E-16,0.));
#5029 = PCURVE('',#3601,#5030);
#5030 = DEFINITIONAL_REPRESENTATION('',(#5031),#5035);
#5031 = LINE('',#5032,#5033);
#5032 = CARTESIAN_POINT('',(6.1,-0.267965610679));
#5033 = VECTOR('',#5034,1.);
#5034 = DIRECTION('',(0.,1.));
#5035 = ( GEOMETRIC_REPRESENTATION_CONTEXT(2) 
PARAMETRIC_REPRESENTATION_CONTEXT() REPRESENTATION_CONTEXT('2D SPACE',''
  ) );
#5036 = PCURVE('',#3956,#5037);
#5037 = DEFINITIONAL_REPRESENTATION('',(#5038),#5042);
#5038 = LINE('',#5039,#5040);
#5039 = CARTESIAN_POINT('',(-2.8,3.7));
#5040 = VECTOR('',#5041,1.);
#5041 = DIRECTION('',(-1.,0.));
#5042 = ( GEOMETRIC_REPRESENTATION_CONTEXT(2) 
PARAMETRIC_REPRESENTATION_CONTEXT() REPRESENTATION_CONTEXT('2D SPACE',''
  ) );
#5043 = ORIENTED_EDGE('',*,*,#5044,.F.);
#5044 = EDGE_CURVE('',#3642,#5022,#5045,.T.);
#5045 = SURFACE_CURVE('',#5046,(#5050,#5057),.PCURVE_S1.);
#5046 = LINE('',#5047,#5048);
#5047 = CARTESIAN_POINT('',(-11.25,-29.65,7.3));
#5048 = VECTOR('',#5049,1.);
#5049 = DIRECTION('',(0.,-0.,-1.));
#5050 = PCURVE('',#3601,#5051);
#5051 = DEFINITIONAL_REPRESENTATION('',(#5052),#5056);
#5052 = LINE('',#5053,#5054);
#5053 = CARTESIAN_POINT('',(7.3,-0.267965610679));
#5054 = VECTOR('',#5055,1.);
#5055 = DIRECTION('',(-1.,0.));
#5056 = ( GEOMETRIC_REPRESENTATION_CONTEXT(2) 
PARAMETRIC_REPRESENTATION_CONTEXT() REPRESENTATION_CONTEXT('2D SPACE',''
  ) );
#5057 = PCURVE('',#3657,#5058);
#5058 = DEFINITIONAL_REPRESENTATION('',(#5059),#5063);
#5059 = LINE('',#5060,#5061);
#5060 = CARTESIAN_POINT('',(7.3,-3.7));
#5061 = VECTOR('',#5062,1.);
#5062 = DIRECTION('',(-1.,0.));
#5063 = ( GEOMETRIC_REPRESENTATION_CONTEXT(2) 
PARAMETRIC_REPRESENTATION_CONTEXT() REPRESENTATION_CONTEXT('2D SPACE',''
  ) );
#5064 = ORIENTED_EDGE('',*,*,#3669,.F.);
#5065 = ORIENTED_EDGE('',*,*,#3582,.T.);
#5066 = FACE_BOUND('',#5067,.T.);
#5067 = EDGE_LOOP('',(#5068));
#5068 = ORIENTED_EDGE('',*,*,#5069,.F.);
#5069 = EDGE_CURVE('',#5070,#5070,#5072,.T.);
#5070 = VERTEX_POINT('',#5071);
#5071 = CARTESIAN_POINT('',(-12.99999991594,-29.65,0.));
#5072 = SURFACE_CURVE('',#5073,(#5078,#5085),.PCURVE_S1.);
#5073 = CIRCLE('',#5074,0.9);
#5074 = AXIS2_PLACEMENT_3D('',#5075,#5076,#5077);
#5075 = CARTESIAN_POINT('',(-13.89999991594,-29.65,-7.105427357601E-15)
  );
#5076 = DIRECTION('',(-1.224646799147E-16,-1.,0.));
#5077 = DIRECTION('',(1.,-1.224646799147E-16,0.));
#5078 = PCURVE('',#3601,#5079);
#5079 = DEFINITIONAL_REPRESENTATION('',(#5080),#5084);
#5080 = CIRCLE('',#5081,0.9);
#5081 = AXIS2_PLACEMENT_2D('',#5082,#5083);
#5082 = CARTESIAN_POINT('',(0.,2.382034305265));
#5083 = DIRECTION('',(0.,-1.));
#5084 = ( GEOMETRIC_REPRESENTATION_CONTEXT(2) 
PARAMETRIC_REPRESENTATION_CONTEXT() REPRESENTATION_CONTEXT('2D SPACE',''
  ) );
#5085 = PCURVE('',#4498,#5086);
#5086 = DEFINITIONAL_REPRESENTATION('',(#5087),#5091);
#5087 = LINE('',#5088,#5089);
#5088 = CARTESIAN_POINT('',(-0.,-7.4));
#5089 = VECTOR('',#5090,1.);
#5090 = DIRECTION('',(-1.,0.));
#5091 = ( GEOMETRIC_REPRESENTATION_CONTEXT(2) 
PARAMETRIC_REPRESENTATION_CONTEXT() REPRESENTATION_CONTEXT('2D SPACE',''
  ) );
#5092 = ADVANCED_FACE('',(#5093),#3570,.F.);
#5093 = FACE_BOUND('',#5094,.T.);
#5094 = EDGE_LOOP('',(#5095,#5118,#5139,#5140));
#5095 = ORIENTED_EDGE('',*,*,#5096,.T.);
#5096 = EDGE_CURVE('',#3529,#5097,#5099,.T.);
#5097 = VERTEX_POINT('',#5098);
#5098 = CARTESIAN_POINT('',(-5.71864146102,-29.17823535532,
    8.328783125721));
#5099 = SURFACE_CURVE('',#5100,(#5104,#5111),.PCURVE_S1.);
#5100 = LINE('',#5101,#5102);
#5101 = CARTESIAN_POINT('',(-5.71864146102,-29.17823535532,7.8));
#5102 = VECTOR('',#5103,1.);
#5103 = DIRECTION('',(0.,0.,1.));
#5104 = PCURVE('',#3570,#5105);
#5105 = DEFINITIONAL_REPRESENTATION('',(#5106),#5110);
#5106 = LINE('',#5107,#5108);
#5107 = CARTESIAN_POINT('',(-2.217646446789E-18,-2.121571845087));
#5108 = VECTOR('',#5109,1.);
#5109 = DIRECTION('',(-1.,1.045284632677E-18));
#5110 = ( GEOMETRIC_REPRESENTATION_CONTEXT(2) 
PARAMETRIC_REPRESENTATION_CONTEXT() REPRESENTATION_CONTEXT('2D SPACE',''
  ) );
#5111 = PCURVE('',#3780,#5112);
#5112 = DEFINITIONAL_REPRESENTATION('',(#5113),#5117);
#5113 = LINE('',#5114,#5115);
#5114 = CARTESIAN_POINT('',(-1.466076571675,0.));
#5115 = VECTOR('',#5116,1.);
#5116 = DIRECTION('',(-0.,1.));
#5117 = ( GEOMETRIC_REPRESENTATION_CONTEXT(2) 
PARAMETRIC_REPRESENTATION_CONTEXT() REPRESENTATION_CONTEXT('2D SPACE',''
  ) );
#5118 = ORIENTED_EDGE('',*,*,#5119,.T.);
#5119 = EDGE_CURVE('',#5097,#4563,#5120,.T.);
#5120 = SURFACE_CURVE('',#5121,(#5125,#5132),.PCURVE_S1.);
#5121 = LINE('',#5122,#5123);
#5122 = CARTESIAN_POINT('',(-5.728868356361,-29.17931024533,
    8.329858055798));
#5123 = VECTOR('',#5124,1.);
#5124 = DIRECTION('',(-0.989132844378,-0.103962051184,0.103962051184));
#5125 = PCURVE('',#3570,#5126);
#5126 = DEFINITIONAL_REPRESENTATION('',(#5127),#5131);
#5127 = LINE('',#5128,#5129);
#5128 = CARTESIAN_POINT('',(-0.529858055798,-2.111288617148));
#5129 = VECTOR('',#5130,1.);
#5130 = DIRECTION('',(-0.103962051184,0.99458126461));
#5131 = ( GEOMETRIC_REPRESENTATION_CONTEXT(2) 
PARAMETRIC_REPRESENTATION_CONTEXT() REPRESENTATION_CONTEXT('2D SPACE',''
  ) );
#5132 = PCURVE('',#4606,#5133);
#5133 = DEFINITIONAL_REPRESENTATION('',(#5134),#5138);
#5134 = LINE('',#5135,#5136);
#5135 = CARTESIAN_POINT('',(-1.559869909752,0.));
#5136 = VECTOR('',#5137,1.);
#5137 = DIRECTION('',(-0.,1.));
#5138 = ( GEOMETRIC_REPRESENTATION_CONTEXT(2) 
PARAMETRIC_REPRESENTATION_CONTEXT() REPRESENTATION_CONTEXT('2D SPACE',''
  ) );
#5139 = ORIENTED_EDGE('',*,*,#4562,.F.);
#5140 = ORIENTED_EDGE('',*,*,#3554,.F.);
#5141 = ADVANCED_FACE('',(#5142),#3657,.F.);
#5142 = FACE_BOUND('',#5143,.T.);
#5143 = EDGE_LOOP('',(#5144,#5165,#5166,#5167));
#5144 = ORIENTED_EDGE('',*,*,#5145,.T.);
#5145 = EDGE_CURVE('',#5022,#3918,#5146,.T.);
#5146 = SURFACE_CURVE('',#5147,(#5151,#5158),.PCURVE_S1.);
#5147 = LINE('',#5148,#5149);
#5148 = CARTESIAN_POINT('',(-11.25,-29.65,6.1));
#5149 = VECTOR('',#5150,1.);
#5150 = DIRECTION('',(1.224646799147E-16,1.,0.));
#5151 = PCURVE('',#3657,#5152);
#5152 = DEFINITIONAL_REPRESENTATION('',(#5153),#5157);
#5153 = LINE('',#5154,#5155);
#5154 = CARTESIAN_POINT('',(6.1,-3.7));
#5155 = VECTOR('',#5156,1.);
#5156 = DIRECTION('',(0.,1.));
#5157 = ( GEOMETRIC_REPRESENTATION_CONTEXT(2) 
PARAMETRIC_REPRESENTATION_CONTEXT() REPRESENTATION_CONTEXT('2D SPACE',''
  ) );
#5158 = PCURVE('',#3956,#5159);
#5159 = DEFINITIONAL_REPRESENTATION('',(#5160),#5164);
#5160 = LINE('',#5161,#5162);
#5161 = CARTESIAN_POINT('',(-2.8,3.7));
#5162 = VECTOR('',#5163,1.);
#5163 = DIRECTION('',(0.,-1.));
#5164 = ( GEOMETRIC_REPRESENTATION_CONTEXT(2) 
PARAMETRIC_REPRESENTATION_CONTEXT() REPRESENTATION_CONTEXT('2D SPACE',''
  ) );
#5165 = ORIENTED_EDGE('',*,*,#3917,.T.);
#5166 = ORIENTED_EDGE('',*,*,#3641,.T.);
#5167 = ORIENTED_EDGE('',*,*,#5044,.T.);
#5168 = ADVANCED_FACE('',(#5169),#3717,.T.);
#5169 = FACE_BOUND('',#5170,.F.);
#5170 = EDGE_LOOP('',(#5171,#5172,#5173,#5174));
#5171 = ORIENTED_EDGE('',*,*,#4513,.F.);
#5172 = ORIENTED_EDGE('',*,*,#3694,.F.);
#5173 = ORIENTED_EDGE('',*,*,#3868,.T.);
#5174 = ORIENTED_EDGE('',*,*,#5175,.T.);
#5175 = EDGE_CURVE('',#3841,#4514,#5176,.T.);
#5176 = SURFACE_CURVE('',#5177,(#5190,#5212),.PCURVE_S1.);
#5177 = ( BOUNDED_CURVE() B_SPLINE_CURVE(11,(#5178,#5179,#5180,#5181,
    #5182,#5183,#5184,#5185,#5186,#5187,#5188,#5189),.UNSPECIFIED.,.F.,
.F.) B_SPLINE_CURVE_WITH_KNOTS((12,12),(0.,0.531105652806),
.PIECEWISE_BEZIER_KNOTS.) CURVE() GEOMETRIC_REPRESENTATION_ITEM() 
RATIONAL_B_SPLINE_CURVE((1.,1.,1.,1.000000000001,0.999999999999,
    1.000000000002,0.999999999998,1.000000000001,0.999999999999,1.,1.,1.
)) REPRESENTATION_ITEM('') );
#5178 = CARTESIAN_POINT('',(-5.45,-23.02012121328,8.129878786711));
#5179 = CARTESIAN_POINT('',(-5.45,-22.97327020445,8.161112792598));
#5180 = CARTESIAN_POINT('',(-5.458044826482,-22.92608844846,
    8.192571330593));
#5181 = CARTESIAN_POINT('',(-5.474359262178,-22.88055393134,
    8.222873502906));
#5182 = CARTESIAN_POINT('',(-5.498267464316,-22.83805599072,
    8.251240549635));
#5183 = CARTESIAN_POINT('',(-5.529688392517,-22.80193994735,
    8.274857328742));
#5184 = CARTESIAN_POINT('',(-5.564202570612,-22.77098500076,
    8.295729447984));
#5185 = CARTESIAN_POINT('',(-5.604550384799,-22.75054893548,
    8.308382740255));
#5186 = CARTESIAN_POINT('',(-5.637794464243,-22.73782656008,
    8.317149771632));
#5187 = CARTESIAN_POINT('',(-5.667158977264,-22.72957152902,
    8.323224274979));
#5188 = CARTESIAN_POINT('',(-5.693238447964,-22.72443460893,
    8.32699813392));
#5189 = CARTESIAN_POINT('',(-5.71864146102,-22.72176464467,8.32878312572
    ));
#5190 = PCURVE('',#3717,#5191);
#5191 = DEFINITIONAL_REPRESENTATION('',(#5192),#5211);
#5192 = B_SPLINE_CURVE_WITH_KNOTS('',9,(#5193,#5194,#5195,#5196,#5197,
    #5198,#5199,#5200,#5201,#5202,#5203,#5204,#5205,#5206,#5207,#5208,
    #5209,#5210),.UNSPECIFIED.,.F.,.F.,(10,8,10),(0.,0.265552826403,
    0.531105652806),.UNSPECIFIED.);
#5193 = CARTESIAN_POINT('',(-1.466076571675,0.329878786711));
#5194 = CARTESIAN_POINT('',(-1.370639331464,0.348966234753));
#5195 = CARTESIAN_POINT('',(-1.274790508131,0.368138879824));
#5196 = CARTESIAN_POINT('',(-1.178829932971,0.387064442864));
#5197 = CARTESIAN_POINT('',(-1.082939560408,0.405469669826));
#5198 = CARTESIAN_POINT('',(-0.987473691205,0.423001105373));
#5199 = CARTESIAN_POINT('',(-0.892820335468,0.439348803785));
#5200 = CARTESIAN_POINT('',(-0.799495097978,0.454275391043));
#5201 = CARTESIAN_POINT('',(-0.708411527533,0.46754463281));
#5202 = CARTESIAN_POINT('',(-0.532697334944,0.490646174733));
#5203 = CARTESIAN_POINT('',(-0.448072993779,0.500476393195));
#5204 = CARTESIAN_POINT('',(-0.367649536126,0.508510039883));
#5205 = CARTESIAN_POINT('',(-0.292634228328,0.51480548252));
#5206 = CARTESIAN_POINT('',(-0.223798629521,0.519549242487));
#5207 = CARTESIAN_POINT('',(-0.16201882365,0.523152456761));
#5208 = CARTESIAN_POINT('',(-0.105250737709,0.52584245521));
#5209 = CARTESIAN_POINT('',(-5.203191471925E-02,0.527692297398));
#5210 = CARTESIAN_POINT('',(4.756E-14,0.52878312572));
#5211 = ( GEOMETRIC_REPRESENTATION_CONTEXT(2) 
PARAMETRIC_REPRESENTATION_CONTEXT() REPRESENTATION_CONTEXT('2D SPACE',''
  ) );
#5212 = PCURVE('',#5213,#5250);
#5213 = ( BOUNDED_SURFACE() B_SPLINE_SURFACE(2,11,(
    (#5214,#5215,#5216,#5217,#5218,#5219,#5220,#5221,#5222,#5223,#5224
      ,#5225)
    ,(#5226,#5227,#5228,#5229,#5230,#5231,#5232,#5233,#5234,#5235,#5236
      ,#5237)
    ,(#5238,#5239,#5240,#5241,#5242,#5243,#5244,#5245,#5246,#5247,#5248
,#5249
    )),.UNSPECIFIED.,.F.,.F.,.F.) B_SPLINE_SURFACE_WITH_KNOTS((3,3),(12,
    12),(0.,0.531105652806),(0.,0.531105652806),
.PIECEWISE_BEZIER_KNOTS.) GEOMETRIC_REPRESENTATION_ITEM() 
RATIONAL_B_SPLINE_SURFACE((
    (1.,1.,1.,1.000000000001,0.999999999999,1.000000000002
      ,0.999999999998,1.000000000001,0.999999999999,1.,1.,1.)
    ,(1.,1.,0.986579548942,0.95946209027,0.920164426092,0.870790063072
      ,0.821247312367,0.76619939064,0.741765307582,0.726505837988
      ,0.717148702995,0.710959001189)
    ,(1.,1.,1.,1.000000000001,0.999999999999,1.000000000002
      ,0.999999999998,1.000000000001,0.999999999999,1.,1.,1.
))) REPRESENTATION_ITEM('') SURFACE() );
#5214 = CARTESIAN_POINT('',(-5.45,-23.02012121328,8.129878786711));
#5215 = CARTESIAN_POINT('',(-5.45,-22.97327020445,8.161112792598));
#5216 = CARTESIAN_POINT('',(-5.458044826482,-22.92608844846,
    8.192571330593));
#5217 = CARTESIAN_POINT('',(-5.474359262178,-22.88055393134,
    8.222873502906));
#5218 = CARTESIAN_POINT('',(-5.498267464316,-22.83805599072,
    8.251240549635));
#5219 = CARTESIAN_POINT('',(-5.529688392517,-22.80193994735,
    8.274857328742));
#5220 = CARTESIAN_POINT('',(-5.564202570612,-22.77098500076,
    8.295729447984));
#5221 = CARTESIAN_POINT('',(-5.604550384799,-22.75054893548,
    8.308382740255));
#5222 = CARTESIAN_POINT('',(-5.637794464243,-22.73782656008,
    8.317149771632));
#5223 = CARTESIAN_POINT('',(-5.667158977264,-22.72957152902,
    8.323224274979));
#5224 = CARTESIAN_POINT('',(-5.693238447964,-22.72443460893,
    8.32699813392));
#5225 = CARTESIAN_POINT('',(-5.71864146102,-22.72176464467,8.32878312572
    ));
#5226 = CARTESIAN_POINT('',(-5.45,-23.02012121328,8.129878786711));
#5227 = CARTESIAN_POINT('',(-5.45,-22.98107870593,8.16892129407));
#5228 = CARTESIAN_POINT('',(-5.455449885277,-22.94070754363,
    8.209292456361));
#5229 = CARTESIAN_POINT('',(-5.466818173117,-22.90018189636,
    8.249818103632));
#5230 = CARTESIAN_POINT('',(-5.48491921634,-22.86117343975,
    8.288826560248));
#5231 = CARTESIAN_POINT('',(-5.50705881228,-22.82572935604,
    8.324270643954));
#5232 = CARTESIAN_POINT('',(-5.537049324866,-22.79495531228,
    8.355044687717));
#5233 = CARTESIAN_POINT('',(-5.56345567083,-22.77124888428,8.37875111572
    ));
#5234 = CARTESIAN_POINT('',(-5.597204142806,-22.75168779503,
    8.398312204967));
#5235 = CARTESIAN_POINT('',(-5.63287984825,-22.73741334778,8.41258665222
    ));
#5236 = CARTESIAN_POINT('',(-5.669903009269,-22.72776744646,
    8.422232553533));
#5237 = CARTESIAN_POINT('',(-5.708327695732,-22.72284866509,
    8.427151334908));
#5238 = CARTESIAN_POINT('',(-5.45,-23.02012121328,8.129878786711));
#5239 = CARTESIAN_POINT('',(-5.45,-22.9888872074,8.176729795541));
#5240 = CARTESIAN_POINT('',(-5.458044826482,-22.9574286694,
    8.223911551535));
#5241 = CARTESIAN_POINT('',(-5.474359262178,-22.92712649709,
    8.269446068651));
#5242 = CARTESIAN_POINT('',(-5.498267464317,-22.89875945036,
    8.311944009275));
#5243 = CARTESIAN_POINT('',(-5.529688392516,-22.87514267125,
    8.348060052648));
#5244 = CARTESIAN_POINT('',(-5.564202570613,-22.85427055201,
    8.379014999239));
#5245 = CARTESIAN_POINT('',(-5.604550384798,-22.84161725974,
    8.399451064511));
#5246 = CARTESIAN_POINT('',(-5.637794464244,-22.83285022836,
    8.412173439917));
#5247 = CARTESIAN_POINT('',(-5.667158977264,-22.82677572502,
    8.420428470976));
#5248 = CARTESIAN_POINT('',(-5.693238447964,-22.82300186608,
    8.42556539106));
#5249 = CARTESIAN_POINT('',(-5.71864146102,-22.82121687428,
    8.428235355321));
#5250 = DEFINITIONAL_REPRESENTATION('',(#5251),#5255);
#5251 = LINE('',#5252,#5253);
#5252 = CARTESIAN_POINT('',(0.,0.));
#5253 = VECTOR('',#5254,1.);
#5254 = DIRECTION('',(0.,1.));
#5255 = ( GEOMETRIC_REPRESENTATION_CONTEXT(2) 
PARAMETRIC_REPRESENTATION_CONTEXT() REPRESENTATION_CONTEXT('2D SPACE',''
  ) );
#5256 = ADVANCED_FACE('',(#5257),#3780,.T.);
#5257 = FACE_BOUND('',#5258,.F.);
#5258 = EDGE_LOOP('',(#5259,#5260,#5350,#5351));
#5259 = ORIENTED_EDGE('',*,*,#5096,.T.);
#5260 = ORIENTED_EDGE('',*,*,#5261,.F.);
#5261 = EDGE_CURVE('',#3818,#5097,#5262,.T.);
#5262 = SURFACE_CURVE('',#5263,(#5276,#5306),.PCURVE_S1.);
#5263 = ( BOUNDED_CURVE() B_SPLINE_CURVE(11,(#5264,#5265,#5266,#5267,
    #5268,#5269,#5270,#5271,#5272,#5273,#5274,#5275),.UNSPECIFIED.,.F.,
.F.) B_SPLINE_CURVE_WITH_KNOTS((12,12),(0.,0.531104481487),
.PIECEWISE_BEZIER_KNOTS.) CURVE() GEOMETRIC_REPRESENTATION_ITEM() 
RATIONAL_B_SPLINE_CURVE((1.,1.,1.,1.000000000001,0.999999999999,
    1.000000000001,0.999999999999,1.000000000001,1.,1.,1.,1.)) 
REPRESENTATION_ITEM('') );
#5264 = CARTESIAN_POINT('',(-5.45,-28.87987878671,8.129878786711));
#5265 = CARTESIAN_POINT('',(-5.450000155276,-28.92673069945,
    8.161113395209));
#5266 = CARTESIAN_POINT('',(-5.458045107286,-28.97391233387,
    8.19257185168));
#5267 = CARTESIAN_POINT('',(-5.474359627389,-29.01944670954,
    8.222873929455));
#5268 = CARTESIAN_POINT('',(-5.49826787917,-29.06194449503,8.25124086995
    ));
#5269 = CARTESIAN_POINT('',(-5.529688787256,-29.0980603951,
    8.274857556885));
#5270 = CARTESIAN_POINT('',(-5.564202949296,-29.12901520133,
    8.295729576235));
#5271 = CARTESIAN_POINT('',(-5.604550641665,-29.14945116038,
    8.308382804487));
#5272 = CARTESIAN_POINT('',(-5.637794637291,-29.16217349054,
    8.317149808129));
#5273 = CARTESIAN_POINT('',(-5.667159082201,-29.17042849149,
    8.323224289548));
#5274 = CARTESIAN_POINT('',(-5.693238499479,-29.17556539647,
    8.326998137555));
#5275 = CARTESIAN_POINT('',(-5.71864146102,-29.17823535532,
    8.328783125721));
#5276 = PCURVE('',#3780,#5277);
#5277 = DEFINITIONAL_REPRESENTATION('',(#5278),#5305);
#5278 = B_SPLINE_CURVE_WITH_KNOTS('',9,(#5279,#5280,#5281,#5282,#5283,
    #5284,#5285,#5286,#5287,#5288,#5289,#5290,#5291,#5292,#5293,#5294,
    #5295,#5296,#5297,#5298,#5299,#5300,#5301,#5302,#5303,#5304),
  .UNSPECIFIED.,.F.,.F.,(10,8,8,10),(0.,0.132776120372,0.265552240743,
    0.531104481487),.UNSPECIFIED.);
#5279 = CARTESIAN_POINT('',(-3.31422728991E-06,0.329879449556));
#5280 = CARTESIAN_POINT('',(-4.772285498961E-02,0.339423357709));
#5281 = CARTESIAN_POINT('',(-9.551701392011E-02,0.348983631766));
#5282 = CARTESIAN_POINT('',(-0.143482328706,0.358542938148));
#5283 = CARTESIAN_POINT('',(-0.191286297905,0.368006052301));
#5284 = CARTESIAN_POINT('',(-0.239325806984,0.377419245624));
#5285 = CARTESIAN_POINT('',(-0.287149198788,0.386659568194));
#5286 = CARTESIAN_POINT('',(-0.334995608069,0.39574367037));
#5287 = CARTESIAN_POINT('',(-0.382690511662,0.40460815393));
#5288 = CARTESIAN_POINT('',(-0.477736487333,0.421839979949));
#5289 = CARTESIAN_POINT('',(-0.525081972239,0.43020618647));
#5290 = CARTESIAN_POINT('',(-0.572196455772,0.438287227627));
#5291 = CARTESIAN_POINT('',(-0.619014734973,0.446048691689));
#5292 = CARTESIAN_POINT('',(-0.665459600755,0.453458518486));
#5293 = CARTESIAN_POINT('',(-0.711441536283,0.460488303815));
#5294 = CARTESIAN_POINT('',(-0.756858415348,0.467114603861));
#5295 = CARTESIAN_POINT('',(-0.801595200756,0.473320239602));
#5296 = CARTESIAN_POINT('',(-0.933380526586,0.490646324489));
#5297 = CARTESIAN_POINT('',(-1.018004657162,0.500476500997));
#5298 = CARTESIAN_POINT('',(-1.098427893616,0.508510111343));
#5299 = CARTESIAN_POINT('',(-1.173443022526,0.514805529824));
#5300 = CARTESIAN_POINT('',(-1.242278420151,0.519549269147));
#5301 = CARTESIAN_POINT('',(-1.304058091805,0.523152473226));
#5302 = CARTESIAN_POINT('',(-1.36082604779,0.525842462323));
#5303 = CARTESIAN_POINT('',(-1.414044762472,0.527692299619));
#5304 = CARTESIAN_POINT('',(-1.466076571675,0.528783125721));
#5305 = ( GEOMETRIC_REPRESENTATION_CONTEXT(2) 
PARAMETRIC_REPRESENTATION_CONTEXT() REPRESENTATION_CONTEXT('2D SPACE',''
  ) );
#5306 = PCURVE('',#5307,#5344);
#5307 = ( BOUNDED_SURFACE() B_SPLINE_SURFACE(2,11,(
    (#5308,#5309,#5310,#5311,#5312,#5313,#5314,#5315,#5316,#5317,#5318
      ,#5319)
    ,(#5320,#5321,#5322,#5323,#5324,#5325,#5326,#5327,#5328,#5329,#5330
      ,#5331)
    ,(#5332,#5333,#5334,#5335,#5336,#5337,#5338,#5339,#5340,#5341,#5342
,#5343
    )),.UNSPECIFIED.,.F.,.F.,.F.) B_SPLINE_SURFACE_WITH_KNOTS((3,3),(12,
    12),(0.,0.531104481487),(0.,0.531104481487),
.PIECEWISE_BEZIER_KNOTS.) GEOMETRIC_REPRESENTATION_ITEM() 
RATIONAL_B_SPLINE_SURFACE((
    (1.,1.,1.,1.000000000001,0.999999999999,1.000000000001
      ,0.999999999999,1.000000000001,1.,1.,1.,1.)
    ,(0.999999999997,0.999999741204,0.986579080743,0.959461494298
      ,0.920163767901,0.870789504589,0.821246792908,0.766199196559
      ,0.741765208367,0.726505797202,0.717148690553,0.710959001191)
    ,(1.,1.,1.,1.000000000001,0.999999999999,1.000000000001
,0.999999999999,1.000000000001,1.,1.,1.,1.
))) REPRESENTATION_ITEM('') SURFACE() );
#5308 = CARTESIAN_POINT('',(-5.45,-28.87987878671,8.129878786711));
#5309 = CARTESIAN_POINT('',(-5.450000155276,-28.9111133952,
    8.176730699459));
#5310 = CARTESIAN_POINT('',(-5.458045107287,-28.94257185168,
    8.22391233387));
#5311 = CARTESIAN_POINT('',(-5.474359627389,-28.97287392945,
    8.26944670954));
#5312 = CARTESIAN_POINT('',(-5.49826787917,-29.00124086995,
    8.311944495039));
#5313 = CARTESIAN_POINT('',(-5.529688787256,-29.02485755688,
    8.34806039511));
#5314 = CARTESIAN_POINT('',(-5.564202949297,-29.04572957623,
    8.37901520133));
#5315 = CARTESIAN_POINT('',(-5.604550641665,-29.05838280448,
    8.399451160382));
#5316 = CARTESIAN_POINT('',(-5.637794637291,-29.06714980812,
    8.412173490547));
#5317 = CARTESIAN_POINT('',(-5.667159082201,-29.07322428954,
    8.420428491497));
#5318 = CARTESIAN_POINT('',(-5.693238499479,-29.07699813755,
    8.425565396475));
#5319 = CARTESIAN_POINT('',(-5.71864146102,-29.07878312572,
    8.428235355321));
#5320 = CARTESIAN_POINT('',(-5.450000000001,-28.87987961526,
    8.129879615267));
#5321 = CARTESIAN_POINT('',(-5.450000103517,-28.91892205743,
    8.168922057438));
#5322 = CARTESIAN_POINT('',(-5.455450077065,-28.95929313199,
    8.20929313199));
#5323 = CARTESIAN_POINT('',(-5.466818433715,-28.99981867196,
    8.249818671961));
#5324 = CARTESIAN_POINT('',(-5.484919501632,-29.03882700403,
    8.288827004036));
#5325 = CARTESIAN_POINT('',(-5.507059123749,-29.07427097461,
    8.324270974616));
#5326 = CARTESIAN_POINT('',(-5.537049568711,-29.1050448988,
    8.355044898804));
#5327 = CARTESIAN_POINT('',(-5.563455915264,-29.12875126169,
    8.378751261694));
#5328 = CARTESIAN_POINT('',(-5.597204344839,-29.14831228618,
    8.398312286186));
#5329 = CARTESIAN_POINT('',(-5.632879988811,-29.16258668935,
    8.412586689358));
#5330 = CARTESIAN_POINT('',(-5.669903083005,-29.17223256308,
    8.422232563081));
#5331 = CARTESIAN_POINT('',(-5.70832769606,-29.17715133494,
    8.427151334942));
#5332 = CARTESIAN_POINT('',(-5.45,-28.87987878671,8.129878786711));
#5333 = CARTESIAN_POINT('',(-5.450000155276,-28.92673069945,
    8.161113395209));
#5334 = CARTESIAN_POINT('',(-5.458045107286,-28.97391233387,
    8.19257185168));
#5335 = CARTESIAN_POINT('',(-5.474359627389,-29.01944670954,
    8.222873929455));
#5336 = CARTESIAN_POINT('',(-5.49826787917,-29.06194449503,8.25124086995
    ));
#5337 = CARTESIAN_POINT('',(-5.529688787256,-29.0980603951,
    8.274857556885));
#5338 = CARTESIAN_POINT('',(-5.564202949296,-29.12901520133,
    8.295729576235));
#5339 = CARTESIAN_POINT('',(-5.604550641665,-29.14945116038,
    8.308382804487));
#5340 = CARTESIAN_POINT('',(-5.637794637291,-29.16217349054,
    8.317149808129));
#5341 = CARTESIAN_POINT('',(-5.667159082201,-29.17042849149,
    8.323224289548));
#5342 = CARTESIAN_POINT('',(-5.693238499479,-29.17556539647,
    8.326998137555));
#5343 = CARTESIAN_POINT('',(-5.71864146102,-29.17823535532,
    8.328783125721));
#5344 = DEFINITIONAL_REPRESENTATION('',(#5345),#5349);
#5345 = LINE('',#5346,#5347);
#5346 = CARTESIAN_POINT('',(0.531104481487,0.));
#5347 = VECTOR('',#5348,1.);
#5348 = DIRECTION('',(0.,1.));
#5349 = ( GEOMETRIC_REPRESENTATION_CONTEXT(2) 
PARAMETRIC_REPRESENTATION_CONTEXT() REPRESENTATION_CONTEXT('2D SPACE',''
  ) );
#5350 = ORIENTED_EDGE('',*,*,#3817,.F.);
#5351 = ORIENTED_EDGE('',*,*,#3757,.T.);
#5352 = ADVANCED_FACE('',(#5353),#3856,.T.);
#5353 = FACE_BOUND('',#5354,.F.);
#5354 = EDGE_LOOP('',(#5355,#5385,#5430,#5431));
#5355 = ORIENTED_EDGE('',*,*,#5356,.T.);
#5356 = EDGE_CURVE('',#5357,#5359,#5361,.T.);
#5357 = VERTEX_POINT('',#5358);
#5358 = CARTESIAN_POINT('',(-5.71864146102,-29.07878312572,
    8.428235355321));
#5359 = VERTEX_POINT('',#5360);
#5360 = CARTESIAN_POINT('',(-5.71864146102,-22.82121687428,
    8.428235355321));
#5361 = SURFACE_CURVE('',#5362,(#5366,#5373),.PCURVE_S1.);
#5362 = LINE('',#5363,#5364);
#5363 = CARTESIAN_POINT('',(-5.71864146102,-29.15,8.428235355321));
#5364 = VECTOR('',#5365,1.);
#5365 = DIRECTION('',(1.224646799147E-16,1.,0.));
#5366 = PCURVE('',#3856,#5367);
#5367 = DEFINITIONAL_REPRESENTATION('',(#5368),#5372);
#5368 = LINE('',#5369,#5370);
#5369 = CARTESIAN_POINT('',(-1.466076571675,0.));
#5370 = VECTOR('',#5371,1.);
#5371 = DIRECTION('',(-0.,1.));
#5372 = ( GEOMETRIC_REPRESENTATION_CONTEXT(2) 
PARAMETRIC_REPRESENTATION_CONTEXT() REPRESENTATION_CONTEXT('2D SPACE',''
  ) );
#5373 = PCURVE('',#5374,#5379);
#5374 = PLANE('',#5375);
#5375 = AXIS2_PLACEMENT_3D('',#5376,#5377,#5378);
#5376 = CARTESIAN_POINT('',(-7.828591113556,-29.65,8.65));
#5377 = DIRECTION('',(0.104528463268,-2.280104479605E-17,0.994521895368)
  );
#5378 = DIRECTION('',(1.224704060933E-16,1.,1.005448095001E-17));
#5379 = DEFINITIONAL_REPRESENTATION('',(#5380),#5384);
#5380 = LINE('',#5381,#5382);
#5381 = CARTESIAN_POINT('',(0.5,-2.121571845087));
#5382 = VECTOR('',#5383,1.);
#5383 = DIRECTION('',(1.,-1.045284632677E-18));
#5384 = ( GEOMETRIC_REPRESENTATION_CONTEXT(2) 
PARAMETRIC_REPRESENTATION_CONTEXT() REPRESENTATION_CONTEXT('2D SPACE',''
  ) );
#5385 = ORIENTED_EDGE('',*,*,#5386,.F.);
#5386 = EDGE_CURVE('',#3841,#5359,#5387,.T.);
#5387 = SURFACE_CURVE('',#5388,(#5401,#5423),.PCURVE_S1.);
#5388 = ( BOUNDED_CURVE() B_SPLINE_CURVE(11,(#5389,#5390,#5391,#5392,
    #5393,#5394,#5395,#5396,#5397,#5398,#5399,#5400),.UNSPECIFIED.,.F.,
.F.) B_SPLINE_CURVE_WITH_KNOTS((12,12),(0.,0.531105652806),
.PIECEWISE_BEZIER_KNOTS.) CURVE() GEOMETRIC_REPRESENTATION_ITEM() 
RATIONAL_B_SPLINE_CURVE((1.,1.,1.,1.000000000001,0.999999999999,
    1.000000000002,0.999999999998,1.000000000001,0.999999999999,1.,1.,1.
)) REPRESENTATION_ITEM('') );
#5389 = CARTESIAN_POINT('',(-5.45,-23.02012121328,8.129878786711));
#5390 = CARTESIAN_POINT('',(-5.45,-22.9888872074,8.176729795541));
#5391 = CARTESIAN_POINT('',(-5.458044826482,-22.9574286694,
    8.223911551535));
#5392 = CARTESIAN_POINT('',(-5.474359262178,-22.92712649709,
    8.269446068651));
#5393 = CARTESIAN_POINT('',(-5.498267464317,-22.89875945036,
    8.311944009275));
#5394 = CARTESIAN_POINT('',(-5.529688392516,-22.87514267125,
    8.348060052648));
#5395 = CARTESIAN_POINT('',(-5.564202570613,-22.85427055201,
    8.379014999239));
#5396 = CARTESIAN_POINT('',(-5.604550384798,-22.84161725974,
    8.399451064511));
#5397 = CARTESIAN_POINT('',(-5.637794464244,-22.83285022836,
    8.412173439917));
#5398 = CARTESIAN_POINT('',(-5.667158977264,-22.82677572502,
    8.420428470976));
#5399 = CARTESIAN_POINT('',(-5.693238447964,-22.82300186608,
    8.42556539106));
#5400 = CARTESIAN_POINT('',(-5.71864146102,-22.82121687428,
    8.428235355321));
#5401 = PCURVE('',#3856,#5402);
#5402 = DEFINITIONAL_REPRESENTATION('',(#5403),#5422);
#5403 = B_SPLINE_CURVE_WITH_KNOTS('',9,(#5404,#5405,#5406,#5407,#5408,
    #5409,#5410,#5411,#5412,#5413,#5414,#5415,#5416,#5417,#5418,#5419,
    #5420,#5421),.UNSPECIFIED.,.F.,.F.,(10,8,10),(0.,0.265552826403,
    0.531105652806),.UNSPECIFIED.);
#5404 = CARTESIAN_POINT('',(-1.7E-16,6.129878786711));
#5405 = CARTESIAN_POINT('',(-9.543724021052E-02,6.148966234753));
#5406 = CARTESIAN_POINT('',(-0.191286063545,6.168138879824));
#5407 = CARTESIAN_POINT('',(-0.287246638704,6.187064442863));
#5408 = CARTESIAN_POINT('',(-0.383137011267,6.205469669826));
#5409 = CARTESIAN_POINT('',(-0.478602880471,6.223001105372));
#5410 = CARTESIAN_POINT('',(-0.573256236206,6.239348803785));
#5411 = CARTESIAN_POINT('',(-0.666581473698,6.254275391043));
#5412 = CARTESIAN_POINT('',(-0.757665044142,6.26754463281));
#5413 = CARTESIAN_POINT('',(-0.933379236731,6.290646174733));
#5414 = CARTESIAN_POINT('',(-1.018003577896,6.300476393195));
#5415 = CARTESIAN_POINT('',(-1.098427035549,6.308510039882));
#5416 = CARTESIAN_POINT('',(-1.173442343348,6.314805482521));
#5417 = CARTESIAN_POINT('',(-1.242277942153,6.319549242486));
#5418 = CARTESIAN_POINT('',(-1.304057748027,6.323152456761));
#5419 = CARTESIAN_POINT('',(-1.360825833966,6.32584245521));
#5420 = CARTESIAN_POINT('',(-1.414044656956,6.327692297398));
#5421 = CARTESIAN_POINT('',(-1.466076571675,6.32878312572));
#5422 = ( GEOMETRIC_REPRESENTATION_CONTEXT(2) 
PARAMETRIC_REPRESENTATION_CONTEXT() REPRESENTATION_CONTEXT('2D SPACE',''
  ) );
#5423 = PCURVE('',#5213,#5424);
#5424 = DEFINITIONAL_REPRESENTATION('',(#5425),#5429);
#5425 = LINE('',#5426,#5427);
#5426 = CARTESIAN_POINT('',(0.531105652806,0.));
#5427 = VECTOR('',#5428,1.);
#5428 = DIRECTION('',(0.,1.));
#5429 = ( GEOMETRIC_REPRESENTATION_CONTEXT(2) 
PARAMETRIC_REPRESENTATION_CONTEXT() REPRESENTATION_CONTEXT('2D SPACE',''
  ) );
#5430 = ORIENTED_EDGE('',*,*,#3840,.F.);
#5431 = ORIENTED_EDGE('',*,*,#5432,.T.);
#5432 = EDGE_CURVE('',#3818,#5357,#5433,.T.);
#5433 = SURFACE_CURVE('',#5434,(#5447,#5477),.PCURVE_S1.);
#5434 = ( BOUNDED_CURVE() B_SPLINE_CURVE(11,(#5435,#5436,#5437,#5438,
    #5439,#5440,#5441,#5442,#5443,#5444,#5445,#5446),.UNSPECIFIED.,.F.,
.F.) B_SPLINE_CURVE_WITH_KNOTS((12,12),(0.,0.531104481487),
.PIECEWISE_BEZIER_KNOTS.) CURVE() GEOMETRIC_REPRESENTATION_ITEM() 
RATIONAL_B_SPLINE_CURVE((1.,1.,1.,1.000000000001,0.999999999999,
    1.000000000001,0.999999999999,1.000000000001,1.,1.,1.,1.)) 
REPRESENTATION_ITEM('') );
#5435 = CARTESIAN_POINT('',(-5.45,-28.87987878671,8.129878786711));
#5436 = CARTESIAN_POINT('',(-5.450000155276,-28.9111133952,
    8.176730699459));
#5437 = CARTESIAN_POINT('',(-5.458045107287,-28.94257185168,
    8.22391233387));
#5438 = CARTESIAN_POINT('',(-5.474359627389,-28.97287392945,
    8.26944670954));
#5439 = CARTESIAN_POINT('',(-5.49826787917,-29.00124086995,
    8.311944495039));
#5440 = CARTESIAN_POINT('',(-5.529688787256,-29.02485755688,
    8.34806039511));
#5441 = CARTESIAN_POINT('',(-5.564202949297,-29.04572957623,
    8.37901520133));
#5442 = CARTESIAN_POINT('',(-5.604550641665,-29.05838280448,
    8.399451160382));
#5443 = CARTESIAN_POINT('',(-5.637794637291,-29.06714980812,
    8.412173490547));
#5444 = CARTESIAN_POINT('',(-5.667159082201,-29.07322428954,
    8.420428491497));
#5445 = CARTESIAN_POINT('',(-5.693238499479,-29.07699813755,
    8.425565396475));
#5446 = CARTESIAN_POINT('',(-5.71864146102,-29.07878312572,
    8.428235355321));
#5447 = PCURVE('',#3856,#5448);
#5448 = DEFINITIONAL_REPRESENTATION('',(#5449),#5476);
#5449 = B_SPLINE_CURVE_WITH_KNOTS('',9,(#5450,#5451,#5452,#5453,#5454,
    #5455,#5456,#5457,#5458,#5459,#5460,#5461,#5462,#5463,#5464,#5465,
    #5466,#5467,#5468,#5469,#5470,#5471,#5472,#5473,#5474,#5475),
  .UNSPECIFIED.,.F.,.F.,(10,8,8,10),(0.,0.132776120372,0.265552240743,
    0.531104481487),.UNSPECIFIED.);
#5450 = CARTESIAN_POINT('',(-3.31422728986E-06,0.270120550444));
#5451 = CARTESIAN_POINT('',(-4.772285498962E-02,0.260576642292));
#5452 = CARTESIAN_POINT('',(-9.551701392055E-02,0.251016368234));
#5453 = CARTESIAN_POINT('',(-0.143482328705,0.241457061852));
#5454 = CARTESIAN_POINT('',(-0.191286297907,0.231993947699));
#5455 = CARTESIAN_POINT('',(-0.239325806982,0.222580754377));
#5456 = CARTESIAN_POINT('',(-0.287149198789,0.213340431806));
#5457 = CARTESIAN_POINT('',(-0.334995608068,0.20425632963));
#5458 = CARTESIAN_POINT('',(-0.382690511662,0.19539184607));
#5459 = CARTESIAN_POINT('',(-0.477736487333,0.178160020051));
#5460 = CARTESIAN_POINT('',(-0.52508197224,0.16979381353));
#5461 = CARTESIAN_POINT('',(-0.572196455772,0.161712772374));
#5462 = CARTESIAN_POINT('',(-0.619014734973,0.153951308311));
#5463 = CARTESIAN_POINT('',(-0.665459600755,0.146541481514));
#5464 = CARTESIAN_POINT('',(-0.711441536283,0.139511696185));
#5465 = CARTESIAN_POINT('',(-0.756858415348,0.132885396139));
#5466 = CARTESIAN_POINT('',(-0.801595200756,0.126679760398));
#5467 = CARTESIAN_POINT('',(-0.933380526586,0.109353675511));
#5468 = CARTESIAN_POINT('',(-1.018004657162,9.95234990028E-02));
#5469 = CARTESIAN_POINT('',(-1.098427893616,9.148988865733E-02));
#5470 = CARTESIAN_POINT('',(-1.173443022525,8.519447017623E-02));
#5471 = CARTESIAN_POINT('',(-1.242278420151,8.045073085328E-02));
#5472 = CARTESIAN_POINT('',(-1.304058091805,7.684752677359E-02));
#5473 = CARTESIAN_POINT('',(-1.36082604779,7.415753767708E-02));
#5474 = CARTESIAN_POINT('',(-1.414044762472,7.230770038052E-02));
#5475 = CARTESIAN_POINT('',(-1.466076571675,7.121687427938E-02));
#5476 = ( GEOMETRIC_REPRESENTATION_CONTEXT(2) 
PARAMETRIC_REPRESENTATION_CONTEXT() REPRESENTATION_CONTEXT('2D SPACE',''
  ) );
#5477 = PCURVE('',#5307,#5478);
#5478 = DEFINITIONAL_REPRESENTATION('',(#5479),#5483);
#5479 = LINE('',#5480,#5481);
#5480 = CARTESIAN_POINT('',(0.,0.));
#5481 = VECTOR('',#5482,1.);
#5482 = DIRECTION('',(0.,1.));
#5483 = ( GEOMETRIC_REPRESENTATION_CONTEXT(2) 
PARAMETRIC_REPRESENTATION_CONTEXT() REPRESENTATION_CONTEXT('2D SPACE',''
  ) );
#5484 = ADVANCED_FACE('',(#5485),#4459,.T.);
#5485 = FACE_BOUND('',#5486,.F.);
#5486 = EDGE_LOOP('',(#5487,#5488,#5489,#5513,#5536));
#5487 = ORIENTED_EDGE('',*,*,#4440,.F.);
#5488 = ORIENTED_EDGE('',*,*,#4536,.F.);
#5489 = ORIENTED_EDGE('',*,*,#5490,.T.);
#5490 = EDGE_CURVE('',#4514,#5359,#5491,.T.);
#5491 = SURFACE_CURVE('',#5492,(#5496,#5506),.PCURVE_S1.);
#5492 = ( BOUNDED_CURVE() B_SPLINE_CURVE(2,(#5493,#5494,#5495),
.UNSPECIFIED.,.F.,.F.) B_SPLINE_CURVE_WITH_KNOTS((3,3),(0.,
0.531105652806),.PIECEWISE_BEZIER_KNOTS.) CURVE() 
GEOMETRIC_REPRESENTATION_ITEM() RATIONAL_B_SPLINE_CURVE((1.,
0.710959001189,1.)) REPRESENTATION_ITEM('') );
#5493 = CARTESIAN_POINT('',(-5.71864146102,-22.72176464467,8.32878312572
    ));
#5494 = CARTESIAN_POINT('',(-5.708327695732,-22.72284866509,
    8.427151334908));
#5495 = CARTESIAN_POINT('',(-5.71864146102,-22.82121687428,
    8.428235355321));
#5496 = PCURVE('',#4459,#5497);
#5497 = DEFINITIONAL_REPRESENTATION('',(#5498),#5505);
#5498 = B_SPLINE_CURVE_WITH_KNOTS('',5,(#5499,#5500,#5501,#5502,#5503,
    #5504),.UNSPECIFIED.,.F.,.F.,(6,6),(0.,0.531105652806),
  .PIECEWISE_BEZIER_KNOTS.);
#5499 = CARTESIAN_POINT('',(1.1E-16,-1.033925361902E-02));
#5500 = CARTESIAN_POINT('',(-0.281293383819,-1.033925361902E-02));
#5501 = CARTESIAN_POINT('',(-0.602766520961,-1.033925361902E-02));
#5502 = CARTESIAN_POINT('',(-0.95710338879,-1.033925361903E-02));
#5503 = CARTESIAN_POINT('',(-1.278576525933,-1.033925361903E-02));
#5504 = CARTESIAN_POINT('',(-1.559869909752,-1.033925361903E-02));
#5505 = ( GEOMETRIC_REPRESENTATION_CONTEXT(2) 
PARAMETRIC_REPRESENTATION_CONTEXT() REPRESENTATION_CONTEXT('2D SPACE',''
  ) );
#5506 = PCURVE('',#5213,#5507);
#5507 = DEFINITIONAL_REPRESENTATION('',(#5508),#5512);
#5508 = LINE('',#5509,#5510);
#5509 = CARTESIAN_POINT('',(0.,0.531105652806));
#5510 = VECTOR('',#5511,1.);
#5511 = DIRECTION('',(1.,0.));
#5512 = ( GEOMETRIC_REPRESENTATION_CONTEXT(2) 
PARAMETRIC_REPRESENTATION_CONTEXT() REPRESENTATION_CONTEXT('2D SPACE',''
  ) );
#5513 = ORIENTED_EDGE('',*,*,#5514,.T.);
#5514 = EDGE_CURVE('',#5359,#5515,#5517,.T.);
#5515 = VERTEX_POINT('',#5516);
#5516 = CARTESIAN_POINT('',(-10.20718222711,-22.34945218953,8.9));
#5517 = SURFACE_CURVE('',#5518,(#5522,#5529),.PCURVE_S1.);
#5518 = LINE('',#5519,#5520);
#5519 = CARTESIAN_POINT('',(-5.728868356361,-22.8201419442,
    8.429310245335));
#5520 = VECTOR('',#5521,1.);
#5521 = DIRECTION('',(-0.989132844378,0.103962051184,0.103962051184));
#5522 = PCURVE('',#4459,#5523);
#5523 = DEFINITIONAL_REPRESENTATION('',(#5524),#5528);
#5524 = LINE('',#5525,#5526);
#5525 = CARTESIAN_POINT('',(-1.559869909752,0.));
#5526 = VECTOR('',#5527,1.);
#5527 = DIRECTION('',(-0.,1.));
#5528 = ( GEOMETRIC_REPRESENTATION_CONTEXT(2) 
PARAMETRIC_REPRESENTATION_CONTEXT() REPRESENTATION_CONTEXT('2D SPACE',''
  ) );
#5529 = PCURVE('',#5374,#5530);
#5530 = DEFINITIONAL_REPRESENTATION('',(#5531),#5535);
#5531 = LINE('',#5532,#5533);
#5532 = CARTESIAN_POINT('',(6.829858055798,-2.111288617148));
#5533 = VECTOR('',#5534,1.);
#5534 = DIRECTION('',(0.103962051184,0.99458126461));
#5535 = ( GEOMETRIC_REPRESENTATION_CONTEXT(2) 
PARAMETRIC_REPRESENTATION_CONTEXT() REPRESENTATION_CONTEXT('2D SPACE',''
  ) );
#5536 = ORIENTED_EDGE('',*,*,#5537,.F.);
#5537 = EDGE_CURVE('',#4413,#5515,#5538,.T.);
#5538 = SURFACE_CURVE('',#5539,(#5544,#5555),.PCURVE_S1.);
#5539 = ELLIPSE('',#5540,0.961889447742,0.1);
#5540 = AXIS2_PLACEMENT_3D('',#5541,#5542,#5543);
#5541 = CARTESIAN_POINT('',(-11.16385945046,-22.25,8.9));
#5542 = DIRECTION('',(-0.,0.,-1.));
#5543 = DIRECTION('',(-0.994521895368,0.104528463268,0.));
#5544 = PCURVE('',#4459,#5545);
#5545 = DEFINITIONAL_REPRESENTATION('',(#5546),#5554);
#5546 = B_SPLINE_CURVE_WITH_KNOTS('',6,(#5547,#5548,#5549,#5550,#5551,
    #5552,#5553),.UNSPECIFIED.,.F.,.F.,(7,7),(2.350731281595,
    3.130666236547),.PIECEWISE_BEZIER_KNOTS.);
#5547 = CARTESIAN_POINT('',(-0.7799349548,4.811368036054));
#5548 = CARTESIAN_POINT('',(-0.909924113959,4.722954797876));
#5549 = CARTESIAN_POINT('',(-1.039902675105,4.648182570745));
#5550 = CARTESIAN_POINT('',(-1.169924537419,4.589742489375));
#5551 = CARTESIAN_POINT('',(-1.299878823284,4.549628784667));
#5552 = CARTESIAN_POINT('',(-1.429880750593,4.52887383843));
#5553 = CARTESIAN_POINT('',(-1.559869909752,4.527515081725));
#5554 = ( GEOMETRIC_REPRESENTATION_CONTEXT(2) 
PARAMETRIC_REPRESENTATION_CONTEXT() REPRESENTATION_CONTEXT('2D SPACE',''
  ) );
#5555 = PCURVE('',#4428,#5556);
#5556 = DEFINITIONAL_REPRESENTATION('',(#5557),#5561);
#5557 = ELLIPSE('',#5558,0.961889447742,1.E-01);
#5558 = AXIS2_PLACEMENT_2D('',#5559,#5560);
#5559 = CARTESIAN_POINT('',(7.4,-5.713859450462));
#5560 = DIRECTION('',(0.104528463268,-0.994521895368));
#5561 = ( GEOMETRIC_REPRESENTATION_CONTEXT(2) 
PARAMETRIC_REPRESENTATION_CONTEXT() REPRESENTATION_CONTEXT('2D SPACE',''
  ) );
#5562 = ADVANCED_FACE('',(#5563),#4428,.F.);
#5563 = FACE_BOUND('',#5564,.F.);
#5564 = EDGE_LOOP('',(#5565,#5588,#5614,#5615,#5636,#5637));
#5565 = ORIENTED_EDGE('',*,*,#5566,.F.);
#5566 = EDGE_CURVE('',#5567,#5515,#5569,.T.);
#5567 = VERTEX_POINT('',#5568);
#5568 = CARTESIAN_POINT('',(-10.20718222711,-29.55054781046,8.9));
#5569 = SURFACE_CURVE('',#5570,(#5574,#5581),.PCURVE_S1.);
#5570 = LINE('',#5571,#5572);
#5571 = CARTESIAN_POINT('',(-10.20718222711,-29.65,8.9));
#5572 = VECTOR('',#5573,1.);
#5573 = DIRECTION('',(1.224646799147E-16,1.,0.));
#5574 = PCURVE('',#4428,#5575);
#5575 = DEFINITIONAL_REPRESENTATION('',(#5576),#5580);
#5576 = LINE('',#5577,#5578);
#5577 = CARTESIAN_POINT('',(-5.825867987393E-16,-4.757182227111));
#5578 = VECTOR('',#5579,1.);
#5579 = DIRECTION('',(1.,0.));
#5580 = ( GEOMETRIC_REPRESENTATION_CONTEXT(2) 
PARAMETRIC_REPRESENTATION_CONTEXT() REPRESENTATION_CONTEXT('2D SPACE',''
  ) );
#5581 = PCURVE('',#5374,#5582);
#5582 = DEFINITIONAL_REPRESENTATION('',(#5583),#5587);
#5583 = LINE('',#5584,#5585);
#5584 = CARTESIAN_POINT('',(-2.887933993696E-16,2.391693058376));
#5585 = VECTOR('',#5586,1.);
#5586 = DIRECTION('',(1.,-1.045284632677E-18));
#5587 = ( GEOMETRIC_REPRESENTATION_CONTEXT(2) 
PARAMETRIC_REPRESENTATION_CONTEXT() REPRESENTATION_CONTEXT('2D SPACE',''
  ) );
#5588 = ORIENTED_EDGE('',*,*,#5589,.T.);
#5589 = EDGE_CURVE('',#5567,#4586,#5590,.T.);
#5590 = SURFACE_CURVE('',#5591,(#5596,#5603),.PCURVE_S1.);
#5591 = ELLIPSE('',#5592,0.961889447742,0.1);
#5592 = AXIS2_PLACEMENT_3D('',#5593,#5594,#5595);
#5593 = CARTESIAN_POINT('',(-11.16385945046,-29.65,8.9));
#5594 = DIRECTION('',(-0.,0.,-1.));
#5595 = DIRECTION('',(-0.994521895368,-0.104528463268,0.));
#5596 = PCURVE('',#4428,#5597);
#5597 = DEFINITIONAL_REPRESENTATION('',(#5598),#5602);
#5598 = ELLIPSE('',#5599,0.961889447742,1.E-01);
#5599 = AXIS2_PLACEMENT_2D('',#5600,#5601);
#5600 = CARTESIAN_POINT('',(-4.333231011428E-14,-5.713859450462));
#5601 = DIRECTION('',(-0.104528463268,-0.994521895368));
#5602 = ( GEOMETRIC_REPRESENTATION_CONTEXT(2) 
PARAMETRIC_REPRESENTATION_CONTEXT() REPRESENTATION_CONTEXT('2D SPACE',''
  ) );
#5603 = PCURVE('',#4606,#5604);
#5604 = DEFINITIONAL_REPRESENTATION('',(#5605),#5613);
#5605 = B_SPLINE_CURVE_WITH_KNOTS('',6,(#5606,#5607,#5608,#5609,#5610,
    #5611,#5612),.UNSPECIFIED.,.F.,.F.,(7,7),(3.152519070633,
    3.932454025449),.PIECEWISE_BEZIER_KNOTS.);
#5606 = CARTESIAN_POINT('',(6.E-17,4.527515081725));
#5607 = CARTESIAN_POINT('',(-0.129989159136,4.52887383843));
#5608 = CARTESIAN_POINT('',(-0.259991086422,4.549628784659));
#5609 = CARTESIAN_POINT('',(-0.389945372265,4.589742489354));
#5610 = CARTESIAN_POINT('',(-0.519967234557,4.648182570705));
#5611 = CARTESIAN_POINT('',(-0.64994579568,4.722954797811));
#5612 = CARTESIAN_POINT('',(-0.779934954816,4.811368035962));
#5613 = ( GEOMETRIC_REPRESENTATION_CONTEXT(2) 
PARAMETRIC_REPRESENTATION_CONTEXT() REPRESENTATION_CONTEXT('2D SPACE',''
  ) );
#5614 = ORIENTED_EDGE('',*,*,#4622,.T.);
#5615 = ORIENTED_EDGE('',*,*,#5616,.T.);
#5616 = EDGE_CURVE('',#4623,#4385,#5617,.T.);
#5617 = SURFACE_CURVE('',#5618,(#5622,#5629),.PCURVE_S1.);
#5618 = LINE('',#5619,#5620);
#5619 = CARTESIAN_POINT('',(-11.25,-29.65,8.9));
#5620 = VECTOR('',#5621,1.);
#5621 = DIRECTION('',(1.224646799147E-16,1.,0.));
#5622 = PCURVE('',#4428,#5623);
#5623 = DEFINITIONAL_REPRESENTATION('',(#5624),#5628);
#5624 = LINE('',#5625,#5626);
#5625 = CARTESIAN_POINT('',(-7.102951435055E-16,-5.8));
#5626 = VECTOR('',#5627,1.);
#5627 = DIRECTION('',(1.,0.));
#5628 = ( GEOMETRIC_REPRESENTATION_CONTEXT(2) 
PARAMETRIC_REPRESENTATION_CONTEXT() REPRESENTATION_CONTEXT('2D SPACE',''
  ) );
#5629 = PCURVE('',#4400,#5630);
#5630 = DEFINITIONAL_REPRESENTATION('',(#5631),#5635);
#5631 = LINE('',#5632,#5633);
#5632 = CARTESIAN_POINT('',(8.9,-3.7));
#5633 = VECTOR('',#5634,1.);
#5634 = DIRECTION('',(0.,1.));
#5635 = ( GEOMETRIC_REPRESENTATION_CONTEXT(2) 
PARAMETRIC_REPRESENTATION_CONTEXT() REPRESENTATION_CONTEXT('2D SPACE',''
  ) );
#5636 = ORIENTED_EDGE('',*,*,#4412,.F.);
#5637 = ORIENTED_EDGE('',*,*,#5537,.T.);
#5638 = ADVANCED_FACE('',(#5639),#4400,.F.);
#5639 = FACE_BOUND('',#5640,.T.);
#5640 = EDGE_LOOP('',(#5641,#5642,#5643,#5644));
#5641 = ORIENTED_EDGE('',*,*,#4645,.T.);
#5642 = ORIENTED_EDGE('',*,*,#5616,.T.);
#5643 = ORIENTED_EDGE('',*,*,#4384,.T.);
#5644 = ORIENTED_EDGE('',*,*,#5645,.T.);
#5645 = EDGE_CURVE('',#4357,#4646,#5646,.T.);
#5646 = SURFACE_CURVE('',#5647,(#5651,#5658),.PCURVE_S1.);
#5647 = LINE('',#5648,#5649);
#5648 = CARTESIAN_POINT('',(-11.25,-22.25,10.1));
#5649 = VECTOR('',#5650,1.);
#5650 = DIRECTION('',(-1.224646799147E-16,-1.,0.));
#5651 = PCURVE('',#4400,#5652);
#5652 = DEFINITIONAL_REPRESENTATION('',(#5653),#5657);
#5653 = LINE('',#5654,#5655);
#5654 = CARTESIAN_POINT('',(10.1,3.7));
#5655 = VECTOR('',#5656,1.);
#5656 = DIRECTION('',(0.,-1.));
#5657 = ( GEOMETRIC_REPRESENTATION_CONTEXT(2) 
PARAMETRIC_REPRESENTATION_CONTEXT() REPRESENTATION_CONTEXT('2D SPACE',''
  ) );
#5658 = PCURVE('',#4372,#5659);
#5659 = DEFINITIONAL_REPRESENTATION('',(#5660),#5664);
#5660 = LINE('',#5661,#5662);
#5661 = CARTESIAN_POINT('',(1.15,-3.7));
#5662 = VECTOR('',#5663,1.);
#5663 = DIRECTION('',(0.,1.));
#5664 = ( GEOMETRIC_REPRESENTATION_CONTEXT(2) 
PARAMETRIC_REPRESENTATION_CONTEXT() REPRESENTATION_CONTEXT('2D SPACE',''
  ) );
#5665 = ADVANCED_FACE('',(#5666),#3956,.T.);
#5666 = FACE_BOUND('',#5667,.T.);
#5667 = EDGE_LOOP('',(#5668,#5689,#5690,#5691));
#5668 = ORIENTED_EDGE('',*,*,#5669,.F.);
#5669 = EDGE_CURVE('',#3941,#4999,#5670,.T.);
#5670 = SURFACE_CURVE('',#5671,(#5675,#5682),.PCURVE_S1.);
#5671 = LINE('',#5672,#5673);
#5672 = CARTESIAN_POINT('',(-11.45,-22.25,6.1));
#5673 = VECTOR('',#5674,1.);
#5674 = DIRECTION('',(-1.224646799147E-16,-1.,0.));
#5675 = PCURVE('',#3956,#5676);
#5676 = DEFINITIONAL_REPRESENTATION('',(#5677),#5681);
#5677 = LINE('',#5678,#5679);
#5678 = CARTESIAN_POINT('',(-3.,-3.7));
#5679 = VECTOR('',#5680,1.);
#5680 = DIRECTION('',(0.,1.));
#5681 = ( GEOMETRIC_REPRESENTATION_CONTEXT(2) 
PARAMETRIC_REPRESENTATION_CONTEXT() REPRESENTATION_CONTEXT('2D SPACE',''
  ) );
#5682 = PCURVE('',#3984,#5683);
#5683 = DEFINITIONAL_REPRESENTATION('',(#5684),#5688);
#5684 = LINE('',#5685,#5686);
#5685 = CARTESIAN_POINT('',(12.2,0.));
#5686 = VECTOR('',#5687,1.);
#5687 = DIRECTION('',(0.,-1.));
#5688 = ( GEOMETRIC_REPRESENTATION_CONTEXT(2) 
PARAMETRIC_REPRESENTATION_CONTEXT() REPRESENTATION_CONTEXT('2D SPACE',''
  ) );
#5689 = ORIENTED_EDGE('',*,*,#3940,.T.);
#5690 = ORIENTED_EDGE('',*,*,#5145,.F.);
#5691 = ORIENTED_EDGE('',*,*,#5021,.T.);
#5692 = ADVANCED_FACE('',(#5693),#4372,.T.);
#5693 = FACE_BOUND('',#5694,.T.);
#5694 = EDGE_LOOP('',(#5695,#5696,#5717,#5718));
#5695 = ORIENTED_EDGE('',*,*,#4356,.T.);
#5696 = ORIENTED_EDGE('',*,*,#5697,.T.);
#5697 = EDGE_CURVE('',#4324,#4669,#5698,.T.);
#5698 = SURFACE_CURVE('',#5699,(#5703,#5710),.PCURVE_S1.);
#5699 = LINE('',#5700,#5701);
#5700 = CARTESIAN_POINT('',(-14.75,-22.25,10.1));
#5701 = VECTOR('',#5702,1.);
#5702 = DIRECTION('',(-1.224646799147E-16,-1.,0.));
#5703 = PCURVE('',#4372,#5704);
#5704 = DEFINITIONAL_REPRESENTATION('',(#5705),#5709);
#5705 = LINE('',#5706,#5707);
#5706 = CARTESIAN_POINT('',(4.65,-3.7));
#5707 = VECTOR('',#5708,1.);
#5708 = DIRECTION('',(0.,1.));
#5709 = ( GEOMETRIC_REPRESENTATION_CONTEXT(2) 
PARAMETRIC_REPRESENTATION_CONTEXT() REPRESENTATION_CONTEXT('2D SPACE',''
  ) );
#5710 = PCURVE('',#4344,#5711);
#5711 = DEFINITIONAL_REPRESENTATION('',(#5712),#5716);
#5712 = LINE('',#5713,#5714);
#5713 = CARTESIAN_POINT('',(-3.14159265359,0.));
#5714 = VECTOR('',#5715,1.);
#5715 = DIRECTION('',(-0.,-1.));
#5716 = ( GEOMETRIC_REPRESENTATION_CONTEXT(2) 
PARAMETRIC_REPRESENTATION_CONTEXT() REPRESENTATION_CONTEXT('2D SPACE',''
  ) );
#5717 = ORIENTED_EDGE('',*,*,#4668,.T.);
#5718 = ORIENTED_EDGE('',*,*,#5645,.F.);
#5719 = ADVANCED_FACE('',(#5720),#3984,.F.);
#5720 = FACE_BOUND('',#5721,.F.);
#5721 = EDGE_LOOP('',(#5722,#5743,#5744,#5745));
#5722 = ORIENTED_EDGE('',*,*,#5723,.T.);
#5723 = EDGE_CURVE('',#3969,#4976,#5724,.T.);
#5724 = SURFACE_CURVE('',#5725,(#5729,#5736),.PCURVE_S1.);
#5725 = LINE('',#5726,#5727);
#5726 = CARTESIAN_POINT('',(-11.45,-22.25,-6.1));
#5727 = VECTOR('',#5728,1.);
#5728 = DIRECTION('',(-1.224646799147E-16,-1.,0.));
#5729 = PCURVE('',#3984,#5730);
#5730 = DEFINITIONAL_REPRESENTATION('',(#5731),#5735);
#5731 = LINE('',#5732,#5733);
#5732 = CARTESIAN_POINT('',(0.,0.));
#5733 = VECTOR('',#5734,1.);
#5734 = DIRECTION('',(0.,-1.));
#5735 = ( GEOMETRIC_REPRESENTATION_CONTEXT(2) 
PARAMETRIC_REPRESENTATION_CONTEXT() REPRESENTATION_CONTEXT('2D SPACE',''
  ) );
#5736 = PCURVE('',#4012,#5737);
#5737 = DEFINITIONAL_REPRESENTATION('',(#5738),#5742);
#5738 = LINE('',#5739,#5740);
#5739 = CARTESIAN_POINT('',(3.,-3.7));
#5740 = VECTOR('',#5741,1.);
#5741 = DIRECTION('',(0.,1.));
#5742 = ( GEOMETRIC_REPRESENTATION_CONTEXT(2) 
PARAMETRIC_REPRESENTATION_CONTEXT() REPRESENTATION_CONTEXT('2D SPACE',''
  ) );
#5743 = ORIENTED_EDGE('',*,*,#4998,.T.);
#5744 = ORIENTED_EDGE('',*,*,#5669,.F.);
#5745 = ORIENTED_EDGE('',*,*,#3968,.F.);
#5746 = ADVANCED_FACE('',(#5747),#4344,.T.);
#5747 = FACE_BOUND('',#5748,.F.);
#5748 = EDGE_LOOP('',(#5749,#5750,#5751,#5772));
#5749 = ORIENTED_EDGE('',*,*,#5697,.T.);
#5750 = ORIENTED_EDGE('',*,*,#4691,.T.);
#5751 = ORIENTED_EDGE('',*,*,#5752,.F.);
#5752 = EDGE_CURVE('',#4296,#4692,#5753,.T.);
#5753 = SURFACE_CURVE('',#5754,(#5758,#5765),.PCURVE_S1.);
#5754 = LINE('',#5755,#5756);
#5755 = CARTESIAN_POINT('',(-16.75,-22.25,8.1));
#5756 = VECTOR('',#5757,1.);
#5757 = DIRECTION('',(-1.224646799147E-16,-1.,0.));
#5758 = PCURVE('',#4344,#5759);
#5759 = DEFINITIONAL_REPRESENTATION('',(#5760),#5764);
#5760 = LINE('',#5761,#5762);
#5761 = CARTESIAN_POINT('',(-4.712388980385,0.));
#5762 = VECTOR('',#5763,1.);
#5763 = DIRECTION('',(-0.,-1.));
#5764 = ( GEOMETRIC_REPRESENTATION_CONTEXT(2) 
PARAMETRIC_REPRESENTATION_CONTEXT() REPRESENTATION_CONTEXT('2D SPACE',''
  ) );
#5765 = PCURVE('',#4311,#5766);
#5766 = DEFINITIONAL_REPRESENTATION('',(#5767),#5771);
#5767 = LINE('',#5768,#5769);
#5768 = CARTESIAN_POINT('',(16.2,1.42108547152E-14));
#5769 = VECTOR('',#5770,1.);
#5770 = DIRECTION('',(0.,-1.));
#5771 = ( GEOMETRIC_REPRESENTATION_CONTEXT(2) 
PARAMETRIC_REPRESENTATION_CONTEXT() REPRESENTATION_CONTEXT('2D SPACE',''
  ) );
#5772 = ORIENTED_EDGE('',*,*,#4323,.F.);
#5773 = ADVANCED_FACE('',(#5774),#4012,.T.);
#5774 = FACE_BOUND('',#5775,.T.);
#5775 = EDGE_LOOP('',(#5776,#5777,#5778,#5779));
#5776 = ORIENTED_EDGE('',*,*,#3996,.T.);
#5777 = ORIENTED_EDGE('',*,*,#5723,.T.);
#5778 = ORIENTED_EDGE('',*,*,#4975,.T.);
#5779 = ORIENTED_EDGE('',*,*,#5780,.F.);
#5780 = EDGE_CURVE('',#3997,#4953,#5781,.T.);
#5781 = SURFACE_CURVE('',#5782,(#5786,#5793),.PCURVE_S1.);
#5782 = LINE('',#5783,#5784);
#5783 = CARTESIAN_POINT('',(-11.25,-22.25,-6.1));
#5784 = VECTOR('',#5785,1.);
#5785 = DIRECTION('',(-1.224646799147E-16,-1.,0.));
#5786 = PCURVE('',#4012,#5787);
#5787 = DEFINITIONAL_REPRESENTATION('',(#5788),#5792);
#5788 = LINE('',#5789,#5790);
#5789 = CARTESIAN_POINT('',(2.8,-3.7));
#5790 = VECTOR('',#5791,1.);
#5791 = DIRECTION('',(0.,1.));
#5792 = ( GEOMETRIC_REPRESENTATION_CONTEXT(2) 
PARAMETRIC_REPRESENTATION_CONTEXT() REPRESENTATION_CONTEXT('2D SPACE',''
  ) );
#5793 = PCURVE('',#4040,#5794);
#5794 = DEFINITIONAL_REPRESENTATION('',(#5795),#5799);
#5795 = LINE('',#5796,#5797);
#5796 = CARTESIAN_POINT('',(-6.1,3.7));
#5797 = VECTOR('',#5798,1.);
#5798 = DIRECTION('',(0.,-1.));
#5799 = ( GEOMETRIC_REPRESENTATION_CONTEXT(2) 
PARAMETRIC_REPRESENTATION_CONTEXT() REPRESENTATION_CONTEXT('2D SPACE',''
  ) );
#5800 = ADVANCED_FACE('',(#5801),#4311,.T.);
#5801 = FACE_BOUND('',#5802,.T.);
#5802 = EDGE_LOOP('',(#5803,#5824,#5825,#5826));
#5803 = ORIENTED_EDGE('',*,*,#5804,.T.);
#5804 = EDGE_CURVE('',#4263,#4716,#5805,.T.);
#5805 = SURFACE_CURVE('',#5806,(#5810,#5817),.PCURVE_S1.);
#5806 = LINE('',#5807,#5808);
#5807 = CARTESIAN_POINT('',(-16.75,-22.25,-8.1));
#5808 = VECTOR('',#5809,1.);
#5809 = DIRECTION('',(-1.224646799147E-16,-1.,0.));
#5810 = PCURVE('',#4311,#5811);
#5811 = DEFINITIONAL_REPRESENTATION('',(#5812),#5816);
#5812 = LINE('',#5813,#5814);
#5813 = CARTESIAN_POINT('',(0.,0.));
#5814 = VECTOR('',#5815,1.);
#5815 = DIRECTION('',(0.,-1.));
#5816 = ( GEOMETRIC_REPRESENTATION_CONTEXT(2) 
PARAMETRIC_REPRESENTATION_CONTEXT() REPRESENTATION_CONTEXT('2D SPACE',''
  ) );
#5817 = PCURVE('',#4283,#5818);
#5818 = DEFINITIONAL_REPRESENTATION('',(#5819),#5823);
#5819 = LINE('',#5820,#5821);
#5820 = CARTESIAN_POINT('',(-1.570796326795,0.));
#5821 = VECTOR('',#5822,1.);
#5822 = DIRECTION('',(-0.,-1.));
#5823 = ( GEOMETRIC_REPRESENTATION_CONTEXT(2) 
PARAMETRIC_REPRESENTATION_CONTEXT() REPRESENTATION_CONTEXT('2D SPACE',''
  ) );
#5824 = ORIENTED_EDGE('',*,*,#4715,.T.);
#5825 = ORIENTED_EDGE('',*,*,#5752,.F.);
#5826 = ORIENTED_EDGE('',*,*,#4295,.F.);
#5827 = ADVANCED_FACE('',(#5828),#4040,.F.);
#5828 = FACE_BOUND('',#5829,.T.);
#5829 = EDGE_LOOP('',(#5830,#5831,#5852,#5853));
#5830 = ORIENTED_EDGE('',*,*,#4952,.T.);
#5831 = ORIENTED_EDGE('',*,*,#5832,.T.);
#5832 = EDGE_CURVE('',#4930,#4025,#5833,.T.);
#5833 = SURFACE_CURVE('',#5834,(#5838,#5845),.PCURVE_S1.);
#5834 = LINE('',#5835,#5836);
#5835 = CARTESIAN_POINT('',(-11.25,-29.65,-7.3));
#5836 = VECTOR('',#5837,1.);
#5837 = DIRECTION('',(1.224646799147E-16,1.,0.));
#5838 = PCURVE('',#4040,#5839);
#5839 = DEFINITIONAL_REPRESENTATION('',(#5840),#5844);
#5840 = LINE('',#5841,#5842);
#5841 = CARTESIAN_POINT('',(-7.3,-3.7));
#5842 = VECTOR('',#5843,1.);
#5843 = DIRECTION('',(0.,1.));
#5844 = ( GEOMETRIC_REPRESENTATION_CONTEXT(2) 
PARAMETRIC_REPRESENTATION_CONTEXT() REPRESENTATION_CONTEXT('2D SPACE',''
  ) );
#5845 = PCURVE('',#4068,#5846);
#5846 = DEFINITIONAL_REPRESENTATION('',(#5847),#5851);
#5847 = LINE('',#5848,#5849);
#5848 = CARTESIAN_POINT('',(-7.102951435055E-16,-5.8));
#5849 = VECTOR('',#5850,1.);
#5850 = DIRECTION('',(1.,0.));
#5851 = ( GEOMETRIC_REPRESENTATION_CONTEXT(2) 
PARAMETRIC_REPRESENTATION_CONTEXT() REPRESENTATION_CONTEXT('2D SPACE',''
  ) );
#5852 = ORIENTED_EDGE('',*,*,#4024,.T.);
#5853 = ORIENTED_EDGE('',*,*,#5780,.T.);
#5854 = ADVANCED_FACE('',(#5855),#4283,.T.);
#5855 = FACE_BOUND('',#5856,.F.);
#5856 = EDGE_LOOP('',(#5857,#5858,#5859,#5880));
#5857 = ORIENTED_EDGE('',*,*,#5804,.T.);
#5858 = ORIENTED_EDGE('',*,*,#4738,.T.);
#5859 = ORIENTED_EDGE('',*,*,#5860,.F.);
#5860 = EDGE_CURVE('',#4235,#4739,#5861,.T.);
#5861 = SURFACE_CURVE('',#5862,(#5866,#5873),.PCURVE_S1.);
#5862 = LINE('',#5863,#5864);
#5863 = CARTESIAN_POINT('',(-14.75,-22.25,-10.1));
#5864 = VECTOR('',#5865,1.);
#5865 = DIRECTION('',(-1.224646799147E-16,-1.,0.));
#5866 = PCURVE('',#4283,#5867);
#5867 = DEFINITIONAL_REPRESENTATION('',(#5868),#5872);
#5868 = LINE('',#5869,#5870);
#5869 = CARTESIAN_POINT('',(-3.14159265359,0.));
#5870 = VECTOR('',#5871,1.);
#5871 = DIRECTION('',(-0.,-1.));
#5872 = ( GEOMETRIC_REPRESENTATION_CONTEXT(2) 
PARAMETRIC_REPRESENTATION_CONTEXT() REPRESENTATION_CONTEXT('2D SPACE',''
  ) );
#5873 = PCURVE('',#4250,#5874);
#5874 = DEFINITIONAL_REPRESENTATION('',(#5875),#5879);
#5875 = LINE('',#5876,#5877);
#5876 = CARTESIAN_POINT('',(-4.65,-3.7));
#5877 = VECTOR('',#5878,1.);
#5878 = DIRECTION('',(0.,1.));
#5879 = ( GEOMETRIC_REPRESENTATION_CONTEXT(2) 
PARAMETRIC_REPRESENTATION_CONTEXT() REPRESENTATION_CONTEXT('2D SPACE',''
  ) );
#5880 = ORIENTED_EDGE('',*,*,#4262,.F.);
#5881 = ADVANCED_FACE('',(#5882),#4068,.F.);
#5882 = FACE_BOUND('',#5883,.F.);
#5883 = EDGE_LOOP('',(#5884,#5914,#5940,#5941,#5942,#5943));
#5884 = ORIENTED_EDGE('',*,*,#5885,.F.);
#5885 = EDGE_CURVE('',#5886,#5888,#5890,.T.);
#5886 = VERTEX_POINT('',#5887);
#5887 = CARTESIAN_POINT('',(-10.20718222711,-29.55054781046,-7.3));
#5888 = VERTEX_POINT('',#5889);
#5889 = CARTESIAN_POINT('',(-10.20718222711,-22.34945218953,-7.3));
#5890 = SURFACE_CURVE('',#5891,(#5895,#5902),.PCURVE_S1.);
#5891 = LINE('',#5892,#5893);
#5892 = CARTESIAN_POINT('',(-10.20718222711,-29.65,-7.3));
#5893 = VECTOR('',#5894,1.);
#5894 = DIRECTION('',(1.224646799147E-16,1.,0.));
#5895 = PCURVE('',#4068,#5896);
#5896 = DEFINITIONAL_REPRESENTATION('',(#5897),#5901);
#5897 = LINE('',#5898,#5899);
#5898 = CARTESIAN_POINT('',(-5.825867987393E-16,-4.757182227111));
#5899 = VECTOR('',#5900,1.);
#5900 = DIRECTION('',(1.,0.));
#5901 = ( GEOMETRIC_REPRESENTATION_CONTEXT(2) 
PARAMETRIC_REPRESENTATION_CONTEXT() REPRESENTATION_CONTEXT('2D SPACE',''
  ) );
#5902 = PCURVE('',#5903,#5908);
#5903 = PLANE('',#5904);
#5904 = AXIS2_PLACEMENT_3D('',#5905,#5906,#5907);
#5905 = CARTESIAN_POINT('',(-7.828591113556,-29.65,-7.55));
#5906 = DIRECTION('',(0.104528463268,-2.280104479605E-17,0.994521895368)
  );
#5907 = DIRECTION('',(1.224704060933E-16,1.,1.005448095001E-17));
#5908 = DEFINITIONAL_REPRESENTATION('',(#5909),#5913);
#5909 = LINE('',#5910,#5911);
#5910 = CARTESIAN_POINT('',(-2.887933993696E-16,2.391693058376));
#5911 = VECTOR('',#5912,1.);
#5912 = DIRECTION('',(1.,-1.045284632677E-18));
#5913 = ( GEOMETRIC_REPRESENTATION_CONTEXT(2) 
PARAMETRIC_REPRESENTATION_CONTEXT() REPRESENTATION_CONTEXT('2D SPACE',''
  ) );
#5914 = ORIENTED_EDGE('',*,*,#5915,.T.);
#5915 = EDGE_CURVE('',#5886,#4893,#5916,.T.);
#5916 = SURFACE_CURVE('',#5917,(#5922,#5929),.PCURVE_S1.);
#5917 = ELLIPSE('',#5918,0.961889447742,0.1);
#5918 = AXIS2_PLACEMENT_3D('',#5919,#5920,#5921);
#5919 = CARTESIAN_POINT('',(-11.16385945046,-29.65,-7.3));
#5920 = DIRECTION('',(-0.,0.,-1.));
#5921 = DIRECTION('',(-0.994521895368,-0.104528463268,0.));
#5922 = PCURVE('',#4068,#5923);
#5923 = DEFINITIONAL_REPRESENTATION('',(#5924),#5928);
#5924 = ELLIPSE('',#5925,0.961889447742,1.E-01);
#5925 = AXIS2_PLACEMENT_2D('',#5926,#5927);
#5926 = CARTESIAN_POINT('',(-4.333231011428E-14,-5.713859450462));
#5927 = DIRECTION('',(-0.104528463268,-0.994521895368));
#5928 = ( GEOMETRIC_REPRESENTATION_CONTEXT(2) 
PARAMETRIC_REPRESENTATION_CONTEXT() REPRESENTATION_CONTEXT('2D SPACE',''
  ) );
#5929 = PCURVE('',#4913,#5930);
#5930 = DEFINITIONAL_REPRESENTATION('',(#5931),#5939);
#5931 = B_SPLINE_CURVE_WITH_KNOTS('',6,(#5932,#5933,#5934,#5935,#5936,
    #5937,#5938),.UNSPECIFIED.,.F.,.F.,(7,7),(3.152519070633,
    3.932454025539),.PIECEWISE_BEZIER_KNOTS.);
#5932 = CARTESIAN_POINT('',(-1.4211E-13,4.527515081725));
#5933 = CARTESIAN_POINT('',(-0.129989159151,4.52887383843));
#5934 = CARTESIAN_POINT('',(-0.259991086452,4.549628784664));
#5935 = CARTESIAN_POINT('',(-0.389945372311,4.589742489368));
#5936 = CARTESIAN_POINT('',(-0.519967234617,4.648182570732));
#5937 = CARTESIAN_POINT('',(-0.649945795755,4.722954797854));
#5938 = CARTESIAN_POINT('',(-0.779934954906,4.811368036023));
#5939 = ( GEOMETRIC_REPRESENTATION_CONTEXT(2) 
PARAMETRIC_REPRESENTATION_CONTEXT() REPRESENTATION_CONTEXT('2D SPACE',''
  ) );
#5940 = ORIENTED_EDGE('',*,*,#4929,.T.);
#5941 = ORIENTED_EDGE('',*,*,#5832,.T.);
#5942 = ORIENTED_EDGE('',*,*,#4052,.F.);
#5943 = ORIENTED_EDGE('',*,*,#5944,.T.);
#5944 = EDGE_CURVE('',#4053,#5888,#5945,.T.);
#5945 = SURFACE_CURVE('',#5946,(#5951,#5958),.PCURVE_S1.);
#5946 = ELLIPSE('',#5947,0.961889447742,0.1);
#5947 = AXIS2_PLACEMENT_3D('',#5948,#5949,#5950);
#5948 = CARTESIAN_POINT('',(-11.16385945046,-22.25,-7.3));
#5949 = DIRECTION('',(-0.,0.,-1.));
#5950 = DIRECTION('',(-0.994521895368,0.104528463268,0.));
#5951 = PCURVE('',#4068,#5952);
#5952 = DEFINITIONAL_REPRESENTATION('',(#5953),#5957);
#5953 = ELLIPSE('',#5954,0.961889447742,1.E-01);
#5954 = AXIS2_PLACEMENT_2D('',#5955,#5956);
#5955 = CARTESIAN_POINT('',(7.4,-5.713859450462));
#5956 = DIRECTION('',(0.104528463268,-0.994521895368));
#5957 = ( GEOMETRIC_REPRESENTATION_CONTEXT(2) 
PARAMETRIC_REPRESENTATION_CONTEXT() REPRESENTATION_CONTEXT('2D SPACE',''
  ) );
#5958 = PCURVE('',#4101,#5959);
#5959 = DEFINITIONAL_REPRESENTATION('',(#5960),#5968);
#5960 = B_SPLINE_CURVE_WITH_KNOTS('',6,(#5961,#5962,#5963,#5964,#5965,
    #5966,#5967),.UNSPECIFIED.,.F.,.F.,(7,7),(2.350731281685,
    3.130666236547),.PIECEWISE_BEZIER_KNOTS.);
#5961 = CARTESIAN_POINT('',(-0.77993495489,4.811368035993));
#5962 = CARTESIAN_POINT('',(-0.909924114034,4.722954797833));
#5963 = CARTESIAN_POINT('',(-1.039902675165,4.648182570719));
#5964 = CARTESIAN_POINT('',(-1.169924537464,4.589742489361));
#5965 = CARTESIAN_POINT('',(-1.299878823314,4.549628784662));
#5966 = CARTESIAN_POINT('',(-1.429880750608,4.52887383843));
#5967 = CARTESIAN_POINT('',(-1.559869909752,4.527515081725));
#5968 = ( GEOMETRIC_REPRESENTATION_CONTEXT(2) 
PARAMETRIC_REPRESENTATION_CONTEXT() REPRESENTATION_CONTEXT('2D SPACE',''
  ) );
#5969 = ADVANCED_FACE('',(#5970),#4250,.T.);
#5970 = FACE_BOUND('',#5971,.T.);
#5971 = EDGE_LOOP('',(#5972,#5973,#5974,#5995));
#5972 = ORIENTED_EDGE('',*,*,#5860,.F.);
#5973 = ORIENTED_EDGE('',*,*,#4234,.F.);
#5974 = ORIENTED_EDGE('',*,*,#5975,.F.);
#5975 = EDGE_CURVE('',#4763,#4207,#5976,.T.);
#5976 = SURFACE_CURVE('',#5977,(#5981,#5988),.PCURVE_S1.);
#5977 = LINE('',#5978,#5979);
#5978 = CARTESIAN_POINT('',(-11.25,-29.65,-10.1));
#5979 = VECTOR('',#5980,1.);
#5980 = DIRECTION('',(1.224646799147E-16,1.,0.));
#5981 = PCURVE('',#4250,#5982);
#5982 = DEFINITIONAL_REPRESENTATION('',(#5983),#5987);
#5983 = LINE('',#5984,#5985);
#5984 = CARTESIAN_POINT('',(-1.15,3.7));
#5985 = VECTOR('',#5986,1.);
#5986 = DIRECTION('',(0.,-1.));
#5987 = ( GEOMETRIC_REPRESENTATION_CONTEXT(2) 
PARAMETRIC_REPRESENTATION_CONTEXT() REPRESENTATION_CONTEXT('2D SPACE',''
  ) );
#5988 = PCURVE('',#4222,#5989);
#5989 = DEFINITIONAL_REPRESENTATION('',(#5990),#5994);
#5990 = LINE('',#5991,#5992);
#5991 = CARTESIAN_POINT('',(-10.1,-3.7));
#5992 = VECTOR('',#5993,1.);
#5993 = DIRECTION('',(0.,1.));
#5994 = ( GEOMETRIC_REPRESENTATION_CONTEXT(2) 
PARAMETRIC_REPRESENTATION_CONTEXT() REPRESENTATION_CONTEXT('2D SPACE',''
  ) );
#5995 = ORIENTED_EDGE('',*,*,#4762,.F.);
#5996 = ADVANCED_FACE('',(#5997),#4101,.T.);
#5997 = FACE_BOUND('',#5998,.F.);
#5998 = EDGE_LOOP('',(#5999,#6000,#6023,#6086,#6107));
#5999 = ORIENTED_EDGE('',*,*,#4080,.F.);
#6000 = ORIENTED_EDGE('',*,*,#6001,.F.);
#6001 = EDGE_CURVE('',#6002,#4081,#6004,.T.);
#6002 = VERTEX_POINT('',#6003);
#6003 = CARTESIAN_POINT('',(-5.71864146102,-22.72176464467,
    -7.87121687428));
#6004 = SURFACE_CURVE('',#6005,(#6009,#6016),.PCURVE_S1.);
#6005 = LINE('',#6006,#6007);
#6006 = CARTESIAN_POINT('',(-5.728868356361,-22.72068975466,
    -7.870141944202));
#6007 = VECTOR('',#6008,1.);
#6008 = DIRECTION('',(-0.989132844378,0.103962051184,0.103962051184));
#6009 = PCURVE('',#4101,#6010);
#6010 = DEFINITIONAL_REPRESENTATION('',(#6011),#6015);
#6011 = LINE('',#6012,#6013);
#6012 = CARTESIAN_POINT('',(-0.,0.));
#6013 = VECTOR('',#6014,1.);
#6014 = DIRECTION('',(-0.,1.));
#6015 = ( GEOMETRIC_REPRESENTATION_CONTEXT(2) 
PARAMETRIC_REPRESENTATION_CONTEXT() REPRESENTATION_CONTEXT('2D SPACE',''
  ) );
#6016 = PCURVE('',#4133,#6017);
#6017 = DEFINITIONAL_REPRESENTATION('',(#6018),#6022);
#6018 = LINE('',#6019,#6020);
#6019 = CARTESIAN_POINT('',(0.529858055798,-2.111288617148));
#6020 = VECTOR('',#6021,1.);
#6021 = DIRECTION('',(0.103962051184,0.99458126461));
#6022 = ( GEOMETRIC_REPRESENTATION_CONTEXT(2) 
PARAMETRIC_REPRESENTATION_CONTEXT() REPRESENTATION_CONTEXT('2D SPACE',''
  ) );
#6023 = ORIENTED_EDGE('',*,*,#6024,.T.);
#6024 = EDGE_CURVE('',#6002,#6025,#6027,.T.);
#6025 = VERTEX_POINT('',#6026);
#6026 = CARTESIAN_POINT('',(-5.71864146102,-22.82121687428,
    -7.771764644679));
#6027 = SURFACE_CURVE('',#6028,(#6032,#6042),.PCURVE_S1.);
#6028 = ( BOUNDED_CURVE() B_SPLINE_CURVE(2,(#6029,#6030,#6031),
.UNSPECIFIED.,.F.,.F.) B_SPLINE_CURVE_WITH_KNOTS((3,3),(0.,
0.531105652806),.PIECEWISE_BEZIER_KNOTS.) CURVE() 
GEOMETRIC_REPRESENTATION_ITEM() RATIONAL_B_SPLINE_CURVE((1.,
0.710959001189,1.)) REPRESENTATION_ITEM('') );
#6029 = CARTESIAN_POINT('',(-5.71864146102,-22.72176464467,
    -7.87121687428));
#6030 = CARTESIAN_POINT('',(-5.708327695732,-22.72284866509,
    -7.772848665092));
#6031 = CARTESIAN_POINT('',(-5.71864146102,-22.82121687428,
    -7.771764644679));
#6032 = PCURVE('',#4101,#6033);
#6033 = DEFINITIONAL_REPRESENTATION('',(#6034),#6041);
#6034 = B_SPLINE_CURVE_WITH_KNOTS('',5,(#6035,#6036,#6037,#6038,#6039,
    #6040),.UNSPECIFIED.,.F.,.F.,(6,6),(0.,0.531105652806),
  .PIECEWISE_BEZIER_KNOTS.);
#6035 = CARTESIAN_POINT('',(0.,-1.033925361902E-02));
#6036 = CARTESIAN_POINT('',(-0.281293383819,-1.033925361902E-02));
#6037 = CARTESIAN_POINT('',(-0.602766520961,-1.033925361902E-02));
#6038 = CARTESIAN_POINT('',(-0.95710338879,-1.033925361903E-02));
#6039 = CARTESIAN_POINT('',(-1.278576525933,-1.033925361903E-02));
#6040 = CARTESIAN_POINT('',(-1.559869909752,-1.033925361903E-02));
#6041 = ( GEOMETRIC_REPRESENTATION_CONTEXT(2) 
PARAMETRIC_REPRESENTATION_CONTEXT() REPRESENTATION_CONTEXT('2D SPACE',''
  ) );
#6042 = PCURVE('',#6043,#6080);
#6043 = ( BOUNDED_SURFACE() B_SPLINE_SURFACE(2,11,(
    (#6044,#6045,#6046,#6047,#6048,#6049,#6050,#6051,#6052,#6053,#6054
      ,#6055)
    ,(#6056,#6057,#6058,#6059,#6060,#6061,#6062,#6063,#6064,#6065,#6066
      ,#6067)
    ,(#6068,#6069,#6070,#6071,#6072,#6073,#6074,#6075,#6076,#6077,#6078
,#6079
    )),.UNSPECIFIED.,.F.,.F.,.F.) B_SPLINE_SURFACE_WITH_KNOTS((3,3),(12,
    12),(0.,0.531105652806),(0.,0.531105652806),
.PIECEWISE_BEZIER_KNOTS.) GEOMETRIC_REPRESENTATION_ITEM() 
RATIONAL_B_SPLINE_SURFACE((
    (1.,1.,1.,0.999999999999,1.000000000001,0.999999999999
      ,1.000000000001,0.999999999999,1.,1.,1.,1.)
    ,(1.,1.,0.986579548942,0.959462090268,0.920164426095,0.870790063068
      ,0.82124731237,0.766199390638,0.741765307583,0.726505837987
      ,0.717148702995,0.710959001189)
    ,(1.,1.,1.,0.999999999999,1.000000000001,0.999999999999
,1.000000000001,0.999999999999,1.,1.,1.,1.
))) REPRESENTATION_ITEM('') SURFACE() );
#6044 = CARTESIAN_POINT('',(-5.45,-23.02012121328,-8.070121213289));
#6045 = CARTESIAN_POINT('',(-5.45,-22.97327020445,-8.038887207402));
#6046 = CARTESIAN_POINT('',(-5.458044826482,-22.92608844846,
    -8.007428669408));
#6047 = CARTESIAN_POINT('',(-5.474359262178,-22.88055393134,
    -7.977126497094));
#6048 = CARTESIAN_POINT('',(-5.498267464316,-22.83805599072,
    -7.948759450366));
#6049 = CARTESIAN_POINT('',(-5.529688392517,-22.80193994735,
    -7.925142671257));
#6050 = CARTESIAN_POINT('',(-5.564202570611,-22.77098500076,
    -7.904270552017));
#6051 = CARTESIAN_POINT('',(-5.604550384799,-22.75054893549,
    -7.891617259745));
#6052 = CARTESIAN_POINT('',(-5.637794464243,-22.73782656008,
    -7.882850228368));
#6053 = CARTESIAN_POINT('',(-5.667158977264,-22.72957152902,
    -7.876775725021));
#6054 = CARTESIAN_POINT('',(-5.693238447964,-22.72443460894,
    -7.87300186608));
#6055 = CARTESIAN_POINT('',(-5.71864146102,-22.72176464467,
    -7.87121687428));
#6056 = CARTESIAN_POINT('',(-5.45,-23.02012121328,-8.070121213289));
#6057 = CARTESIAN_POINT('',(-5.45,-22.98107870593,-8.03107870593));
#6058 = CARTESIAN_POINT('',(-5.455449885277,-22.94070754363,
    -7.990707543639));
#6059 = CARTESIAN_POINT('',(-5.466818173117,-22.90018189636,
    -7.950181896368));
#6060 = CARTESIAN_POINT('',(-5.484919216339,-22.86117343975,
    -7.911173439752));
#6061 = CARTESIAN_POINT('',(-5.507058812281,-22.82572935604,
    -7.875729356046));
#6062 = CARTESIAN_POINT('',(-5.537049324866,-22.79495531228,
    -7.844955312284));
#6063 = CARTESIAN_POINT('',(-5.56345567083,-22.77124888428,
    -7.82124888428));
#6064 = CARTESIAN_POINT('',(-5.597204142806,-22.75168779503,
    -7.801687795033));
#6065 = CARTESIAN_POINT('',(-5.63287984825,-22.73741334778,
    -7.78741334778));
#6066 = CARTESIAN_POINT('',(-5.669903009269,-22.72776744646,
    -7.777767446467));
#6067 = CARTESIAN_POINT('',(-5.708327695732,-22.72284866509,
    -7.772848665092));
#6068 = CARTESIAN_POINT('',(-5.45,-23.02012121328,-8.070121213289));
#6069 = CARTESIAN_POINT('',(-5.45,-22.9888872074,-8.023270204459));
#6070 = CARTESIAN_POINT('',(-5.458044826482,-22.9574286694,
    -7.976088448465));
#6071 = CARTESIAN_POINT('',(-5.474359262179,-22.92712649709,
    -7.930553931348));
#6072 = CARTESIAN_POINT('',(-5.498267464315,-22.89875945036,
    -7.888055990725));
#6073 = CARTESIAN_POINT('',(-5.529688392519,-22.87514267125,
    -7.851939947351));
#6074 = CARTESIAN_POINT('',(-5.564202570609,-22.85427055201,
    -7.820985000762));
#6075 = CARTESIAN_POINT('',(-5.604550384801,-22.84161725974,
    -7.800548935489));
#6076 = CARTESIAN_POINT('',(-5.637794464243,-22.83285022836,
    -7.787826560083));
#6077 = CARTESIAN_POINT('',(-5.667158977264,-22.82677572502,
    -7.779571529024));
#6078 = CARTESIAN_POINT('',(-5.693238447964,-22.82300186608,
    -7.77443460894));
#6079 = CARTESIAN_POINT('',(-5.71864146102,-22.82121687428,
    -7.771764644679));
#6080 = DEFINITIONAL_REPRESENTATION('',(#6081),#6085);
#6081 = LINE('',#6082,#6083);
#6082 = CARTESIAN_POINT('',(0.,0.531105652806));
#6083 = VECTOR('',#6084,1.);
#6084 = DIRECTION('',(1.,0.));
#6085 = ( GEOMETRIC_REPRESENTATION_CONTEXT(2) 
PARAMETRIC_REPRESENTATION_CONTEXT() REPRESENTATION_CONTEXT('2D SPACE',''
  ) );
#6086 = ORIENTED_EDGE('',*,*,#6087,.T.);
#6087 = EDGE_CURVE('',#6025,#5888,#6088,.T.);
#6088 = SURFACE_CURVE('',#6089,(#6093,#6100),.PCURVE_S1.);
#6089 = LINE('',#6090,#6091);
#6090 = CARTESIAN_POINT('',(-5.728868356361,-22.8201419442,
    -7.770689754665));
#6091 = VECTOR('',#6092,1.);
#6092 = DIRECTION('',(-0.989132844378,0.103962051184,0.103962051184));
#6093 = PCURVE('',#4101,#6094);
#6094 = DEFINITIONAL_REPRESENTATION('',(#6095),#6099);
#6095 = LINE('',#6096,#6097);
#6096 = CARTESIAN_POINT('',(-1.559869909752,0.));
#6097 = VECTOR('',#6098,1.);
#6098 = DIRECTION('',(-0.,1.));
#6099 = ( GEOMETRIC_REPRESENTATION_CONTEXT(2) 
PARAMETRIC_REPRESENTATION_CONTEXT() REPRESENTATION_CONTEXT('2D SPACE',''
  ) );
#6100 = PCURVE('',#5903,#6101);
#6101 = DEFINITIONAL_REPRESENTATION('',(#6102),#6106);
#6102 = LINE('',#6103,#6104);
#6103 = CARTESIAN_POINT('',(6.829858055798,-2.111288617148));
#6104 = VECTOR('',#6105,1.);
#6105 = DIRECTION('',(0.103962051184,0.99458126461));
#6106 = ( GEOMETRIC_REPRESENTATION_CONTEXT(2) 
PARAMETRIC_REPRESENTATION_CONTEXT() REPRESENTATION_CONTEXT('2D SPACE',''
  ) );
#6107 = ORIENTED_EDGE('',*,*,#5944,.F.);
#6108 = ADVANCED_FACE('',(#6109),#4222,.F.);
#6109 = FACE_BOUND('',#6110,.T.);
#6110 = EDGE_LOOP('',(#6111,#6112,#6113,#6134));
#6111 = ORIENTED_EDGE('',*,*,#5975,.T.);
#6112 = ORIENTED_EDGE('',*,*,#4206,.T.);
#6113 = ORIENTED_EDGE('',*,*,#6114,.T.);
#6114 = EDGE_CURVE('',#4179,#4786,#6115,.T.);
#6115 = SURFACE_CURVE('',#6116,(#6120,#6127),.PCURVE_S1.);
#6116 = LINE('',#6117,#6118);
#6117 = CARTESIAN_POINT('',(-11.25,-22.25,-8.9));
#6118 = VECTOR('',#6119,1.);
#6119 = DIRECTION('',(-1.224646799147E-16,-1.,0.));
#6120 = PCURVE('',#4222,#6121);
#6121 = DEFINITIONAL_REPRESENTATION('',(#6122),#6126);
#6122 = LINE('',#6123,#6124);
#6123 = CARTESIAN_POINT('',(-8.9,3.7));
#6124 = VECTOR('',#6125,1.);
#6125 = DIRECTION('',(0.,-1.));
#6126 = ( GEOMETRIC_REPRESENTATION_CONTEXT(2) 
PARAMETRIC_REPRESENTATION_CONTEXT() REPRESENTATION_CONTEXT('2D SPACE',''
  ) );
#6127 = PCURVE('',#4194,#6128);
#6128 = DEFINITIONAL_REPRESENTATION('',(#6129),#6133);
#6129 = LINE('',#6130,#6131);
#6130 = CARTESIAN_POINT('',(7.102951435055E-16,-5.8));
#6131 = VECTOR('',#6132,1.);
#6132 = DIRECTION('',(1.,0.));
#6133 = ( GEOMETRIC_REPRESENTATION_CONTEXT(2) 
PARAMETRIC_REPRESENTATION_CONTEXT() REPRESENTATION_CONTEXT('2D SPACE',''
  ) );
#6134 = ORIENTED_EDGE('',*,*,#4785,.T.);
#6135 = ADVANCED_FACE('',(#6136),#4133,.F.);
#6136 = FACE_BOUND('',#6137,.F.);
#6137 = EDGE_LOOP('',(#6138,#6166,#6167,#6168));
#6138 = ORIENTED_EDGE('',*,*,#6139,.T.);
#6139 = EDGE_CURVE('',#6140,#6002,#6142,.T.);
#6140 = VERTEX_POINT('',#6141);
#6141 = CARTESIAN_POINT('',(-5.71864146102,-22.72176464467,
    -8.328783125721));
#6142 = SURFACE_CURVE('',#6143,(#6147,#6154),.PCURVE_S1.);
#6143 = LINE('',#6144,#6145);
#6144 = CARTESIAN_POINT('',(-5.71864146102,-22.72176464467,-8.4));
#6145 = VECTOR('',#6146,1.);
#6146 = DIRECTION('',(0.,0.,1.));
#6147 = PCURVE('',#4133,#6148);
#6148 = DEFINITIONAL_REPRESENTATION('',(#6149),#6153);
#6149 = LINE('',#6150,#6151);
#6150 = CARTESIAN_POINT('',(-2.217646446789E-18,-2.121571845087));
#6151 = VECTOR('',#6152,1.);
#6152 = DIRECTION('',(1.,-1.045284632677E-18));
#6153 = ( GEOMETRIC_REPRESENTATION_CONTEXT(2) 
PARAMETRIC_REPRESENTATION_CONTEXT() REPRESENTATION_CONTEXT('2D SPACE',''
  ) );
#6154 = PCURVE('',#6155,#6160);
#6155 = CYLINDRICAL_SURFACE('',#6156,0.3);
#6156 = AXIS2_PLACEMENT_3D('',#6157,#6158,#6159);
#6157 = CARTESIAN_POINT('',(-5.75,-23.02012121328,-8.4));
#6158 = DIRECTION('',(0.,0.,1.));
#6159 = DIRECTION('',(0.104528463268,0.994521895368,0.));
#6160 = DEFINITIONAL_REPRESENTATION('',(#6161),#6165);
#6161 = LINE('',#6162,#6163);
#6162 = CARTESIAN_POINT('',(-0.,0.));
#6163 = VECTOR('',#6164,1.);
#6164 = DIRECTION('',(-0.,1.));
#6165 = ( GEOMETRIC_REPRESENTATION_CONTEXT(2) 
PARAMETRIC_REPRESENTATION_CONTEXT() REPRESENTATION_CONTEXT('2D SPACE',''
  ) );
#6166 = ORIENTED_EDGE('',*,*,#6001,.T.);
#6167 = ORIENTED_EDGE('',*,*,#4117,.F.);
#6168 = ORIENTED_EDGE('',*,*,#6169,.F.);
#6169 = EDGE_CURVE('',#6140,#4118,#6170,.T.);
#6170 = SURFACE_CURVE('',#6171,(#6175,#6182),.PCURVE_S1.);
#6171 = LINE('',#6172,#6173);
#6172 = CARTESIAN_POINT('',(-5.728868356361,-22.72068975466,
    -8.329858055798));
#6173 = VECTOR('',#6174,1.);
#6174 = DIRECTION('',(-0.989132844378,0.103962051184,-0.103962051184));
#6175 = PCURVE('',#4133,#6176);
#6176 = DEFINITIONAL_REPRESENTATION('',(#6177),#6181);
#6177 = LINE('',#6178,#6179);
#6178 = CARTESIAN_POINT('',(7.014194420174E-02,-2.111288617148));
#6179 = VECTOR('',#6180,1.);
#6180 = DIRECTION('',(-0.103962051184,0.99458126461));
#6181 = ( GEOMETRIC_REPRESENTATION_CONTEXT(2) 
PARAMETRIC_REPRESENTATION_CONTEXT() REPRESENTATION_CONTEXT('2D SPACE',''
  ) );
#6182 = PCURVE('',#4162,#6183);
#6183 = DEFINITIONAL_REPRESENTATION('',(#6184),#6188);
#6184 = LINE('',#6185,#6186);
#6185 = CARTESIAN_POINT('',(0.,0.));
#6186 = VECTOR('',#6187,1.);
#6187 = DIRECTION('',(0.,1.));
#6188 = ( GEOMETRIC_REPRESENTATION_CONTEXT(2) 
PARAMETRIC_REPRESENTATION_CONTEXT() REPRESENTATION_CONTEXT('2D SPACE',''
  ) );
#6189 = ADVANCED_FACE('',(#6190),#4194,.F.);
#6190 = FACE_BOUND('',#6191,.F.);
#6191 = EDGE_LOOP('',(#6192,#6222,#6252,#6253,#6254,#6255));
#6192 = ORIENTED_EDGE('',*,*,#6193,.F.);
#6193 = EDGE_CURVE('',#6194,#6196,#6198,.T.);
#6194 = VERTEX_POINT('',#6195);
#6195 = CARTESIAN_POINT('',(-10.20718222711,-22.34945218953,-8.9));
#6196 = VERTEX_POINT('',#6197);
#6197 = CARTESIAN_POINT('',(-10.20718222711,-29.55054781046,-8.9));
#6198 = SURFACE_CURVE('',#6199,(#6203,#6210),.PCURVE_S1.);
#6199 = LINE('',#6200,#6201);
#6200 = CARTESIAN_POINT('',(-10.20718222711,-22.25,-8.9));
#6201 = VECTOR('',#6202,1.);
#6202 = DIRECTION('',(-1.224646799147E-16,-1.,0.));
#6203 = PCURVE('',#4194,#6204);
#6204 = DEFINITIONAL_REPRESENTATION('',(#6205),#6209);
#6205 = LINE('',#6206,#6207);
#6206 = CARTESIAN_POINT('',(5.825867987393E-16,-4.757182227111));
#6207 = VECTOR('',#6208,1.);
#6208 = DIRECTION('',(1.,0.));
#6209 = ( GEOMETRIC_REPRESENTATION_CONTEXT(2) 
PARAMETRIC_REPRESENTATION_CONTEXT() REPRESENTATION_CONTEXT('2D SPACE',''
  ) );
#6210 = PCURVE('',#6211,#6216);
#6211 = PLANE('',#6212);
#6212 = AXIS2_PLACEMENT_3D('',#6213,#6214,#6215);
#6213 = CARTESIAN_POINT('',(-7.828591113556,-22.25,-8.65));
#6214 = DIRECTION('',(0.104528463268,-2.801044796052E-18,-0.994521895368
    ));
#6215 = DIRECTION('',(-1.224589537361E-16,-1.,-1.005448095001E-17));
#6216 = DEFINITIONAL_REPRESENTATION('',(#6217),#6221);
#6217 = LINE('',#6218,#6219);
#6218 = CARTESIAN_POINT('',(2.937933993696E-16,2.391693058376));
#6219 = VECTOR('',#6220,1.);
#6220 = DIRECTION('',(1.,-1.045284632677E-18));
#6221 = ( GEOMETRIC_REPRESENTATION_CONTEXT(2) 
PARAMETRIC_REPRESENTATION_CONTEXT() REPRESENTATION_CONTEXT('2D SPACE',''
  ) );
#6222 = ORIENTED_EDGE('',*,*,#6223,.F.);
#6223 = EDGE_CURVE('',#4146,#6194,#6224,.T.);
#6224 = SURFACE_CURVE('',#6225,(#6230,#6241),.PCURVE_S1.);
#6225 = ELLIPSE('',#6226,0.961889447742,0.1);
#6226 = AXIS2_PLACEMENT_3D('',#6227,#6228,#6229);
#6227 = CARTESIAN_POINT('',(-11.16385945046,-22.25,-8.9));
#6228 = DIRECTION('',(0.,0.,-1.));
#6229 = DIRECTION('',(-0.994521895368,0.104528463268,0.));
#6230 = PCURVE('',#4194,#6231);
#6231 = DEFINITIONAL_REPRESENTATION('',(#6232),#6240);
#6232 = ( BOUNDED_CURVE() B_SPLINE_CURVE(2,(#6233,#6234,#6235,#6236,
#6237,#6238,#6239),.UNSPECIFIED.,.T.,.F.) B_SPLINE_CURVE_WITH_KNOTS((1,2
    ,2,2,2,1),(-2.094395102393,0.,2.094395102393,4.188790204786,
6.28318530718,8.377580409573),.UNSPECIFIED.) CURVE() 
GEOMETRIC_REPRESENTATION_ITEM() RATIONAL_B_SPLINE_CURVE((1.,0.5,1.,0.5,
1.,0.5,1.)) REPRESENTATION_ITEM('') );
#6233 = CARTESIAN_POINT('',(-0.100544825806,-6.670479567165));
#6234 = CARTESIAN_POINT('',(-0.272801071008,-6.652374706243));
#6235 = CARTESIAN_POINT('',(-3.585570969797E-02,-5.226496961649));
#6236 = CARTESIAN_POINT('',(0.201089651612,-3.800619217055));
#6237 = CARTESIAN_POINT('',(0.136400535504,-5.244601822571));
#6238 = CARTESIAN_POINT('',(7.171141939586E-02,-6.688584428087));
#6239 = CARTESIAN_POINT('',(-0.100544825806,-6.670479567165));
#6240 = ( GEOMETRIC_REPRESENTATION_CONTEXT(2) 
PARAMETRIC_REPRESENTATION_CONTEXT() REPRESENTATION_CONTEXT('2D SPACE',''
  ) );
#6241 = PCURVE('',#4162,#6242);
#6242 = DEFINITIONAL_REPRESENTATION('',(#6243),#6251);
#6243 = B_SPLINE_CURVE_WITH_KNOTS('',6,(#6244,#6245,#6246,#6247,#6248,
    #6249,#6250),.UNSPECIFIED.,.F.,.F.,(7,7),(2.350731281596,
    3.130666236547),.PIECEWISE_BEZIER_KNOTS.);
#6244 = CARTESIAN_POINT('',(0.779934954801,4.811368036054));
#6245 = CARTESIAN_POINT('',(0.909924113959,4.722954797876));
#6246 = CARTESIAN_POINT('',(1.039902675105,4.648182570745));
#6247 = CARTESIAN_POINT('',(1.169924537419,4.589742489375));
#6248 = CARTESIAN_POINT('',(1.299878823284,4.549628784667));
#6249 = CARTESIAN_POINT('',(1.429880750593,4.52887383843));
#6250 = CARTESIAN_POINT('',(1.559869909752,4.527515081725));
#6251 = ( GEOMETRIC_REPRESENTATION_CONTEXT(2) 
PARAMETRIC_REPRESENTATION_CONTEXT() REPRESENTATION_CONTEXT('2D SPACE',''
  ) );
#6252 = ORIENTED_EDGE('',*,*,#4178,.T.);
#6253 = ORIENTED_EDGE('',*,*,#6114,.T.);
#6254 = ORIENTED_EDGE('',*,*,#4808,.F.);
#6255 = ORIENTED_EDGE('',*,*,#6256,.F.);
#6256 = EDGE_CURVE('',#6196,#4809,#6257,.T.);
#6257 = SURFACE_CURVE('',#6258,(#6263,#6274),.PCURVE_S1.);
#6258 = ELLIPSE('',#6259,0.961889447742,0.1);
#6259 = AXIS2_PLACEMENT_3D('',#6260,#6261,#6262);
#6260 = CARTESIAN_POINT('',(-11.16385945046,-29.65,-8.9));
#6261 = DIRECTION('',(-0.,0.,-1.));
#6262 = DIRECTION('',(-0.994521895368,-0.104528463268,0.));
#6263 = PCURVE('',#4194,#6264);
#6264 = DEFINITIONAL_REPRESENTATION('',(#6265),#6273);
#6265 = ( BOUNDED_CURVE() B_SPLINE_CURVE(2,(#6266,#6267,#6268,#6269,
#6270,#6271,#6272),.UNSPECIFIED.,.T.,.F.) B_SPLINE_CURVE_WITH_KNOTS((1,2
    ,2,2,2,1),(-2.094395102393,0.,2.094395102393,4.188790204786,
6.28318530718,8.377580409573),.UNSPECIFIED.) CURVE() 
GEOMETRIC_REPRESENTATION_ITEM() RATIONAL_B_SPLINE_CURVE((1.,0.5,1.,0.5,
1.,0.5,1.)) REPRESENTATION_ITEM('') );
#6266 = CARTESIAN_POINT('',(7.500544825806,-6.670479567165));
#6267 = CARTESIAN_POINT('',(7.328288580604,-6.688584428087));
#6268 = CARTESIAN_POINT('',(7.263599464496,-5.244601822571));
#6269 = CARTESIAN_POINT('',(7.198910348388,-3.800619217055));
#6270 = CARTESIAN_POINT('',(7.435855709698,-5.226496961649));
#6271 = CARTESIAN_POINT('',(7.672801071008,-6.652374706243));
#6272 = CARTESIAN_POINT('',(7.500544825806,-6.670479567165));
#6273 = ( GEOMETRIC_REPRESENTATION_CONTEXT(2) 
PARAMETRIC_REPRESENTATION_CONTEXT() REPRESENTATION_CONTEXT('2D SPACE',''
  ) );
#6274 = PCURVE('',#4848,#6275);
#6275 = DEFINITIONAL_REPRESENTATION('',(#6276),#6284);
#6276 = B_SPLINE_CURVE_WITH_KNOTS('',6,(#6277,#6278,#6279,#6280,#6281,
    #6282,#6283),.UNSPECIFIED.,.F.,.F.,(7,7),(3.152519070633,
    3.932454025404),.PIECEWISE_BEZIER_KNOTS.);
#6277 = CARTESIAN_POINT('',(-6.E-17,4.527515081725));
#6278 = CARTESIAN_POINT('',(0.129989159129,4.52887383843));
#6279 = CARTESIAN_POINT('',(0.259991086407,4.549628784657));
#6280 = CARTESIAN_POINT('',(0.389945372243,4.589742489347));
#6281 = CARTESIAN_POINT('',(0.519967234527,4.648182570692));
#6282 = CARTESIAN_POINT('',(0.649945795643,4.72295479779));
#6283 = CARTESIAN_POINT('',(0.779934954772,4.811368035932));
#6284 = ( GEOMETRIC_REPRESENTATION_CONTEXT(2) 
PARAMETRIC_REPRESENTATION_CONTEXT() REPRESENTATION_CONTEXT('2D SPACE',''
  ) );
#6285 = ADVANCED_FACE('',(#6286),#4162,.T.);
#6286 = FACE_BOUND('',#6287,.T.);
#6287 = EDGE_LOOP('',(#6288,#6289,#6290,#6353,#6374));
#6288 = ORIENTED_EDGE('',*,*,#4145,.F.);
#6289 = ORIENTED_EDGE('',*,*,#6169,.F.);
#6290 = ORIENTED_EDGE('',*,*,#6291,.T.);
#6291 = EDGE_CURVE('',#6140,#6292,#6294,.T.);
#6292 = VERTEX_POINT('',#6293);
#6293 = CARTESIAN_POINT('',(-5.71864146102,-22.82121687427,
    -8.428235355321));
#6294 = SURFACE_CURVE('',#6295,(#6299,#6309),.PCURVE_S1.);
#6295 = ( BOUNDED_CURVE() B_SPLINE_CURVE(2,(#6296,#6297,#6298),
.UNSPECIFIED.,.F.,.F.) B_SPLINE_CURVE_WITH_KNOTS((3,3),(0.,
0.531104483128),.PIECEWISE_BEZIER_KNOTS.) CURVE() 
GEOMETRIC_REPRESENTATION_ITEM() RATIONAL_B_SPLINE_CURVE((1.,
0.710959001191,1.)) REPRESENTATION_ITEM('') );
#6296 = CARTESIAN_POINT('',(-5.71864146102,-22.72176464467,
    -8.328783125721));
#6297 = CARTESIAN_POINT('',(-5.70832769606,-22.72284866505,
    -8.427151334942));
#6298 = CARTESIAN_POINT('',(-5.71864146102,-22.82121687427,
    -8.428235355321));
#6299 = PCURVE('',#4162,#6300);
#6300 = DEFINITIONAL_REPRESENTATION('',(#6301),#6308);
#6301 = B_SPLINE_CURVE_WITH_KNOTS('',5,(#6302,#6303,#6304,#6305,#6306,
    #6307),.UNSPECIFIED.,.F.,.F.,(6,6),(0.,0.531104483128),
  .PIECEWISE_BEZIER_KNOTS.);
#6302 = CARTESIAN_POINT('',(1.1E-16,-1.033925361904E-02));
#6303 = CARTESIAN_POINT('',(0.281293383818,-1.033925361904E-02));
#6304 = CARTESIAN_POINT('',(0.602766520971,-1.033925361904E-02));
#6305 = CARTESIAN_POINT('',(0.95710338878,-1.033925361904E-02));
#6306 = CARTESIAN_POINT('',(1.278576525933,-1.033925361904E-02));
#6307 = CARTESIAN_POINT('',(1.559869909752,-1.033925361904E-02));
#6308 = ( GEOMETRIC_REPRESENTATION_CONTEXT(2) 
PARAMETRIC_REPRESENTATION_CONTEXT() REPRESENTATION_CONTEXT('2D SPACE',''
  ) );
#6309 = PCURVE('',#6310,#6347);
#6310 = ( BOUNDED_SURFACE() B_SPLINE_SURFACE(2,11,(
    (#6311,#6312,#6313,#6314,#6315,#6316,#6317,#6318,#6319,#6320,#6321
      ,#6322)
    ,(#6323,#6324,#6325,#6326,#6327,#6328,#6329,#6330,#6331,#6332,#6333
      ,#6334)
    ,(#6335,#6336,#6337,#6338,#6339,#6340,#6341,#6342,#6343,#6344,#6345
,#6346
    )),.UNSPECIFIED.,.F.,.F.,.F.) B_SPLINE_SURFACE_WITH_KNOTS((3,3),(12,
    12),(0.,0.531104483128),(0.,0.531104483128),
.PIECEWISE_BEZIER_KNOTS.) GEOMETRIC_REPRESENTATION_ITEM() 
RATIONAL_B_SPLINE_SURFACE((
    (1.,1.,1.,0.999999999999,1.000000000001,0.999999999999
      ,1.000000000001,0.999999999999,1.,1.,1.,1.)
    ,(0.999999999997,0.999999741573,0.986579081368,0.959461495211
      ,0.920163768692,0.870789505521,0.821246793517,0.766199196895
      ,0.741765208484,0.726505797262,0.71714869057,0.710959001191)
    ,(1.,1.,1.,0.999999999999,1.000000000001,0.999999999999
,1.000000000001,0.999999999999,1.,1.,1.,1.
))) REPRESENTATION_ITEM('') SURFACE() );
#6311 = CARTESIAN_POINT('',(-5.45,-23.02012121328,-8.129878786711));
#6312 = CARTESIAN_POINT('',(-5.450000155059,-22.9732693018,
    -8.161113394365));
#6313 = CARTESIAN_POINT('',(-5.458045106893,-22.92608766722,
    -8.19257185095));
#6314 = CARTESIAN_POINT('',(-5.474359626878,-22.88055329135,
    -8.222873928858));
#6315 = CARTESIAN_POINT('',(-5.498267878587,-22.83805550564,
    -8.2512408695));
#6316 = CARTESIAN_POINT('',(-5.529688786706,-22.80193960537,
    -8.274857556567));
#6317 = CARTESIAN_POINT('',(-5.564202948763,-22.77098479895,
    -8.295729576054));
#6318 = CARTESIAN_POINT('',(-5.604550641307,-22.75054883975,
    -8.308382804398));
#6319 = CARTESIAN_POINT('',(-5.637794637047,-22.73782650952,
    -8.317149808077));
#6320 = CARTESIAN_POINT('',(-5.667159082054,-22.72957150853,
    -8.323224289528));
#6321 = CARTESIAN_POINT('',(-5.693238499407,-22.72443460353,
    -8.32699813755));
#6322 = CARTESIAN_POINT('',(-5.71864146102,-22.72176464467,
    -8.328783125721));
#6323 = CARTESIAN_POINT('',(-5.450000000001,-23.02012038589,
    -8.129879614107));
#6324 = CARTESIAN_POINT('',(-5.450000103373,-22.98107794363,
    -8.168922056369));
#6325 = CARTESIAN_POINT('',(-5.45545007679,-22.94070686895,
    -8.209293131046));
#6326 = CARTESIAN_POINT('',(-5.466818433365,-22.90018132884,
    -8.249818671155));
#6327 = CARTESIAN_POINT('',(-5.484919501208,-22.86117299656,
    -8.288827003438));
#6328 = CARTESIAN_POINT('',(-5.507059123339,-22.82572902587,
    -8.324270974119));
#6329 = CARTESIAN_POINT('',(-5.537049568351,-22.79495510146,
    -8.355044898542));
#6330 = CARTESIAN_POINT('',(-5.563455914931,-22.77124873853,
    -8.378751261468));
#6331 = CARTESIAN_POINT('',(-5.597204344554,-22.75168771392,
    -8.39831228608));
#6332 = CARTESIAN_POINT('',(-5.632879988614,-22.73741331069,
    -8.412586689305));
#6333 = CARTESIAN_POINT('',(-5.669903082902,-22.72776743693,
    -8.422232563068));
#6334 = CARTESIAN_POINT('',(-5.70832769606,-22.72284866505,
    -8.427151334942));
#6335 = CARTESIAN_POINT('',(-5.45,-23.02012121328,-8.129878786711));
#6336 = CARTESIAN_POINT('',(-5.450000155059,-22.98888660563,
    -8.176730698193));
#6337 = CARTESIAN_POINT('',(-5.458045106893,-22.95742814905,
    -8.223912332774));
#6338 = CARTESIAN_POINT('',(-5.474359626878,-22.92712607114,
    -8.269446708643));
#6339 = CARTESIAN_POINT('',(-5.498267878587,-22.89875913049,
    -8.311944494357));
#6340 = CARTESIAN_POINT('',(-5.529688786706,-22.87514244343,
    -8.348060394632));
#6341 = CARTESIAN_POINT('',(-5.564202948762,-22.85427042394,
    -8.379015201045));
#6342 = CARTESIAN_POINT('',(-5.604550641308,-22.8416171956,
    -8.399451160249));
#6343 = CARTESIAN_POINT('',(-5.637794637047,-22.83285019192,
    -8.412173490476));
#6344 = CARTESIAN_POINT('',(-5.667159082054,-22.82677571047,
    -8.420428491468));
#6345 = CARTESIAN_POINT('',(-5.693238499407,-22.82300186245,
    -8.425565396467));
#6346 = CARTESIAN_POINT('',(-5.71864146102,-22.82121687427,
    -8.428235355321));
#6347 = DEFINITIONAL_REPRESENTATION('',(#6348),#6352);
#6348 = LINE('',#6349,#6350);
#6349 = CARTESIAN_POINT('',(0.,0.531104483128));
#6350 = VECTOR('',#6351,1.);
#6351 = DIRECTION('',(1.,0.));
#6352 = ( GEOMETRIC_REPRESENTATION_CONTEXT(2) 
PARAMETRIC_REPRESENTATION_CONTEXT() REPRESENTATION_CONTEXT('2D SPACE',''
  ) );
#6353 = ORIENTED_EDGE('',*,*,#6354,.T.);
#6354 = EDGE_CURVE('',#6292,#6194,#6355,.T.);
#6355 = SURFACE_CURVE('',#6356,(#6360,#6367),.PCURVE_S1.);
#6356 = LINE('',#6357,#6358);
#6357 = CARTESIAN_POINT('',(-5.728868356361,-22.8201419442,
    -8.429310245335));
#6358 = VECTOR('',#6359,1.);
#6359 = DIRECTION('',(-0.989132844378,0.103962051184,-0.103962051184));
#6360 = PCURVE('',#4162,#6361);
#6361 = DEFINITIONAL_REPRESENTATION('',(#6362),#6366);
#6362 = LINE('',#6363,#6364);
#6363 = CARTESIAN_POINT('',(1.559869909752,0.));
#6364 = VECTOR('',#6365,1.);
#6365 = DIRECTION('',(0.,1.));
#6366 = ( GEOMETRIC_REPRESENTATION_CONTEXT(2) 
PARAMETRIC_REPRESENTATION_CONTEXT() REPRESENTATION_CONTEXT('2D SPACE',''
  ) );
#6367 = PCURVE('',#6211,#6368);
#6368 = DEFINITIONAL_REPRESENTATION('',(#6369),#6373);
#6369 = LINE('',#6370,#6371);
#6370 = CARTESIAN_POINT('',(0.570141944202,-2.111288617148));
#6371 = VECTOR('',#6372,1.);
#6372 = DIRECTION('',(-0.103962051184,0.99458126461));
#6373 = ( GEOMETRIC_REPRESENTATION_CONTEXT(2) 
PARAMETRIC_REPRESENTATION_CONTEXT() REPRESENTATION_CONTEXT('2D SPACE',''
  ) );
#6374 = ORIENTED_EDGE('',*,*,#6223,.F.);
#6375 = ADVANCED_FACE('',(#6376),#4498,.F.);
#6376 = FACE_BOUND('',#6377,.T.);
#6377 = EDGE_LOOP('',(#6378,#6399,#6400,#6401));
#6378 = ORIENTED_EDGE('',*,*,#6379,.T.);
#6379 = EDGE_CURVE('',#4478,#5070,#6380,.T.);
#6380 = SEAM_CURVE('',#6381,(#6385,#6392),.PCURVE_S1.);
#6381 = LINE('',#6382,#6383);
#6382 = CARTESIAN_POINT('',(-12.99999991594,-22.25,-7.105427357601E-15)
  );
#6383 = VECTOR('',#6384,1.);
#6384 = DIRECTION('',(-1.224646799147E-16,-1.,0.));
#6385 = PCURVE('',#4498,#6386);
#6386 = DEFINITIONAL_REPRESENTATION('',(#6387),#6391);
#6387 = LINE('',#6388,#6389);
#6388 = CARTESIAN_POINT('',(-0.,0.));
#6389 = VECTOR('',#6390,1.);
#6390 = DIRECTION('',(-0.,-1.));
#6391 = ( GEOMETRIC_REPRESENTATION_CONTEXT(2) 
PARAMETRIC_REPRESENTATION_CONTEXT() REPRESENTATION_CONTEXT('2D SPACE',''
  ) );
#6392 = PCURVE('',#4498,#6393);
#6393 = DEFINITIONAL_REPRESENTATION('',(#6394),#6398);
#6394 = LINE('',#6395,#6396);
#6395 = CARTESIAN_POINT('',(-6.28318530718,0.));
#6396 = VECTOR('',#6397,1.);
#6397 = DIRECTION('',(-0.,-1.));
#6398 = ( GEOMETRIC_REPRESENTATION_CONTEXT(2) 
PARAMETRIC_REPRESENTATION_CONTEXT() REPRESENTATION_CONTEXT('2D SPACE',''
  ) );
#6399 = ORIENTED_EDGE('',*,*,#5069,.T.);
#6400 = ORIENTED_EDGE('',*,*,#6379,.F.);
#6401 = ORIENTED_EDGE('',*,*,#4477,.F.);
#6402 = ADVANCED_FACE('',(#6403),#4606,.T.);
#6403 = FACE_BOUND('',#6404,.F.);
#6404 = EDGE_LOOP('',(#6405,#6406,#6427,#6451,#6452));
#6405 = ORIENTED_EDGE('',*,*,#5589,.F.);
#6406 = ORIENTED_EDGE('',*,*,#6407,.F.);
#6407 = EDGE_CURVE('',#5357,#5567,#6408,.T.);
#6408 = SURFACE_CURVE('',#6409,(#6413,#6420),.PCURVE_S1.);
#6409 = LINE('',#6410,#6411);
#6410 = CARTESIAN_POINT('',(-5.728868356361,-29.07985805579,
    8.429310245335));
#6411 = VECTOR('',#6412,1.);
#6412 = DIRECTION('',(-0.989132844378,-0.103962051184,0.103962051184));
#6413 = PCURVE('',#4606,#6414);
#6414 = DEFINITIONAL_REPRESENTATION('',(#6415),#6419);
#6415 = LINE('',#6416,#6417);
#6416 = CARTESIAN_POINT('',(-0.,0.));
#6417 = VECTOR('',#6418,1.);
#6418 = DIRECTION('',(-0.,1.));
#6419 = ( GEOMETRIC_REPRESENTATION_CONTEXT(2) 
PARAMETRIC_REPRESENTATION_CONTEXT() REPRESENTATION_CONTEXT('2D SPACE',''
  ) );
#6420 = PCURVE('',#5374,#6421);
#6421 = DEFINITIONAL_REPRESENTATION('',(#6422),#6426);
#6422 = LINE('',#6423,#6424);
#6423 = CARTESIAN_POINT('',(0.570141944202,-2.111288617148));
#6424 = VECTOR('',#6425,1.);
#6425 = DIRECTION('',(-0.103962051184,0.99458126461));
#6426 = ( GEOMETRIC_REPRESENTATION_CONTEXT(2) 
PARAMETRIC_REPRESENTATION_CONTEXT() REPRESENTATION_CONTEXT('2D SPACE',''
  ) );
#6427 = ORIENTED_EDGE('',*,*,#6428,.T.);
#6428 = EDGE_CURVE('',#5357,#5097,#6429,.T.);
#6429 = SURFACE_CURVE('',#6430,(#6434,#6444),.PCURVE_S1.);
#6430 = ( BOUNDED_CURVE() B_SPLINE_CURVE(2,(#6431,#6432,#6433),
.UNSPECIFIED.,.F.,.F.) B_SPLINE_CURVE_WITH_KNOTS((3,3),(0.,
0.531104481487),.PIECEWISE_BEZIER_KNOTS.) CURVE() 
GEOMETRIC_REPRESENTATION_ITEM() RATIONAL_B_SPLINE_CURVE((1.,
0.710959001191,1.)) REPRESENTATION_ITEM('') );
#6431 = CARTESIAN_POINT('',(-5.71864146102,-29.07878312572,
    8.428235355321));
#6432 = CARTESIAN_POINT('',(-5.70832769606,-29.17715133494,
    8.427151334942));
#6433 = CARTESIAN_POINT('',(-5.71864146102,-29.17823535532,
    8.328783125721));
#6434 = PCURVE('',#4606,#6435);
#6435 = DEFINITIONAL_REPRESENTATION('',(#6436),#6443);
#6436 = B_SPLINE_CURVE_WITH_KNOTS('',5,(#6437,#6438,#6439,#6440,#6441,
    #6442),.UNSPECIFIED.,.F.,.F.,(6,6),(0.,0.531104481487),
  .PIECEWISE_BEZIER_KNOTS.);
#6437 = CARTESIAN_POINT('',(0.,-1.033925361904E-02));
#6438 = CARTESIAN_POINT('',(-0.281293383818,-1.033925361904E-02));
#6439 = CARTESIAN_POINT('',(-0.602766520971,-1.033925361904E-02));
#6440 = CARTESIAN_POINT('',(-0.95710338878,-1.033925361904E-02));
#6441 = CARTESIAN_POINT('',(-1.278576525933,-1.033925361904E-02));
#6442 = CARTESIAN_POINT('',(-1.559869909752,-1.033925361904E-02));
#6443 = ( GEOMETRIC_REPRESENTATION_CONTEXT(2) 
PARAMETRIC_REPRESENTATION_CONTEXT() REPRESENTATION_CONTEXT('2D SPACE',''
  ) );
#6444 = PCURVE('',#5307,#6445);
#6445 = DEFINITIONAL_REPRESENTATION('',(#6446),#6450);
#6446 = LINE('',#6447,#6448);
#6447 = CARTESIAN_POINT('',(0.,0.531104481487));
#6448 = VECTOR('',#6449,1.);
#6449 = DIRECTION('',(1.,0.));
#6450 = ( GEOMETRIC_REPRESENTATION_CONTEXT(2) 
PARAMETRIC_REPRESENTATION_CONTEXT() REPRESENTATION_CONTEXT('2D SPACE',''
  ) );
#6451 = ORIENTED_EDGE('',*,*,#5119,.T.);
#6452 = ORIENTED_EDGE('',*,*,#4585,.F.);
#6453 = ADVANCED_FACE('',(#6454),#4913,.T.);
#6454 = FACE_BOUND('',#6455,.F.);
#6455 = EDGE_LOOP('',(#6456,#6457,#6480,#6543,#6564));
#6456 = ORIENTED_EDGE('',*,*,#5915,.F.);
#6457 = ORIENTED_EDGE('',*,*,#6458,.F.);
#6458 = EDGE_CURVE('',#6459,#5886,#6461,.T.);
#6459 = VERTEX_POINT('',#6460);
#6460 = CARTESIAN_POINT('',(-5.71864146102,-29.07878312572,
    -7.771764644679));
#6461 = SURFACE_CURVE('',#6462,(#6466,#6473),.PCURVE_S1.);
#6462 = LINE('',#6463,#6464);
#6463 = CARTESIAN_POINT('',(-5.728868356361,-29.07985805579,
    -7.770689754665));
#6464 = VECTOR('',#6465,1.);
#6465 = DIRECTION('',(-0.989132844378,-0.103962051184,0.103962051184));
#6466 = PCURVE('',#4913,#6467);
#6467 = DEFINITIONAL_REPRESENTATION('',(#6468),#6472);
#6468 = LINE('',#6469,#6470);
#6469 = CARTESIAN_POINT('',(-0.,0.));
#6470 = VECTOR('',#6471,1.);
#6471 = DIRECTION('',(-0.,1.));
#6472 = ( GEOMETRIC_REPRESENTATION_CONTEXT(2) 
PARAMETRIC_REPRESENTATION_CONTEXT() REPRESENTATION_CONTEXT('2D SPACE',''
  ) );
#6473 = PCURVE('',#5903,#6474);
#6474 = DEFINITIONAL_REPRESENTATION('',(#6475),#6479);
#6475 = LINE('',#6476,#6477);
#6476 = CARTESIAN_POINT('',(0.570141944202,-2.111288617148));
#6477 = VECTOR('',#6478,1.);
#6478 = DIRECTION('',(-0.103962051184,0.99458126461));
#6479 = ( GEOMETRIC_REPRESENTATION_CONTEXT(2) 
PARAMETRIC_REPRESENTATION_CONTEXT() REPRESENTATION_CONTEXT('2D SPACE',''
  ) );
#6480 = ORIENTED_EDGE('',*,*,#6481,.T.);
#6481 = EDGE_CURVE('',#6459,#6482,#6484,.T.);
#6482 = VERTEX_POINT('',#6483);
#6483 = CARTESIAN_POINT('',(-5.71864146102,-29.17823535532,
    -7.871216874279));
#6484 = SURFACE_CURVE('',#6485,(#6489,#6499),.PCURVE_S1.);
#6485 = ( BOUNDED_CURVE() B_SPLINE_CURVE(2,(#6486,#6487,#6488),
.UNSPECIFIED.,.F.,.F.) B_SPLINE_CURVE_WITH_KNOTS((3,3),(0.,
0.531104481487),.PIECEWISE_BEZIER_KNOTS.) CURVE() 
GEOMETRIC_REPRESENTATION_ITEM() RATIONAL_B_SPLINE_CURVE((1.,
0.710959001191,1.)) REPRESENTATION_ITEM('') );
#6486 = CARTESIAN_POINT('',(-5.71864146102,-29.07878312572,
    -7.771764644679));
#6487 = CARTESIAN_POINT('',(-5.70832769606,-29.17715133494,
    -7.772848665058));
#6488 = CARTESIAN_POINT('',(-5.71864146102,-29.17823535532,
    -7.871216874279));
#6489 = PCURVE('',#4913,#6490);
#6490 = DEFINITIONAL_REPRESENTATION('',(#6491),#6498);
#6491 = B_SPLINE_CURVE_WITH_KNOTS('',5,(#6492,#6493,#6494,#6495,#6496,
    #6497),.UNSPECIFIED.,.F.,.F.,(6,6),(0.,0.531104481487),
  .PIECEWISE_BEZIER_KNOTS.);
#6492 = CARTESIAN_POINT('',(-2.2E-16,-1.033925361904E-02));
#6493 = CARTESIAN_POINT('',(-0.281293383818,-1.033925361904E-02));
#6494 = CARTESIAN_POINT('',(-0.602766520971,-1.033925361904E-02));
#6495 = CARTESIAN_POINT('',(-0.957103388781,-1.033925361904E-02));
#6496 = CARTESIAN_POINT('',(-1.278576525933,-1.033925361904E-02));
#6497 = CARTESIAN_POINT('',(-1.559869909752,-1.033925361904E-02));
#6498 = ( GEOMETRIC_REPRESENTATION_CONTEXT(2) 
PARAMETRIC_REPRESENTATION_CONTEXT() REPRESENTATION_CONTEXT('2D SPACE',''
  ) );
#6499 = PCURVE('',#6500,#6537);
#6500 = ( BOUNDED_SURFACE() B_SPLINE_SURFACE(2,11,(
    (#6501,#6502,#6503,#6504,#6505,#6506,#6507,#6508,#6509,#6510,#6511
      ,#6512)
    ,(#6513,#6514,#6515,#6516,#6517,#6518,#6519,#6520,#6521,#6522,#6523
      ,#6524)
    ,(#6525,#6526,#6527,#6528,#6529,#6530,#6531,#6532,#6533,#6534,#6535
,#6536
    )),.UNSPECIFIED.,.F.,.F.,.F.) B_SPLINE_SURFACE_WITH_KNOTS((3,3),(12,
    12),(0.,0.531104481487),(0.,0.531104481487),
.PIECEWISE_BEZIER_KNOTS.) GEOMETRIC_REPRESENTATION_ITEM() 
RATIONAL_B_SPLINE_SURFACE((
    (1.,1.,1.,1.000000000001,0.999999999999,1.000000000001
      ,0.999999999999,1.000000000001,1.,1.,1.,1.)
    ,(0.999999999997,0.999999741206,0.98657908073,0.95946149433
      ,0.920163767847,0.870789504651,0.821246792859,0.766199196586
      ,0.741765208357,0.726505797203,0.717148690553,0.710959001191)
    ,(1.,1.,1.,1.000000000001,0.999999999999,1.000000000001
,0.999999999999,1.000000000001,1.,1.,1.,1.
))) REPRESENTATION_ITEM('') SURFACE() );
#6501 = CARTESIAN_POINT('',(-5.45,-28.87987878671,-8.070121213289));
#6502 = CARTESIAN_POINT('',(-5.450000155276,-28.9111133952,
    -8.023269300541));
#6503 = CARTESIAN_POINT('',(-5.458045107286,-28.94257185168,
    -7.97608766613));
#6504 = CARTESIAN_POINT('',(-5.474359627389,-28.97287392945,
    -7.930553290459));
#6505 = CARTESIAN_POINT('',(-5.49826787917,-29.00124086995,
    -7.888055504963));
#6506 = CARTESIAN_POINT('',(-5.529688787257,-29.02485755688,
    -7.851939604888));
#6507 = CARTESIAN_POINT('',(-5.564202949295,-29.04572957623,
    -7.820984798672));
#6508 = CARTESIAN_POINT('',(-5.604550641666,-29.05838280448,
    -7.800548839617));
#6509 = CARTESIAN_POINT('',(-5.63779463729,-29.06714980812,
    -7.787826509453));
#6510 = CARTESIAN_POINT('',(-5.667159082201,-29.07322428954,
    -7.779571508503));
#6511 = CARTESIAN_POINT('',(-5.693238499479,-29.07699813755,
    -7.774434603525));
#6512 = CARTESIAN_POINT('',(-5.71864146102,-29.07878312572,
    -7.771764644679));
#6513 = CARTESIAN_POINT('',(-5.450000000001,-28.87987961526,
    -8.070120384733));
#6514 = CARTESIAN_POINT('',(-5.450000103518,-28.91892205743,
    -8.031077942562));
#6515 = CARTESIAN_POINT('',(-5.455450077062,-28.95929313199,
    -7.990706868009));
#6516 = CARTESIAN_POINT('',(-5.466818433721,-28.99981867195,
    -7.950181328042));
#6517 = CARTESIAN_POINT('',(-5.484919501622,-29.03882700404,
    -7.911172995957));
#6518 = CARTESIAN_POINT('',(-5.507059123759,-29.0742709746,
    -7.875729025394));
#6519 = CARTESIAN_POINT('',(-5.537049568704,-29.10504489881,
    -7.844955101186));
#6520 = CARTESIAN_POINT('',(-5.563455915267,-29.12875126168,
    -7.821248738312));
#6521 = CARTESIAN_POINT('',(-5.597204344838,-29.14831228618,
    -7.801687713812));
#6522 = CARTESIAN_POINT('',(-5.632879988811,-29.16258668935,
    -7.787413310642));
#6523 = CARTESIAN_POINT('',(-5.669903083005,-29.17223256308,
    -7.777767436919));
#6524 = CARTESIAN_POINT('',(-5.70832769606,-29.17715133494,
    -7.772848665058));
#6525 = CARTESIAN_POINT('',(-5.45,-28.87987878671,-8.070121213289));
#6526 = CARTESIAN_POINT('',(-5.450000155276,-28.92673069945,
    -8.038886604791));
#6527 = CARTESIAN_POINT('',(-5.458045107286,-28.97391233387,
    -8.00742814832));
#6528 = CARTESIAN_POINT('',(-5.474359627389,-29.01944670954,
    -7.977126070545));
#6529 = CARTESIAN_POINT('',(-5.49826787917,-29.06194449503,
    -7.948759130052));
#6530 = CARTESIAN_POINT('',(-5.529688787257,-29.09806039511,
    -7.925142443113));
#6531 = CARTESIAN_POINT('',(-5.564202949296,-29.12901520132,
    -7.904270423767));
#6532 = CARTESIAN_POINT('',(-5.604550641665,-29.14945116038,
    -7.891617195512));
#6533 = CARTESIAN_POINT('',(-5.63779463729,-29.16217349054,
    -7.882850191872));
#6534 = CARTESIAN_POINT('',(-5.667159082201,-29.17042849149,
    -7.876775710452));
#6535 = CARTESIAN_POINT('',(-5.693238499479,-29.17556539647,
    -7.873001862445));
#6536 = CARTESIAN_POINT('',(-5.71864146102,-29.17823535532,
    -7.871216874279));
#6537 = DEFINITIONAL_REPRESENTATION('',(#6538),#6542);
#6538 = LINE('',#6539,#6540);
#6539 = CARTESIAN_POINT('',(0.,0.531104481487));
#6540 = VECTOR('',#6541,1.);
#6541 = DIRECTION('',(1.,0.));
#6542 = ( GEOMETRIC_REPRESENTATION_CONTEXT(2) 
PARAMETRIC_REPRESENTATION_CONTEXT() REPRESENTATION_CONTEXT('2D SPACE',''
  ) );
#6543 = ORIENTED_EDGE('',*,*,#6544,.T.);
#6544 = EDGE_CURVE('',#6482,#4865,#6545,.T.);
#6545 = SURFACE_CURVE('',#6546,(#6550,#6557),.PCURVE_S1.);
#6546 = LINE('',#6547,#6548);
#6547 = CARTESIAN_POINT('',(-5.728868356361,-29.17931024533,
    -7.870141944202));
#6548 = VECTOR('',#6549,1.);
#6549 = DIRECTION('',(-0.989132844378,-0.103962051184,0.103962051184));
#6550 = PCURVE('',#4913,#6551);
#6551 = DEFINITIONAL_REPRESENTATION('',(#6552),#6556);
#6552 = LINE('',#6553,#6554);
#6553 = CARTESIAN_POINT('',(-1.559869909752,0.));
#6554 = VECTOR('',#6555,1.);
#6555 = DIRECTION('',(-0.,1.));
#6556 = ( GEOMETRIC_REPRESENTATION_CONTEXT(2) 
PARAMETRIC_REPRESENTATION_CONTEXT() REPRESENTATION_CONTEXT('2D SPACE',''
  ) );
#6557 = PCURVE('',#4880,#6558);
#6558 = DEFINITIONAL_REPRESENTATION('',(#6559),#6563);
#6559 = LINE('',#6560,#6561);
#6560 = CARTESIAN_POINT('',(-0.529858055798,-2.111288617148));
#6561 = VECTOR('',#6562,1.);
#6562 = DIRECTION('',(-0.103962051184,0.99458126461));
#6563 = ( GEOMETRIC_REPRESENTATION_CONTEXT(2) 
PARAMETRIC_REPRESENTATION_CONTEXT() REPRESENTATION_CONTEXT('2D SPACE',''
  ) );
#6564 = ORIENTED_EDGE('',*,*,#4892,.F.);
#6565 = ADVANCED_FACE('',(#6566),#4880,.F.);
#6566 = FACE_BOUND('',#6567,.T.);
#6567 = EDGE_LOOP('',(#6568,#6596,#6597,#6598));
#6568 = ORIENTED_EDGE('',*,*,#6569,.T.);
#6569 = EDGE_CURVE('',#6570,#6482,#6572,.T.);
#6570 = VERTEX_POINT('',#6571);
#6571 = CARTESIAN_POINT('',(-5.71864146102,-29.17823535532,
    -8.328783125721));
#6572 = SURFACE_CURVE('',#6573,(#6577,#6584),.PCURVE_S1.);
#6573 = LINE('',#6574,#6575);
#6574 = CARTESIAN_POINT('',(-5.71864146102,-29.17823535532,-8.4));
#6575 = VECTOR('',#6576,1.);
#6576 = DIRECTION('',(0.,0.,1.));
#6577 = PCURVE('',#4880,#6578);
#6578 = DEFINITIONAL_REPRESENTATION('',(#6579),#6583);
#6579 = LINE('',#6580,#6581);
#6580 = CARTESIAN_POINT('',(-2.217646446789E-18,-2.121571845087));
#6581 = VECTOR('',#6582,1.);
#6582 = DIRECTION('',(-1.,1.045284632677E-18));
#6583 = ( GEOMETRIC_REPRESENTATION_CONTEXT(2) 
PARAMETRIC_REPRESENTATION_CONTEXT() REPRESENTATION_CONTEXT('2D SPACE',''
  ) );
#6584 = PCURVE('',#6585,#6590);
#6585 = CYLINDRICAL_SURFACE('',#6586,0.3);
#6586 = AXIS2_PLACEMENT_3D('',#6587,#6588,#6589);
#6587 = CARTESIAN_POINT('',(-5.75,-28.87987878671,-8.4));
#6588 = DIRECTION('',(0.,0.,1.));
#6589 = DIRECTION('',(1.,-1.224646799147E-16,0.));
#6590 = DEFINITIONAL_REPRESENTATION('',(#6591),#6595);
#6591 = LINE('',#6592,#6593);
#6592 = CARTESIAN_POINT('',(-1.466076571675,0.));
#6593 = VECTOR('',#6594,1.);
#6594 = DIRECTION('',(-0.,1.));
#6595 = ( GEOMETRIC_REPRESENTATION_CONTEXT(2) 
PARAMETRIC_REPRESENTATION_CONTEXT() REPRESENTATION_CONTEXT('2D SPACE',''
  ) );
#6596 = ORIENTED_EDGE('',*,*,#6544,.T.);
#6597 = ORIENTED_EDGE('',*,*,#4864,.F.);
#6598 = ORIENTED_EDGE('',*,*,#6599,.F.);
#6599 = EDGE_CURVE('',#6570,#4832,#6600,.T.);
#6600 = SURFACE_CURVE('',#6601,(#6605,#6612),.PCURVE_S1.);
#6601 = LINE('',#6602,#6603);
#6602 = CARTESIAN_POINT('',(-5.728868356361,-29.17931024533,
    -8.329858055798));
#6603 = VECTOR('',#6604,1.);
#6604 = DIRECTION('',(-0.989132844378,-0.103962051184,-0.103962051184));
#6605 = PCURVE('',#4880,#6606);
#6606 = DEFINITIONAL_REPRESENTATION('',(#6607),#6611);
#6607 = LINE('',#6608,#6609);
#6608 = CARTESIAN_POINT('',(-7.014194420174E-02,-2.111288617148));
#6609 = VECTOR('',#6610,1.);
#6610 = DIRECTION('',(0.103962051184,0.99458126461));
#6611 = ( GEOMETRIC_REPRESENTATION_CONTEXT(2) 
PARAMETRIC_REPRESENTATION_CONTEXT() REPRESENTATION_CONTEXT('2D SPACE',''
  ) );
#6612 = PCURVE('',#4848,#6613);
#6613 = DEFINITIONAL_REPRESENTATION('',(#6614),#6618);
#6614 = LINE('',#6615,#6616);
#6615 = CARTESIAN_POINT('',(1.559869909752,0.));
#6616 = VECTOR('',#6617,1.);
#6617 = DIRECTION('',(0.,1.));
#6618 = ( GEOMETRIC_REPRESENTATION_CONTEXT(2) 
PARAMETRIC_REPRESENTATION_CONTEXT() REPRESENTATION_CONTEXT('2D SPACE',''
  ) );
#6619 = ADVANCED_FACE('',(#6620),#4848,.T.);
#6620 = FACE_BOUND('',#6621,.T.);
#6621 = EDGE_LOOP('',(#6622,#6623,#6646,#6707,#6708));
#6622 = ORIENTED_EDGE('',*,*,#6256,.F.);
#6623 = ORIENTED_EDGE('',*,*,#6624,.F.);
#6624 = EDGE_CURVE('',#6625,#6196,#6627,.T.);
#6625 = VERTEX_POINT('',#6626);
#6626 = CARTESIAN_POINT('',(-5.71864146102,-29.07878312572,
    -8.428235355321));
#6627 = SURFACE_CURVE('',#6628,(#6632,#6639),.PCURVE_S1.);
#6628 = LINE('',#6629,#6630);
#6629 = CARTESIAN_POINT('',(-5.728868356361,-29.07985805579,
    -8.429310245335));
#6630 = VECTOR('',#6631,1.);
#6631 = DIRECTION('',(-0.989132844378,-0.103962051184,-0.103962051184));
#6632 = PCURVE('',#4848,#6633);
#6633 = DEFINITIONAL_REPRESENTATION('',(#6634),#6638);
#6634 = LINE('',#6635,#6636);
#6635 = CARTESIAN_POINT('',(0.,0.));
#6636 = VECTOR('',#6637,1.);
#6637 = DIRECTION('',(0.,1.));
#6638 = ( GEOMETRIC_REPRESENTATION_CONTEXT(2) 
PARAMETRIC_REPRESENTATION_CONTEXT() REPRESENTATION_CONTEXT('2D SPACE',''
  ) );
#6639 = PCURVE('',#6211,#6640);
#6640 = DEFINITIONAL_REPRESENTATION('',(#6641),#6645);
#6641 = LINE('',#6642,#6643);
#6642 = CARTESIAN_POINT('',(6.829858055798,-2.111288617148));
#6643 = VECTOR('',#6644,1.);
#6644 = DIRECTION('',(0.103962051184,0.99458126461));
#6645 = ( GEOMETRIC_REPRESENTATION_CONTEXT(2) 
PARAMETRIC_REPRESENTATION_CONTEXT() REPRESENTATION_CONTEXT('2D SPACE',''
  ) );
#6646 = ORIENTED_EDGE('',*,*,#6647,.T.);
#6647 = EDGE_CURVE('',#6625,#6570,#6648,.T.);
#6648 = SURFACE_CURVE('',#6649,(#6653,#6663),.PCURVE_S1.);
#6649 = ( BOUNDED_CURVE() B_SPLINE_CURVE(2,(#6650,#6651,#6652),
.UNSPECIFIED.,.F.,.F.) B_SPLINE_CURVE_WITH_KNOTS((3,3),(0.,
0.531105042268),.PIECEWISE_BEZIER_KNOTS.) CURVE() 
GEOMETRIC_REPRESENTATION_ITEM() RATIONAL_B_SPLINE_CURVE((1.,
0.71095900119,1.)) REPRESENTATION_ITEM('') );
#6650 = CARTESIAN_POINT('',(-5.71864146102,-29.07878312572,
    -8.428235355321));
#6651 = CARTESIAN_POINT('',(-5.708327695903,-29.17715133492,
    -8.427151334926));
#6652 = CARTESIAN_POINT('',(-5.71864146102,-29.17823535532,
    -8.328783125721));
#6653 = PCURVE('',#4848,#6654);
#6654 = DEFINITIONAL_REPRESENTATION('',(#6655),#6662);
#6655 = B_SPLINE_CURVE_WITH_KNOTS('',5,(#6656,#6657,#6658,#6659,#6660,
    #6661),.UNSPECIFIED.,.F.,.F.,(6,6),(0.,0.531105042268),
  .PIECEWISE_BEZIER_KNOTS.);
#6656 = CARTESIAN_POINT('',(0.,-1.033925361904E-02));
#6657 = CARTESIAN_POINT('',(0.281293383819,-1.033925361904E-02));
#6658 = CARTESIAN_POINT('',(0.602766520966,-1.033925361904E-02));
#6659 = CARTESIAN_POINT('',(0.957103388785,-1.033925361904E-02));
#6660 = CARTESIAN_POINT('',(1.278576525933,-1.033925361904E-02));
#6661 = CARTESIAN_POINT('',(1.559869909752,-1.033925361904E-02));
#6662 = ( GEOMETRIC_REPRESENTATION_CONTEXT(2) 
PARAMETRIC_REPRESENTATION_CONTEXT() REPRESENTATION_CONTEXT('2D SPACE',''
  ) );
#6663 = PCURVE('',#6664,#6701);
#6664 = ( BOUNDED_SURFACE() B_SPLINE_SURFACE(2,11,(
    (#6665,#6666,#6667,#6668,#6669,#6670,#6671,#6672,#6673,#6674,#6675
      ,#6676)
    ,(#6677,#6678,#6679,#6680,#6681,#6682,#6683,#6684,#6685,#6686,#6687
      ,#6688)
    ,(#6689,#6690,#6691,#6692,#6693,#6694,#6695,#6696,#6697,#6698,#6699
,#6700
    )),.UNSPECIFIED.,.F.,.F.,.F.) B_SPLINE_SURFACE_WITH_KNOTS((3,3),(12,
    12),(0.,0.531105042268),(0.,0.531105042268),
.PIECEWISE_BEZIER_KNOTS.) GEOMETRIC_REPRESENTATION_ITEM() 
RATIONAL_B_SPLINE_SURFACE((
    (1.,1.,1.,1.,0.999999999999,1.000000000001,0.999999999999
      ,1.000000000001,1.,1.,1.,1.)
    ,(0.999999999999,0.999999865112,0.986579304868,0.959461779703
      ,0.920164082888,0.870789772116,0.821247041486,0.766199289541
      ,0.741765255845,0.726505816732,0.71714869651,0.71095900119)
    ,(1.,1.,1.,1.,0.999999999999,1.000000000001,0.999999999999
,1.000000000001,1.,1.,1.,1.))) REPRESENTATION_ITEM('') SURFACE() );
#6665 = CARTESIAN_POINT('',(-5.45,-28.87987878671,-8.129878786711));
#6666 = CARTESIAN_POINT('',(-5.450000080936,-28.9111131067,
    -8.176730266699));
#6667 = CARTESIAN_POINT('',(-5.458044972848,-28.9425716022,
    -8.223911959319));
#6668 = CARTESIAN_POINT('',(-5.474359452541,-28.97287372524,
    -8.269446402709));
#6669 = CARTESIAN_POINT('',(-5.498267680553,-29.00124071659,
    -8.311944262473));
#6670 = CARTESIAN_POINT('',(-5.529688598274,-29.02485744765,
    -8.348060231155));
#6671 = CARTESIAN_POINT('',(-5.564202767994,-29.04572951483,
    -8.379015104574));
#6672 = CARTESIAN_POINT('',(-5.60455051869,-29.05838277373,
    -8.399451114484));
#6673 = CARTESIAN_POINT('',(-5.637794554441,-29.06714979065,
    -8.412173466307));
#6674 = CARTESIAN_POINT('',(-5.667159031962,-29.07322428257,
    -8.420428481673));
#6675 = CARTESIAN_POINT('',(-5.693238474816,-29.07699813581,
    -8.425565393883));
#6676 = CARTESIAN_POINT('',(-5.71864146102,-29.07878312572,
    -8.428235355321));
#6677 = CARTESIAN_POINT('',(-5.45,-28.87987921858,-8.129879218587));
#6678 = CARTESIAN_POINT('',(-5.450000053958,-28.91892169196,
    -8.168921691967));
#6679 = CARTESIAN_POINT('',(-5.455449985238,-28.95929280852,
    -8.209292808528));
#6680 = CARTESIAN_POINT('',(-5.466818308966,-28.99981839985,
    -8.249818399859));
#6681 = CARTESIAN_POINT('',(-5.484919365021,-29.03882679159,
    -8.288826791588));
#6682 = CARTESIAN_POINT('',(-5.507058974655,-29.07427081627,
    -8.324270816279));
#6683 = CARTESIAN_POINT('',(-5.53704945195,-29.10504479777,
    -8.355044797773));
#6684 = CARTESIAN_POINT('',(-5.563455798246,-29.12875119178,
    -8.378751191789));
#6685 = CARTESIAN_POINT('',(-5.597204248112,-29.14831224731,
    -8.398312247309));
#6686 = CARTESIAN_POINT('',(-5.632879921516,-29.16258667157,
    -8.412586671577));
#6687 = CARTESIAN_POINT('',(-5.669903047703,-29.17223255851,
    -8.42223255851));
#6688 = CARTESIAN_POINT('',(-5.708327695903,-29.17715133492,
    -8.427151334926));
#6689 = CARTESIAN_POINT('',(-5.45,-28.87987878671,-8.129878786711));
#6690 = CARTESIAN_POINT('',(-5.450000080936,-28.92673026669,
    -8.161113106703));
#6691 = CARTESIAN_POINT('',(-5.458044972848,-28.97391195931,
    -8.192571602204));
#6692 = CARTESIAN_POINT('',(-5.474359452541,-29.0194464027,
    -8.222873725241));
#6693 = CARTESIAN_POINT('',(-5.498267680553,-29.06194426247,
    -8.251240716594));
#6694 = CARTESIAN_POINT('',(-5.529688598273,-29.09806023115,
    -8.274857447662));
#6695 = CARTESIAN_POINT('',(-5.564202767995,-29.12901510457,
    -8.295729514831));
#6696 = CARTESIAN_POINT('',(-5.60455051869,-29.14945111448,
    -8.308382773736));
#6697 = CARTESIAN_POINT('',(-5.637794554442,-29.1621734663,
    -8.317149790655));
#6698 = CARTESIAN_POINT('',(-5.667159031962,-29.17042848167,
    -8.323224282573));
#6699 = CARTESIAN_POINT('',(-5.693238474816,-29.17556539388,
    -8.326998135815));
#6700 = CARTESIAN_POINT('',(-5.71864146102,-29.17823535532,
    -8.328783125721));
#6701 = DEFINITIONAL_REPRESENTATION('',(#6702),#6706);
#6702 = LINE('',#6703,#6704);
#6703 = CARTESIAN_POINT('',(0.,0.531105042268));
#6704 = VECTOR('',#6705,1.);
#6705 = DIRECTION('',(1.,0.));
#6706 = ( GEOMETRIC_REPRESENTATION_CONTEXT(2) 
PARAMETRIC_REPRESENTATION_CONTEXT() REPRESENTATION_CONTEXT('2D SPACE',''
  ) );
#6707 = ORIENTED_EDGE('',*,*,#6599,.T.);
#6708 = ORIENTED_EDGE('',*,*,#4831,.F.);
#6709 = ADVANCED_FACE('',(#6710),#5213,.F.);
#6710 = FACE_BOUND('',#6711,.F.);
#6711 = EDGE_LOOP('',(#6712,#6713,#6714));
#6712 = ORIENTED_EDGE('',*,*,#5386,.T.);
#6713 = ORIENTED_EDGE('',*,*,#5490,.F.);
#6714 = ORIENTED_EDGE('',*,*,#5175,.F.);
#6715 = ADVANCED_FACE('',(#6716),#5307,.F.);
#6716 = FACE_BOUND('',#6717,.F.);
#6717 = EDGE_LOOP('',(#6718,#6719,#6720));
#6718 = ORIENTED_EDGE('',*,*,#5261,.T.);
#6719 = ORIENTED_EDGE('',*,*,#6428,.F.);
#6720 = ORIENTED_EDGE('',*,*,#5432,.F.);
#6721 = ADVANCED_FACE('',(#6722),#5374,.T.);
#6722 = FACE_BOUND('',#6723,.T.);
#6723 = EDGE_LOOP('',(#6724,#6725,#6726,#6727));
#6724 = ORIENTED_EDGE('',*,*,#5356,.T.);
#6725 = ORIENTED_EDGE('',*,*,#5514,.T.);
#6726 = ORIENTED_EDGE('',*,*,#5566,.F.);
#6727 = ORIENTED_EDGE('',*,*,#6407,.F.);
#6728 = ADVANCED_FACE('',(#6729),#5903,.T.);
#6729 = FACE_BOUND('',#6730,.T.);
#6730 = EDGE_LOOP('',(#6731,#6757,#6758,#6759));
#6731 = ORIENTED_EDGE('',*,*,#6732,.T.);
#6732 = EDGE_CURVE('',#6459,#6025,#6733,.T.);
#6733 = SURFACE_CURVE('',#6734,(#6738,#6745),.PCURVE_S1.);
#6734 = LINE('',#6735,#6736);
#6735 = CARTESIAN_POINT('',(-5.71864146102,-29.15,-7.771764644679));
#6736 = VECTOR('',#6737,1.);
#6737 = DIRECTION('',(1.224646799147E-16,1.,0.));
#6738 = PCURVE('',#5903,#6739);
#6739 = DEFINITIONAL_REPRESENTATION('',(#6740),#6744);
#6740 = LINE('',#6741,#6742);
#6741 = CARTESIAN_POINT('',(0.5,-2.121571845087));
#6742 = VECTOR('',#6743,1.);
#6743 = DIRECTION('',(1.,-1.045284632677E-18));
#6744 = ( GEOMETRIC_REPRESENTATION_CONTEXT(2) 
PARAMETRIC_REPRESENTATION_CONTEXT() REPRESENTATION_CONTEXT('2D SPACE',''
  ) );
#6745 = PCURVE('',#6746,#6751);
#6746 = CYLINDRICAL_SURFACE('',#6747,0.3);
#6747 = AXIS2_PLACEMENT_3D('',#6748,#6749,#6750);
#6748 = CARTESIAN_POINT('',(-5.75,-29.15,-8.070121213289));
#6749 = DIRECTION('',(1.224646799147E-16,1.,0.));
#6750 = DIRECTION('',(0.104528463268,-1.280104479605E-17,0.994521895368)
  );
#6751 = DEFINITIONAL_REPRESENTATION('',(#6752),#6756);
#6752 = LINE('',#6753,#6754);
#6753 = CARTESIAN_POINT('',(0.,0.));
#6754 = VECTOR('',#6755,1.);
#6755 = DIRECTION('',(0.,1.));
#6756 = ( GEOMETRIC_REPRESENTATION_CONTEXT(2) 
PARAMETRIC_REPRESENTATION_CONTEXT() REPRESENTATION_CONTEXT('2D SPACE',''
  ) );
#6757 = ORIENTED_EDGE('',*,*,#6087,.T.);
#6758 = ORIENTED_EDGE('',*,*,#5885,.F.);
#6759 = ORIENTED_EDGE('',*,*,#6458,.F.);
#6760 = ADVANCED_FACE('',(#6761),#6043,.F.);
#6761 = FACE_BOUND('',#6762,.F.);
#6762 = EDGE_LOOP('',(#6763,#6810,#6811));
#6763 = ORIENTED_EDGE('',*,*,#6764,.T.);
#6764 = EDGE_CURVE('',#6765,#6025,#6767,.T.);
#6765 = VERTEX_POINT('',#6766);
#6766 = CARTESIAN_POINT('',(-5.45,-23.02012121328,-8.070121213289));
#6767 = SURFACE_CURVE('',#6768,(#6781,#6788),.PCURVE_S1.);
#6768 = ( BOUNDED_CURVE() B_SPLINE_CURVE(11,(#6769,#6770,#6771,#6772,
    #6773,#6774,#6775,#6776,#6777,#6778,#6779,#6780),.UNSPECIFIED.,.F.,
.F.) B_SPLINE_CURVE_WITH_KNOTS((12,12),(0.,0.531105652806),
.PIECEWISE_BEZIER_KNOTS.) CURVE() GEOMETRIC_REPRESENTATION_ITEM() 
RATIONAL_B_SPLINE_CURVE((1.,1.,1.,0.999999999999,1.000000000001,
    0.999999999999,1.000000000001,0.999999999999,1.,1.,1.,1.)) 
REPRESENTATION_ITEM('') );
#6769 = CARTESIAN_POINT('',(-5.45,-23.02012121328,-8.070121213289));
#6770 = CARTESIAN_POINT('',(-5.45,-22.9888872074,-8.023270204459));
#6771 = CARTESIAN_POINT('',(-5.458044826482,-22.9574286694,
    -7.976088448465));
#6772 = CARTESIAN_POINT('',(-5.474359262179,-22.92712649709,
    -7.930553931348));
#6773 = CARTESIAN_POINT('',(-5.498267464315,-22.89875945036,
    -7.888055990725));
#6774 = CARTESIAN_POINT('',(-5.529688392519,-22.87514267125,
    -7.851939947351));
#6775 = CARTESIAN_POINT('',(-5.564202570609,-22.85427055201,
    -7.820985000762));
#6776 = CARTESIAN_POINT('',(-5.604550384801,-22.84161725974,
    -7.800548935489));
#6777 = CARTESIAN_POINT('',(-5.637794464243,-22.83285022836,
    -7.787826560083));
#6778 = CARTESIAN_POINT('',(-5.667158977264,-22.82677572502,
    -7.779571529024));
#6779 = CARTESIAN_POINT('',(-5.693238447964,-22.82300186608,
    -7.77443460894));
#6780 = CARTESIAN_POINT('',(-5.71864146102,-22.82121687428,
    -7.771764644679));
#6781 = PCURVE('',#6043,#6782);
#6782 = DEFINITIONAL_REPRESENTATION('',(#6783),#6787);
#6783 = LINE('',#6784,#6785);
#6784 = CARTESIAN_POINT('',(0.531105652806,0.));
#6785 = VECTOR('',#6786,1.);
#6786 = DIRECTION('',(0.,1.));
#6787 = ( GEOMETRIC_REPRESENTATION_CONTEXT(2) 
PARAMETRIC_REPRESENTATION_CONTEXT() REPRESENTATION_CONTEXT('2D SPACE',''
  ) );
#6788 = PCURVE('',#6746,#6789);
#6789 = DEFINITIONAL_REPRESENTATION('',(#6790),#6809);
#6790 = B_SPLINE_CURVE_WITH_KNOTS('',9,(#6791,#6792,#6793,#6794,#6795,
    #6796,#6797,#6798,#6799,#6800,#6801,#6802,#6803,#6804,#6805,#6806,
    #6807,#6808),.UNSPECIFIED.,.F.,.F.,(10,8,10),(0.,0.265552826403,
    0.531105652806),.UNSPECIFIED.);
#6791 = CARTESIAN_POINT('',(1.466076571675,6.129878786711));
#6792 = CARTESIAN_POINT('',(1.370639331464,6.148966234753));
#6793 = CARTESIAN_POINT('',(1.274790508132,6.168138879825));
#6794 = CARTESIAN_POINT('',(1.17882993297,6.187064442863));
#6795 = CARTESIAN_POINT('',(1.082939560408,6.205469669826));
#6796 = CARTESIAN_POINT('',(0.987473691205,6.223001105372));
#6797 = CARTESIAN_POINT('',(0.892820335468,6.239348803785));
#6798 = CARTESIAN_POINT('',(0.799495097977,6.254275391043));
#6799 = CARTESIAN_POINT('',(0.708411527533,6.26754463281));
#6800 = CARTESIAN_POINT('',(0.532697334944,6.290646174733));
#6801 = CARTESIAN_POINT('',(0.44807299378,6.300476393195));
#6802 = CARTESIAN_POINT('',(0.367649536125,6.308510039882));
#6803 = CARTESIAN_POINT('',(0.292634228328,6.314805482521));
#6804 = CARTESIAN_POINT('',(0.22379862952,6.319549242486));
#6805 = CARTESIAN_POINT('',(0.162018823651,6.323152456762));
#6806 = CARTESIAN_POINT('',(0.105250737708,6.32584245521));
#6807 = CARTESIAN_POINT('',(5.203191471942E-02,6.327692297398));
#6808 = CARTESIAN_POINT('',(7.33E-15,6.32878312572));
#6809 = ( GEOMETRIC_REPRESENTATION_CONTEXT(2) 
PARAMETRIC_REPRESENTATION_CONTEXT() REPRESENTATION_CONTEXT('2D SPACE',''
  ) );
#6810 = ORIENTED_EDGE('',*,*,#6024,.F.);
#6811 = ORIENTED_EDGE('',*,*,#6812,.F.);
#6812 = EDGE_CURVE('',#6765,#6002,#6813,.T.);
#6813 = SURFACE_CURVE('',#6814,(#6827,#6834),.PCURVE_S1.);
#6814 = ( BOUNDED_CURVE() B_SPLINE_CURVE(11,(#6815,#6816,#6817,#6818,
    #6819,#6820,#6821,#6822,#6823,#6824,#6825,#6826),.UNSPECIFIED.,.F.,
.F.) B_SPLINE_CURVE_WITH_KNOTS((12,12),(0.,0.531105652806),
.PIECEWISE_BEZIER_KNOTS.) CURVE() GEOMETRIC_REPRESENTATION_ITEM() 
RATIONAL_B_SPLINE_CURVE((1.,1.,1.,0.999999999999,1.000000000001,
    0.999999999999,1.000000000001,0.999999999999,1.,1.,1.,1.)) 
REPRESENTATION_ITEM('') );
#6815 = CARTESIAN_POINT('',(-5.45,-23.02012121328,-8.070121213289));
#6816 = CARTESIAN_POINT('',(-5.45,-22.97327020445,-8.038887207402));
#6817 = CARTESIAN_POINT('',(-5.458044826482,-22.92608844846,
    -8.007428669408));
#6818 = CARTESIAN_POINT('',(-5.474359262178,-22.88055393134,
    -7.977126497094));
#6819 = CARTESIAN_POINT('',(-5.498267464316,-22.83805599072,
    -7.948759450366));
#6820 = CARTESIAN_POINT('',(-5.529688392517,-22.80193994735,
    -7.925142671257));
#6821 = CARTESIAN_POINT('',(-5.564202570611,-22.77098500076,
    -7.904270552017));
#6822 = CARTESIAN_POINT('',(-5.604550384799,-22.75054893549,
    -7.891617259745));
#6823 = CARTESIAN_POINT('',(-5.637794464243,-22.73782656008,
    -7.882850228368));
#6824 = CARTESIAN_POINT('',(-5.667158977264,-22.72957152902,
    -7.876775725021));
#6825 = CARTESIAN_POINT('',(-5.693238447964,-22.72443460894,
    -7.87300186608));
#6826 = CARTESIAN_POINT('',(-5.71864146102,-22.72176464467,
    -7.87121687428));
#6827 = PCURVE('',#6043,#6828);
#6828 = DEFINITIONAL_REPRESENTATION('',(#6829),#6833);
#6829 = LINE('',#6830,#6831);
#6830 = CARTESIAN_POINT('',(0.,0.));
#6831 = VECTOR('',#6832,1.);
#6832 = DIRECTION('',(0.,1.));
#6833 = ( GEOMETRIC_REPRESENTATION_CONTEXT(2) 
PARAMETRIC_REPRESENTATION_CONTEXT() REPRESENTATION_CONTEXT('2D SPACE',''
  ) );
#6834 = PCURVE('',#6155,#6835);
#6835 = DEFINITIONAL_REPRESENTATION('',(#6836),#6855);
#6836 = B_SPLINE_CURVE_WITH_KNOTS('',9,(#6837,#6838,#6839,#6840,#6841,
    #6842,#6843,#6844,#6845,#6846,#6847,#6848,#6849,#6850,#6851,#6852,
    #6853,#6854),.UNSPECIFIED.,.F.,.F.,(10,8,10),(0.,0.265552826403,
    0.531105652806),.UNSPECIFIED.);
#6837 = CARTESIAN_POINT('',(-1.466076571675,0.329878786711));
#6838 = CARTESIAN_POINT('',(-1.370639331464,0.348966234753));
#6839 = CARTESIAN_POINT('',(-1.274790508131,0.368138879824));
#6840 = CARTESIAN_POINT('',(-1.178829932971,0.387064442864));
#6841 = CARTESIAN_POINT('',(-1.082939560408,0.405469669826));
#6842 = CARTESIAN_POINT('',(-0.987473691205,0.423001105373));
#6843 = CARTESIAN_POINT('',(-0.892820335469,0.439348803785));
#6844 = CARTESIAN_POINT('',(-0.799495097977,0.454275391043));
#6845 = CARTESIAN_POINT('',(-0.708411527533,0.46754463281));
#6846 = CARTESIAN_POINT('',(-0.532697334944,0.490646174733));
#6847 = CARTESIAN_POINT('',(-0.44807299378,0.500476393195));
#6848 = CARTESIAN_POINT('',(-0.367649536125,0.508510039883));
#6849 = CARTESIAN_POINT('',(-0.292634228329,0.51480548252));
#6850 = CARTESIAN_POINT('',(-0.223798629519,0.519549242487));
#6851 = CARTESIAN_POINT('',(-0.162018823651,0.523152456761));
#6852 = CARTESIAN_POINT('',(-0.105250737708,0.52584245521));
#6853 = CARTESIAN_POINT('',(-5.203191471941E-02,0.527692297398));
#6854 = CARTESIAN_POINT('',(-1.477E-14,0.52878312572));
#6855 = ( GEOMETRIC_REPRESENTATION_CONTEXT(2) 
PARAMETRIC_REPRESENTATION_CONTEXT() REPRESENTATION_CONTEXT('2D SPACE',''
  ) );
#6856 = ADVANCED_FACE('',(#6857),#6155,.T.);
#6857 = FACE_BOUND('',#6858,.F.);
#6858 = EDGE_LOOP('',(#6859,#6860,#6915,#6941));
#6859 = ORIENTED_EDGE('',*,*,#6139,.F.);
#6860 = ORIENTED_EDGE('',*,*,#6861,.F.);
#6861 = EDGE_CURVE('',#6862,#6140,#6864,.T.);
#6862 = VERTEX_POINT('',#6863);
#6863 = CARTESIAN_POINT('',(-5.45,-23.02012121328,-8.129878786711));
#6864 = SURFACE_CURVE('',#6865,(#6878,#6908),.PCURVE_S1.);
#6865 = ( BOUNDED_CURVE() B_SPLINE_CURVE(11,(#6866,#6867,#6868,#6869,
    #6870,#6871,#6872,#6873,#6874,#6875,#6876,#6877),.UNSPECIFIED.,.F.,
.F.) B_SPLINE_CURVE_WITH_KNOTS((12,12),(0.,0.531104483128),
.PIECEWISE_BEZIER_KNOTS.) CURVE() GEOMETRIC_REPRESENTATION_ITEM() 
RATIONAL_B_SPLINE_CURVE((1.,1.,1.,0.999999999999,1.000000000001,
    0.999999999999,1.000000000001,0.999999999999,1.,1.,1.,1.)) 
REPRESENTATION_ITEM('') );
#6866 = CARTESIAN_POINT('',(-5.45,-23.02012121328,-8.129878786711));
#6867 = CARTESIAN_POINT('',(-5.450000155059,-22.9732693018,
    -8.161113394365));
#6868 = CARTESIAN_POINT('',(-5.458045106893,-22.92608766722,
    -8.19257185095));
#6869 = CARTESIAN_POINT('',(-5.474359626878,-22.88055329135,
    -8.222873928858));
#6870 = CARTESIAN_POINT('',(-5.498267878587,-22.83805550564,
    -8.2512408695));
#6871 = CARTESIAN_POINT('',(-5.529688786706,-22.80193960537,
    -8.274857556567));
#6872 = CARTESIAN_POINT('',(-5.564202948763,-22.77098479895,
    -8.295729576054));
#6873 = CARTESIAN_POINT('',(-5.604550641307,-22.75054883975,
    -8.308382804398));
#6874 = CARTESIAN_POINT('',(-5.637794637047,-22.73782650952,
    -8.317149808077));
#6875 = CARTESIAN_POINT('',(-5.667159082054,-22.72957150853,
    -8.323224289528));
#6876 = CARTESIAN_POINT('',(-5.693238499407,-22.72443460353,
    -8.32699813755));
#6877 = CARTESIAN_POINT('',(-5.71864146102,-22.72176464467,
    -8.328783125721));
#6878 = PCURVE('',#6155,#6879);
#6879 = DEFINITIONAL_REPRESENTATION('',(#6880),#6907);
#6880 = B_SPLINE_CURVE_WITH_KNOTS('',9,(#6881,#6882,#6883,#6884,#6885,
    #6886,#6887,#6888,#6889,#6890,#6891,#6892,#6893,#6894,#6895,#6896,
    #6897,#6898,#6899,#6900,#6901,#6902,#6903,#6904,#6905,#6906),
  .UNSPECIFIED.,.F.,.F.,(10,8,8,10),(0.,0.132776120782,0.265552241564,
    0.531104483128),.UNSPECIFIED.);
#6881 = CARTESIAN_POINT('',(-1.466073262091,0.270120551372));
#6882 = CARTESIAN_POINT('',(-1.418353722618,0.260576643478));
#6883 = CARTESIAN_POINT('',(-1.370559524376,0.251016361558));
#6884 = CARTESIAN_POINT('',(-1.322594320943,0.241457077443));
#6885 = CARTESIAN_POINT('',(-1.27479018604,0.231993930146));
#6886 = CARTESIAN_POINT('',(-1.226750835737,0.222580768568));
#6887 = CARTESIAN_POINT('',(-1.178927345955,0.213340426394));
#6888 = CARTESIAN_POINT('',(-1.131080973394,0.20425633155));
#6889 = CARTESIAN_POINT('',(-1.083386063311,0.195391846681));
#6890 = CARTESIAN_POINT('',(-0.988340087516,0.178160020613));
#6891 = CARTESIAN_POINT('',(-0.940994602512,0.169793814061));
#6892 = CARTESIAN_POINT('',(-0.893880118861,0.161712772868));
#6893 = CARTESIAN_POINT('',(-0.84706183953,0.153951308768));
#6894 = CARTESIAN_POINT('',(-0.800616973609,0.146541481934));
#6895 = CARTESIAN_POINT('',(-0.754635037939,0.139511696567));
#6896 = CARTESIAN_POINT('',(-0.709218158728,0.132885396485));
#6897 = CARTESIAN_POINT('',(-0.664481373173,0.126679760708));
#6898 = CARTESIAN_POINT('',(-0.532696046896,0.10935367572));
#6899 = CARTESIAN_POINT('',(-0.448071916025,9.952349915376E-02));
#6900 = CARTESIAN_POINT('',(-0.367648679261,9.148988875748E-02));
#6901 = CARTESIAN_POINT('',(-0.292633550103,8.519447024239E-02));
#6902 = CARTESIAN_POINT('',(-0.22379815219,8.04507308906E-02));
#6903 = CARTESIAN_POINT('',(-0.162018480354,7.684752679664E-02));
#6904 = CARTESIAN_POINT('',(-0.105250524183,7.415753768704E-02));
#6905 = CARTESIAN_POINT('',(-5.203180935133E-02,7.230770038361E-02));
#6906 = CARTESIAN_POINT('',(-4.065E-14,7.121687427934E-02));
#6907 = ( GEOMETRIC_REPRESENTATION_CONTEXT(2) 
PARAMETRIC_REPRESENTATION_CONTEXT() REPRESENTATION_CONTEXT('2D SPACE',''
  ) );
#6908 = PCURVE('',#6310,#6909);
#6909 = DEFINITIONAL_REPRESENTATION('',(#6910),#6914);
#6910 = LINE('',#6911,#6912);
#6911 = CARTESIAN_POINT('',(0.,0.));
#6912 = VECTOR('',#6913,1.);
#6913 = DIRECTION('',(0.,1.));
#6914 = ( GEOMETRIC_REPRESENTATION_CONTEXT(2) 
PARAMETRIC_REPRESENTATION_CONTEXT() REPRESENTATION_CONTEXT('2D SPACE',''
  ) );
#6915 = ORIENTED_EDGE('',*,*,#6916,.T.);
#6916 = EDGE_CURVE('',#6862,#6765,#6917,.T.);
#6917 = SURFACE_CURVE('',#6918,(#6922,#6929),.PCURVE_S1.);
#6918 = LINE('',#6919,#6920);
#6919 = CARTESIAN_POINT('',(-5.45,-23.02012121328,-8.4));
#6920 = VECTOR('',#6921,1.);
#6921 = DIRECTION('',(0.,0.,1.));
#6922 = PCURVE('',#6155,#6923);
#6923 = DEFINITIONAL_REPRESENTATION('',(#6924),#6928);
#6924 = LINE('',#6925,#6926);
#6925 = CARTESIAN_POINT('',(-1.466076571675,0.));
#6926 = VECTOR('',#6927,1.);
#6927 = DIRECTION('',(-0.,1.));
#6928 = ( GEOMETRIC_REPRESENTATION_CONTEXT(2) 
PARAMETRIC_REPRESENTATION_CONTEXT() REPRESENTATION_CONTEXT('2D SPACE',''
  ) );
#6929 = PCURVE('',#6930,#6935);
#6930 = PLANE('',#6931);
#6931 = AXIS2_PLACEMENT_3D('',#6932,#6933,#6934);
#6932 = CARTESIAN_POINT('',(-5.45,-22.25,-10.1));
#6933 = DIRECTION('',(-1.,1.224646799147E-16,0.));
#6934 = DIRECTION('',(0.,0.,1.));
#6935 = DEFINITIONAL_REPRESENTATION('',(#6936),#6940);
#6936 = LINE('',#6937,#6938);
#6937 = CARTESIAN_POINT('',(1.7,-0.770121213289));
#6938 = VECTOR('',#6939,1.);
#6939 = DIRECTION('',(1.,0.));
#6940 = ( GEOMETRIC_REPRESENTATION_CONTEXT(2) 
PARAMETRIC_REPRESENTATION_CONTEXT() REPRESENTATION_CONTEXT('2D SPACE',''
  ) );
#6941 = ORIENTED_EDGE('',*,*,#6812,.T.);
#6942 = ADVANCED_FACE('',(#6943),#6211,.T.);
#6943 = FACE_BOUND('',#6944,.T.);
#6944 = EDGE_LOOP('',(#6945,#6971,#6972,#6973));
#6945 = ORIENTED_EDGE('',*,*,#6946,.T.);
#6946 = EDGE_CURVE('',#6292,#6625,#6947,.T.);
#6947 = SURFACE_CURVE('',#6948,(#6952,#6959),.PCURVE_S1.);
#6948 = LINE('',#6949,#6950);
#6949 = CARTESIAN_POINT('',(-5.71864146102,-22.75,-8.428235355321));
#6950 = VECTOR('',#6951,1.);
#6951 = DIRECTION('',(-1.224646799147E-16,-1.,0.));
#6952 = PCURVE('',#6211,#6953);
#6953 = DEFINITIONAL_REPRESENTATION('',(#6954),#6958);
#6954 = LINE('',#6955,#6956);
#6955 = CARTESIAN_POINT('',(0.5,-2.121571845087));
#6956 = VECTOR('',#6957,1.);
#6957 = DIRECTION('',(1.,-1.045284632677E-18));
#6958 = ( GEOMETRIC_REPRESENTATION_CONTEXT(2) 
PARAMETRIC_REPRESENTATION_CONTEXT() REPRESENTATION_CONTEXT('2D SPACE',''
  ) );
#6959 = PCURVE('',#6960,#6965);
#6960 = CYLINDRICAL_SURFACE('',#6961,0.3);
#6961 = AXIS2_PLACEMENT_3D('',#6962,#6963,#6964);
#6962 = CARTESIAN_POINT('',(-5.75,-22.75,-8.129878786711));
#6963 = DIRECTION('',(-1.224646799147E-16,-1.,0.));
#6964 = DIRECTION('',(0.104528463268,-1.280104479605E-17,-0.994521895368
    ));
#6965 = DEFINITIONAL_REPRESENTATION('',(#6966),#6970);
#6966 = LINE('',#6967,#6968);
#6967 = CARTESIAN_POINT('',(0.,0.));
#6968 = VECTOR('',#6969,1.);
#6969 = DIRECTION('',(0.,1.));
#6970 = ( GEOMETRIC_REPRESENTATION_CONTEXT(2) 
PARAMETRIC_REPRESENTATION_CONTEXT() REPRESENTATION_CONTEXT('2D SPACE',''
  ) );
#6971 = ORIENTED_EDGE('',*,*,#6624,.T.);
#6972 = ORIENTED_EDGE('',*,*,#6193,.F.);
#6973 = ORIENTED_EDGE('',*,*,#6354,.F.);
#6974 = ADVANCED_FACE('',(#6975),#6310,.T.);
#6975 = FACE_BOUND('',#6976,.T.);
#6976 = EDGE_LOOP('',(#6977,#7030,#7031));
#6977 = ORIENTED_EDGE('',*,*,#6978,.T.);
#6978 = EDGE_CURVE('',#6862,#6292,#6979,.T.);
#6979 = SURFACE_CURVE('',#6980,(#6993,#7000),.PCURVE_S1.);
#6980 = ( BOUNDED_CURVE() B_SPLINE_CURVE(11,(#6981,#6982,#6983,#6984,
    #6985,#6986,#6987,#6988,#6989,#6990,#6991,#6992),.UNSPECIFIED.,.F.,
.F.) B_SPLINE_CURVE_WITH_KNOTS((12,12),(0.,0.531104483128),
.PIECEWISE_BEZIER_KNOTS.) CURVE() GEOMETRIC_REPRESENTATION_ITEM() 
RATIONAL_B_SPLINE_CURVE((1.,1.,1.,0.999999999999,1.000000000001,
    0.999999999999,1.000000000001,0.999999999999,1.,1.,1.,1.)) 
REPRESENTATION_ITEM('') );
#6981 = CARTESIAN_POINT('',(-5.45,-23.02012121328,-8.129878786711));
#6982 = CARTESIAN_POINT('',(-5.450000155059,-22.98888660563,
    -8.176730698193));
#6983 = CARTESIAN_POINT('',(-5.458045106893,-22.95742814905,
    -8.223912332774));
#6984 = CARTESIAN_POINT('',(-5.474359626878,-22.92712607114,
    -8.269446708643));
#6985 = CARTESIAN_POINT('',(-5.498267878587,-22.89875913049,
    -8.311944494357));
#6986 = CARTESIAN_POINT('',(-5.529688786706,-22.87514244343,
    -8.348060394632));
#6987 = CARTESIAN_POINT('',(-5.564202948762,-22.85427042394,
    -8.379015201045));
#6988 = CARTESIAN_POINT('',(-5.604550641308,-22.8416171956,
    -8.399451160249));
#6989 = CARTESIAN_POINT('',(-5.637794637047,-22.83285019192,
    -8.412173490476));
#6990 = CARTESIAN_POINT('',(-5.667159082054,-22.82677571047,
    -8.420428491468));
#6991 = CARTESIAN_POINT('',(-5.693238499407,-22.82300186245,
    -8.425565396467));
#6992 = CARTESIAN_POINT('',(-5.71864146102,-22.82121687427,
    -8.428235355321));
#6993 = PCURVE('',#6310,#6994);
#6994 = DEFINITIONAL_REPRESENTATION('',(#6995),#6999);
#6995 = LINE('',#6996,#6997);
#6996 = CARTESIAN_POINT('',(0.531104483128,0.));
#6997 = VECTOR('',#6998,1.);
#6998 = DIRECTION('',(0.,1.));
#6999 = ( GEOMETRIC_REPRESENTATION_CONTEXT(2) 
PARAMETRIC_REPRESENTATION_CONTEXT() REPRESENTATION_CONTEXT('2D SPACE',''
  ) );
#7000 = PCURVE('',#6960,#7001);
#7001 = DEFINITIONAL_REPRESENTATION('',(#7002),#7029);
#7002 = B_SPLINE_CURVE_WITH_KNOTS('',9,(#7003,#7004,#7005,#7006,#7007,
    #7008,#7009,#7010,#7011,#7012,#7013,#7014,#7015,#7016,#7017,#7018,
    #7019,#7020,#7021,#7022,#7023,#7024,#7025,#7026,#7027,#7028),
  .UNSPECIFIED.,.F.,.F.,(10,8,8,10),(0.,0.132776120782,0.265552241564,
    0.531104483128),.UNSPECIFIED.);
#7003 = CARTESIAN_POINT('',(1.466073262091,0.270120551372));
#7004 = CARTESIAN_POINT('',(1.418353722618,0.260576643478));
#7005 = CARTESIAN_POINT('',(1.370559524376,0.251016361558));
#7006 = CARTESIAN_POINT('',(1.322594320943,0.241457077443));
#7007 = CARTESIAN_POINT('',(1.274790186039,0.231993930146));
#7008 = CARTESIAN_POINT('',(1.226750835738,0.222580768568));
#7009 = CARTESIAN_POINT('',(1.178927345955,0.213340426394));
#7010 = CARTESIAN_POINT('',(1.131080973394,0.20425633155));
#7011 = CARTESIAN_POINT('',(1.083386063311,0.195391846681));
#7012 = CARTESIAN_POINT('',(0.988340087516,0.178160020613));
#7013 = CARTESIAN_POINT('',(0.940994602512,0.169793814061));
#7014 = CARTESIAN_POINT('',(0.893880118861,0.161712772868));
#7015 = CARTESIAN_POINT('',(0.84706183953,0.153951308768));
#7016 = CARTESIAN_POINT('',(0.800616973609,0.146541481934));
#7017 = CARTESIAN_POINT('',(0.754635037939,0.139511696567));
#7018 = CARTESIAN_POINT('',(0.709218158728,0.132885396485));
#7019 = CARTESIAN_POINT('',(0.664481373173,0.126679760708));
#7020 = CARTESIAN_POINT('',(0.532696046896,0.10935367572));
#7021 = CARTESIAN_POINT('',(0.448071916025,9.952349915376E-02));
#7022 = CARTESIAN_POINT('',(0.367648679261,9.148988875746E-02));
#7023 = CARTESIAN_POINT('',(0.292633550102,8.519447024244E-02));
#7024 = CARTESIAN_POINT('',(0.223798152192,8.045073089053E-02));
#7025 = CARTESIAN_POINT('',(0.162018480354,7.684752679668E-02));
#7026 = CARTESIAN_POINT('',(0.105250524183,7.415753768705E-02));
#7027 = CARTESIAN_POINT('',(5.203180935137E-02,7.230770038362E-02));
#7028 = CARTESIAN_POINT('',(1.0904E-13,7.121687427935E-02));
#7029 = ( GEOMETRIC_REPRESENTATION_CONTEXT(2) 
PARAMETRIC_REPRESENTATION_CONTEXT() REPRESENTATION_CONTEXT('2D SPACE',''
  ) );
#7030 = ORIENTED_EDGE('',*,*,#6291,.F.);
#7031 = ORIENTED_EDGE('',*,*,#6861,.F.);
#7032 = ADVANCED_FACE('',(#7033),#6500,.F.);
#7033 = FACE_BOUND('',#7034,.F.);
#7034 = EDGE_LOOP('',(#7035,#7090,#7091));
#7035 = ORIENTED_EDGE('',*,*,#7036,.T.);
#7036 = EDGE_CURVE('',#7037,#6482,#7039,.T.);
#7037 = VERTEX_POINT('',#7038);
#7038 = CARTESIAN_POINT('',(-5.45,-28.87987878671,-8.070121213289));
#7039 = SURFACE_CURVE('',#7040,(#7053,#7060),.PCURVE_S1.);
#7040 = ( BOUNDED_CURVE() B_SPLINE_CURVE(11,(#7041,#7042,#7043,#7044,
    #7045,#7046,#7047,#7048,#7049,#7050,#7051,#7052),.UNSPECIFIED.,.F.,
.F.) B_SPLINE_CURVE_WITH_KNOTS((12,12),(0.,0.531104481487),
.PIECEWISE_BEZIER_KNOTS.) CURVE() GEOMETRIC_REPRESENTATION_ITEM() 
RATIONAL_B_SPLINE_CURVE((1.,1.,1.,1.000000000001,0.999999999999,
    1.000000000001,0.999999999999,1.000000000001,1.,1.,1.,1.)) 
REPRESENTATION_ITEM('') );
#7041 = CARTESIAN_POINT('',(-5.45,-28.87987878671,-8.070121213289));
#7042 = CARTESIAN_POINT('',(-5.450000155276,-28.92673069945,
    -8.038886604791));
#7043 = CARTESIAN_POINT('',(-5.458045107286,-28.97391233387,
    -8.00742814832));
#7044 = CARTESIAN_POINT('',(-5.474359627389,-29.01944670954,
    -7.977126070545));
#7045 = CARTESIAN_POINT('',(-5.49826787917,-29.06194449503,
    -7.948759130052));
#7046 = CARTESIAN_POINT('',(-5.529688787257,-29.09806039511,
    -7.925142443113));
#7047 = CARTESIAN_POINT('',(-5.564202949296,-29.12901520132,
    -7.904270423767));
#7048 = CARTESIAN_POINT('',(-5.604550641665,-29.14945116038,
    -7.891617195512));
#7049 = CARTESIAN_POINT('',(-5.63779463729,-29.16217349054,
    -7.882850191872));
#7050 = CARTESIAN_POINT('',(-5.667159082201,-29.17042849149,
    -7.876775710452));
#7051 = CARTESIAN_POINT('',(-5.693238499479,-29.17556539647,
    -7.873001862445));
#7052 = CARTESIAN_POINT('',(-5.71864146102,-29.17823535532,
    -7.871216874279));
#7053 = PCURVE('',#6500,#7054);
#7054 = DEFINITIONAL_REPRESENTATION('',(#7055),#7059);
#7055 = LINE('',#7056,#7057);
#7056 = CARTESIAN_POINT('',(0.531104481487,0.));
#7057 = VECTOR('',#7058,1.);
#7058 = DIRECTION('',(0.,1.));
#7059 = ( GEOMETRIC_REPRESENTATION_CONTEXT(2) 
PARAMETRIC_REPRESENTATION_CONTEXT() REPRESENTATION_CONTEXT('2D SPACE',''
  ) );
#7060 = PCURVE('',#6585,#7061);
#7061 = DEFINITIONAL_REPRESENTATION('',(#7062),#7089);
#7062 = B_SPLINE_CURVE_WITH_KNOTS('',9,(#7063,#7064,#7065,#7066,#7067,
    #7068,#7069,#7070,#7071,#7072,#7073,#7074,#7075,#7076,#7077,#7078,
    #7079,#7080,#7081,#7082,#7083,#7084,#7085,#7086,#7087,#7088),
  .UNSPECIFIED.,.F.,.F.,(10,8,8,10),(0.,0.132776120372,0.265552240743,
    0.531104481487),.UNSPECIFIED.);
#7063 = CARTESIAN_POINT('',(-3.31422728969E-06,0.329879449556));
#7064 = CARTESIAN_POINT('',(-4.772285498961E-02,0.339423357709));
#7065 = CARTESIAN_POINT('',(-9.551701391991E-02,0.348983631766));
#7066 = CARTESIAN_POINT('',(-0.143482328707,0.358542938148));
#7067 = CARTESIAN_POINT('',(-0.191286297904,0.368006052301));
#7068 = CARTESIAN_POINT('',(-0.239325806985,0.377419245624));
#7069 = CARTESIAN_POINT('',(-0.287149198788,0.386659568194));
#7070 = CARTESIAN_POINT('',(-0.334995608069,0.39574367037));
#7071 = CARTESIAN_POINT('',(-0.382690511662,0.40460815393));
#7072 = CARTESIAN_POINT('',(-0.477736487333,0.421839979949));
#7073 = CARTESIAN_POINT('',(-0.52508197224,0.43020618647));
#7074 = CARTESIAN_POINT('',(-0.572196455772,0.438287227627));
#7075 = CARTESIAN_POINT('',(-0.619014734973,0.446048691689));
#7076 = CARTESIAN_POINT('',(-0.665459600755,0.453458518486));
#7077 = CARTESIAN_POINT('',(-0.711441536283,0.460488303815));
#7078 = CARTESIAN_POINT('',(-0.756858415348,0.467114603861));
#7079 = CARTESIAN_POINT('',(-0.801595200756,0.473320239602));
#7080 = CARTESIAN_POINT('',(-0.933380526586,0.490646324489));
#7081 = CARTESIAN_POINT('',(-1.018004657162,0.500476500997));
#7082 = CARTESIAN_POINT('',(-1.098427893617,0.508510111343));
#7083 = CARTESIAN_POINT('',(-1.173443022524,0.514805529824));
#7084 = CARTESIAN_POINT('',(-1.242278420153,0.519549269147));
#7085 = CARTESIAN_POINT('',(-1.304058091804,0.523152473226));
#7086 = CARTESIAN_POINT('',(-1.360826047791,0.525842462323));
#7087 = CARTESIAN_POINT('',(-1.414044762472,0.527692299619));
#7088 = CARTESIAN_POINT('',(-1.466076571675,0.528783125721));
#7089 = ( GEOMETRIC_REPRESENTATION_CONTEXT(2) 
PARAMETRIC_REPRESENTATION_CONTEXT() REPRESENTATION_CONTEXT('2D SPACE',''
  ) );
#7090 = ORIENTED_EDGE('',*,*,#6481,.F.);
#7091 = ORIENTED_EDGE('',*,*,#7092,.F.);
#7092 = EDGE_CURVE('',#7037,#6459,#7093,.T.);
#7093 = SURFACE_CURVE('',#7094,(#7107,#7114),.PCURVE_S1.);
#7094 = ( BOUNDED_CURVE() B_SPLINE_CURVE(11,(#7095,#7096,#7097,#7098,
    #7099,#7100,#7101,#7102,#7103,#7104,#7105,#7106),.UNSPECIFIED.,.F.,
.F.) B_SPLINE_CURVE_WITH_KNOTS((12,12),(0.,0.531104481487),
.PIECEWISE_BEZIER_KNOTS.) CURVE() GEOMETRIC_REPRESENTATION_ITEM() 
RATIONAL_B_SPLINE_CURVE((1.,1.,1.,1.000000000001,0.999999999999,
    1.000000000001,0.999999999999,1.000000000001,1.,1.,1.,1.)) 
REPRESENTATION_ITEM('') );
#7095 = CARTESIAN_POINT('',(-5.45,-28.87987878671,-8.070121213289));
#7096 = CARTESIAN_POINT('',(-5.450000155276,-28.9111133952,
    -8.023269300541));
#7097 = CARTESIAN_POINT('',(-5.458045107286,-28.94257185168,
    -7.97608766613));
#7098 = CARTESIAN_POINT('',(-5.474359627389,-28.97287392945,
    -7.930553290459));
#7099 = CARTESIAN_POINT('',(-5.49826787917,-29.00124086995,
    -7.888055504963));
#7100 = CARTESIAN_POINT('',(-5.529688787257,-29.02485755688,
    -7.851939604888));
#7101 = CARTESIAN_POINT('',(-5.564202949295,-29.04572957623,
    -7.820984798672));
#7102 = CARTESIAN_POINT('',(-5.604550641666,-29.05838280448,
    -7.800548839617));
#7103 = CARTESIAN_POINT('',(-5.63779463729,-29.06714980812,
    -7.787826509453));
#7104 = CARTESIAN_POINT('',(-5.667159082201,-29.07322428954,
    -7.779571508503));
#7105 = CARTESIAN_POINT('',(-5.693238499479,-29.07699813755,
    -7.774434603525));
#7106 = CARTESIAN_POINT('',(-5.71864146102,-29.07878312572,
    -7.771764644679));
#7107 = PCURVE('',#6500,#7108);
#7108 = DEFINITIONAL_REPRESENTATION('',(#7109),#7113);
#7109 = LINE('',#7110,#7111);
#7110 = CARTESIAN_POINT('',(0.,0.));
#7111 = VECTOR('',#7112,1.);
#7112 = DIRECTION('',(0.,1.));
#7113 = ( GEOMETRIC_REPRESENTATION_CONTEXT(2) 
PARAMETRIC_REPRESENTATION_CONTEXT() REPRESENTATION_CONTEXT('2D SPACE',''
  ) );
#7114 = PCURVE('',#6746,#7115);
#7115 = DEFINITIONAL_REPRESENTATION('',(#7116),#7143);
#7116 = B_SPLINE_CURVE_WITH_KNOTS('',9,(#7117,#7118,#7119,#7120,#7121,
    #7122,#7123,#7124,#7125,#7126,#7127,#7128,#7129,#7130,#7131,#7132,
    #7133,#7134,#7135,#7136,#7137,#7138,#7139,#7140,#7141,#7142),
  .UNSPECIFIED.,.F.,.F.,(10,8,8,10),(0.,0.132776120372,0.265552240743,
    0.531104481487),.UNSPECIFIED.);
#7117 = CARTESIAN_POINT('',(1.466073257448,0.270120550444));
#7118 = CARTESIAN_POINT('',(1.418353716686,0.260576642292));
#7119 = CARTESIAN_POINT('',(1.370559557755,0.251016368234));
#7120 = CARTESIAN_POINT('',(1.322594242969,0.241457061852));
#7121 = CARTESIAN_POINT('',(1.274790273769,0.231993947699));
#7122 = CARTESIAN_POINT('',(1.226750764693,0.222580754376));
#7123 = CARTESIAN_POINT('',(1.178927372886,0.213340431806));
#7124 = CARTESIAN_POINT('',(1.131080963607,0.20425632963));
#7125 = CARTESIAN_POINT('',(1.083386060013,0.19539184607));
#7126 = CARTESIAN_POINT('',(0.988340084343,0.178160020051));
#7127 = CARTESIAN_POINT('',(0.940994599436,0.16979381353));
#7128 = CARTESIAN_POINT('',(0.893880115904,0.161712772374));
#7129 = CARTESIAN_POINT('',(0.847061836702,0.153951308311));
#7130 = CARTESIAN_POINT('',(0.80061697092,0.146541481514));
#7131 = CARTESIAN_POINT('',(0.754635035392,0.139511696185));
#7132 = CARTESIAN_POINT('',(0.709218156327,0.132885396139));
#7133 = CARTESIAN_POINT('',(0.66448137092,0.126679760398));
#7134 = CARTESIAN_POINT('',(0.532696045089,0.109353675511));
#7135 = CARTESIAN_POINT('',(0.448071914513,9.952349900281E-02));
#7136 = CARTESIAN_POINT('',(0.367648678059,9.14898886573E-02));
#7137 = CARTESIAN_POINT('',(0.292633549151,8.519447017626E-02));
#7138 = CARTESIAN_POINT('',(0.223798151523,8.045073085324E-02));
#7139 = CARTESIAN_POINT('',(0.162018479871,7.684752677359E-02));
#7140 = CARTESIAN_POINT('',(0.105250523884,7.415753767711E-02));
#7141 = CARTESIAN_POINT('',(5.203180920346E-02,7.230770038051E-02));
#7142 = CARTESIAN_POINT('',(1.955E-14,7.121687427936E-02));
#7143 = ( GEOMETRIC_REPRESENTATION_CONTEXT(2) 
PARAMETRIC_REPRESENTATION_CONTEXT() REPRESENTATION_CONTEXT('2D SPACE',''
  ) );
#7144 = ADVANCED_FACE('',(#7145),#6585,.T.);
#7145 = FACE_BOUND('',#7146,.F.);
#7146 = EDGE_LOOP('',(#7147,#7148,#7149,#7172));
#7147 = ORIENTED_EDGE('',*,*,#6569,.T.);
#7148 = ORIENTED_EDGE('',*,*,#7036,.F.);
#7149 = ORIENTED_EDGE('',*,*,#7150,.F.);
#7150 = EDGE_CURVE('',#7151,#7037,#7153,.T.);
#7151 = VERTEX_POINT('',#7152);
#7152 = CARTESIAN_POINT('',(-5.45,-28.87987878671,-8.129878786711));
#7153 = SURFACE_CURVE('',#7154,(#7158,#7165),.PCURVE_S1.);
#7154 = LINE('',#7155,#7156);
#7155 = CARTESIAN_POINT('',(-5.45,-28.87987878671,-8.4));
#7156 = VECTOR('',#7157,1.);
#7157 = DIRECTION('',(0.,0.,1.));
#7158 = PCURVE('',#6585,#7159);
#7159 = DEFINITIONAL_REPRESENTATION('',(#7160),#7164);
#7160 = LINE('',#7161,#7162);
#7161 = CARTESIAN_POINT('',(-0.,0.));
#7162 = VECTOR('',#7163,1.);
#7163 = DIRECTION('',(-0.,1.));
#7164 = ( GEOMETRIC_REPRESENTATION_CONTEXT(2) 
PARAMETRIC_REPRESENTATION_CONTEXT() REPRESENTATION_CONTEXT('2D SPACE',''
  ) );
#7165 = PCURVE('',#6930,#7166);
#7166 = DEFINITIONAL_REPRESENTATION('',(#7167),#7171);
#7167 = LINE('',#7168,#7169);
#7168 = CARTESIAN_POINT('',(1.7,-6.629878786711));
#7169 = VECTOR('',#7170,1.);
#7170 = DIRECTION('',(1.,0.));
#7171 = ( GEOMETRIC_REPRESENTATION_CONTEXT(2) 
PARAMETRIC_REPRESENTATION_CONTEXT() REPRESENTATION_CONTEXT('2D SPACE',''
  ) );
#7172 = ORIENTED_EDGE('',*,*,#7173,.T.);
#7173 = EDGE_CURVE('',#7151,#6570,#7174,.T.);
#7174 = SURFACE_CURVE('',#7175,(#7188,#7214),.PCURVE_S1.);
#7175 = ( BOUNDED_CURVE() B_SPLINE_CURVE(11,(#7176,#7177,#7178,#7179,
    #7180,#7181,#7182,#7183,#7184,#7185,#7186,#7187),.UNSPECIFIED.,.F.,
.F.) B_SPLINE_CURVE_WITH_KNOTS((12,12),(0.,0.531105042268),
.PIECEWISE_BEZIER_KNOTS.) CURVE() GEOMETRIC_REPRESENTATION_ITEM() 
RATIONAL_B_SPLINE_CURVE((1.,1.,1.,1.,0.999999999999,1.000000000001,
0.999999999999,1.000000000001,1.,1.,1.,1.)) REPRESENTATION_ITEM('') );
#7176 = CARTESIAN_POINT('',(-5.45,-28.87987878671,-8.129878786711));
#7177 = CARTESIAN_POINT('',(-5.450000080936,-28.92673026669,
    -8.161113106703));
#7178 = CARTESIAN_POINT('',(-5.458044972848,-28.97391195931,
    -8.192571602204));
#7179 = CARTESIAN_POINT('',(-5.474359452541,-29.0194464027,
    -8.222873725241));
#7180 = CARTESIAN_POINT('',(-5.498267680553,-29.06194426247,
    -8.251240716594));
#7181 = CARTESIAN_POINT('',(-5.529688598273,-29.09806023115,
    -8.274857447662));
#7182 = CARTESIAN_POINT('',(-5.564202767995,-29.12901510457,
    -8.295729514831));
#7183 = CARTESIAN_POINT('',(-5.60455051869,-29.14945111448,
    -8.308382773736));
#7184 = CARTESIAN_POINT('',(-5.637794554442,-29.1621734663,
    -8.317149790655));
#7185 = CARTESIAN_POINT('',(-5.667159031962,-29.17042848167,
    -8.323224282573));
#7186 = CARTESIAN_POINT('',(-5.693238474816,-29.17556539388,
    -8.326998135815));
#7187 = CARTESIAN_POINT('',(-5.71864146102,-29.17823535532,
    -8.328783125721));
#7188 = PCURVE('',#6585,#7189);
#7189 = DEFINITIONAL_REPRESENTATION('',(#7190),#7213);
#7190 = B_SPLINE_CURVE_WITH_KNOTS('',11,(#7191,#7192,#7193,#7194,#7195,
    #7196,#7197,#7198,#7199,#7200,#7201,#7202,#7203,#7204,#7205,#7206,
    #7207,#7208,#7209,#7210,#7211,#7212),.UNSPECIFIED.,.F.,.F.,(12,10,12
    ),(0.,0.265552521134,0.531105042268),.UNSPECIFIED.);
#7191 = CARTESIAN_POINT('',(-1.72750674321E-06,0.270120867788));
#7192 = CARTESIAN_POINT('',(-7.808752748765E-02,0.254503707792));
#7193 = CARTESIAN_POINT('',(-0.156420674936,0.238833290335));
#7194 = CARTESIAN_POINT('',(-0.234973145575,0.223264562017));
#7195 = CARTESIAN_POINT('',(-0.313278580227,0.207991089946));
#7196 = CARTESIAN_POINT('',(-0.391880402968,0.193065900809));
#7197 = CARTESIAN_POINT('',(-0.469659852254,0.178834454458));
#7198 = CARTESIAN_POINT('',(-0.54736248324,0.165251677446));
#7199 = CARTESIAN_POINT('',(-0.624018707545,0.152601521611));
#7200 = CARTESIAN_POINT('',(-0.69964814702,0.140931089825));
#7201 = CARTESIAN_POINT('',(-0.773639935274,0.130355103747));
#7202 = CARTESIAN_POINT('',(-0.917405911677,0.111453882862));
#7203 = CARTESIAN_POINT('',(-0.987172915322,0.103129450276));
#7204 = CARTESIAN_POINT('',(-1.054331065758,9.596989630387E-02));
#7205 = CARTESIAN_POINT('',(-1.118296200106,8.996260896933E-02));
#7206 = CARTESIAN_POINT('',(-1.178576883975,8.504536668458E-02));
#7207 = CARTESIAN_POINT('',(-1.234737554031,8.10893644984E-02));
#7208 = CARTESIAN_POINT('',(-1.286662175492,7.792985150619E-02));
#7209 = CARTESIAN_POINT('',(-1.334828705235,7.542609201264E-02));
#7210 = CARTESIAN_POINT('',(-1.380156644037,7.34986723498E-02));
#7211 = CARTESIAN_POINT('',(-1.423505050086,7.210936923244E-02));
#7212 = CARTESIAN_POINT('',(-1.466076571675,7.121687427949E-02));
#7213 = ( GEOMETRIC_REPRESENTATION_CONTEXT(2) 
PARAMETRIC_REPRESENTATION_CONTEXT() REPRESENTATION_CONTEXT('2D SPACE',''
  ) );
#7214 = PCURVE('',#6664,#7215);
#7215 = DEFINITIONAL_REPRESENTATION('',(#7216),#7220);
#7216 = LINE('',#7217,#7218);
#7217 = CARTESIAN_POINT('',(0.531105042268,0.));
#7218 = VECTOR('',#7219,1.);
#7219 = DIRECTION('',(0.,1.));
#7220 = ( GEOMETRIC_REPRESENTATION_CONTEXT(2) 
PARAMETRIC_REPRESENTATION_CONTEXT() REPRESENTATION_CONTEXT('2D SPACE',''
  ) );
#7221 = ADVANCED_FACE('',(#7222),#6664,.T.);
#7222 = FACE_BOUND('',#7223,.T.);
#7223 = EDGE_LOOP('',(#7224,#7225,#7226));
#7224 = ORIENTED_EDGE('',*,*,#7173,.T.);
#7225 = ORIENTED_EDGE('',*,*,#6647,.F.);
#7226 = ORIENTED_EDGE('',*,*,#7227,.F.);
#7227 = EDGE_CURVE('',#7151,#6625,#7228,.T.);
#7228 = SURFACE_CURVE('',#7229,(#7242,#7249),.PCURVE_S1.);
#7229 = ( BOUNDED_CURVE() B_SPLINE_CURVE(11,(#7230,#7231,#7232,#7233,
    #7234,#7235,#7236,#7237,#7238,#7239,#7240,#7241),.UNSPECIFIED.,.F.,
.F.) B_SPLINE_CURVE_WITH_KNOTS((12,12),(0.,0.531105042268),
.PIECEWISE_BEZIER_KNOTS.) CURVE() GEOMETRIC_REPRESENTATION_ITEM() 
RATIONAL_B_SPLINE_CURVE((1.,1.,1.,1.,0.999999999999,1.000000000001,
0.999999999999,1.000000000001,1.,1.,1.,1.)) REPRESENTATION_ITEM('') );
#7230 = CARTESIAN_POINT('',(-5.45,-28.87987878671,-8.129878786711));
#7231 = CARTESIAN_POINT('',(-5.450000080936,-28.9111131067,
    -8.176730266699));
#7232 = CARTESIAN_POINT('',(-5.458044972848,-28.9425716022,
    -8.223911959319));
#7233 = CARTESIAN_POINT('',(-5.474359452541,-28.97287372524,
    -8.269446402709));
#7234 = CARTESIAN_POINT('',(-5.498267680553,-29.00124071659,
    -8.311944262473));
#7235 = CARTESIAN_POINT('',(-5.529688598274,-29.02485744765,
    -8.348060231155));
#7236 = CARTESIAN_POINT('',(-5.564202767994,-29.04572951483,
    -8.379015104574));
#7237 = CARTESIAN_POINT('',(-5.60455051869,-29.05838277373,
    -8.399451114484));
#7238 = CARTESIAN_POINT('',(-5.637794554441,-29.06714979065,
    -8.412173466307));
#7239 = CARTESIAN_POINT('',(-5.667159031962,-29.07322428257,
    -8.420428481673));
#7240 = CARTESIAN_POINT('',(-5.693238474816,-29.07699813581,
    -8.425565393883));
#7241 = CARTESIAN_POINT('',(-5.71864146102,-29.07878312572,
    -8.428235355321));
#7242 = PCURVE('',#6664,#7243);
#7243 = DEFINITIONAL_REPRESENTATION('',(#7244),#7248);
#7244 = LINE('',#7245,#7246);
#7245 = CARTESIAN_POINT('',(0.,0.));
#7246 = VECTOR('',#7247,1.);
#7247 = DIRECTION('',(0.,1.));
#7248 = ( GEOMETRIC_REPRESENTATION_CONTEXT(2) 
PARAMETRIC_REPRESENTATION_CONTEXT() REPRESENTATION_CONTEXT('2D SPACE',''
  ) );
#7249 = PCURVE('',#6960,#7250);
#7250 = DEFINITIONAL_REPRESENTATION('',(#7251),#7274);
#7251 = B_SPLINE_CURVE_WITH_KNOTS('',11,(#7252,#7253,#7254,#7255,#7256,
    #7257,#7258,#7259,#7260,#7261,#7262,#7263,#7264,#7265,#7266,#7267,
    #7268,#7269,#7270,#7271,#7272,#7273),.UNSPECIFIED.,.F.,.F.,(12,10,12
    ),(0.,0.265552521134,0.531105042268),.UNSPECIFIED.);
#7252 = CARTESIAN_POINT('',(1.466074844168,6.129879132212));
#7253 = CARTESIAN_POINT('',(1.387989044188,6.145496292209));
#7254 = CARTESIAN_POINT('',(1.309655896739,6.161166709664));
#7255 = CARTESIAN_POINT('',(1.231103426099,6.176735437988));
#7256 = CARTESIAN_POINT('',(1.152797991451,6.192008910046));
#7257 = CARTESIAN_POINT('',(1.074196168703,6.206934099203));
#7258 = CARTESIAN_POINT('',(0.996416719425,6.22116554553));
#7259 = CARTESIAN_POINT('',(0.918714088433,6.234748322564));
#7260 = CARTESIAN_POINT('',(0.842057864131,6.247398478383));
#7261 = CARTESIAN_POINT('',(0.766428424655,6.259068910177));
#7262 = CARTESIAN_POINT('',(0.692436636401,6.269644896252));
#7263 = CARTESIAN_POINT('',(0.548670659999,6.288546117139));
#7264 = CARTESIAN_POINT('',(0.478903656352,6.296870549722));
#7265 = CARTESIAN_POINT('',(0.411745505918,6.304030103701));
#7266 = CARTESIAN_POINT('',(0.347780371567,6.310037391022));
#7267 = CARTESIAN_POINT('',(0.287499687703,6.314954633327));
#7268 = CARTESIAN_POINT('',(0.231339017642,6.31891063549));
#7269 = CARTESIAN_POINT('',(0.179414396184,6.322070148503));
#7270 = CARTESIAN_POINT('',(0.131247866439,6.324573907982));
#7271 = CARTESIAN_POINT('',(8.591992763834E-02,6.326501327652));
#7272 = CARTESIAN_POINT('',(4.257152158925E-02,6.327890630767));
#7273 = CARTESIAN_POINT('',(-1.649E-14,6.328783125721));
#7274 = ( GEOMETRIC_REPRESENTATION_CONTEXT(2) 
PARAMETRIC_REPRESENTATION_CONTEXT() REPRESENTATION_CONTEXT('2D SPACE',''
  ) );
#7275 = ADVANCED_FACE('',(#7276),#6746,.T.);
#7276 = FACE_BOUND('',#7277,.T.);
#7277 = EDGE_LOOP('',(#7278,#7279,#7280,#7301));
#7278 = ORIENTED_EDGE('',*,*,#6732,.F.);
#7279 = ORIENTED_EDGE('',*,*,#7092,.F.);
#7280 = ORIENTED_EDGE('',*,*,#7281,.T.);
#7281 = EDGE_CURVE('',#7037,#6765,#7282,.T.);
#7282 = SURFACE_CURVE('',#7283,(#7287,#7294),.PCURVE_S1.);
#7283 = LINE('',#7284,#7285);
#7284 = CARTESIAN_POINT('',(-5.45,-29.15,-8.070121213289));
#7285 = VECTOR('',#7286,1.);
#7286 = DIRECTION('',(1.224646799147E-16,1.,0.));
#7287 = PCURVE('',#6746,#7288);
#7288 = DEFINITIONAL_REPRESENTATION('',(#7289),#7293);
#7289 = LINE('',#7290,#7291);
#7290 = CARTESIAN_POINT('',(1.466076571675,0.));
#7291 = VECTOR('',#7292,1.);
#7292 = DIRECTION('',(0.,1.));
#7293 = ( GEOMETRIC_REPRESENTATION_CONTEXT(2) 
PARAMETRIC_REPRESENTATION_CONTEXT() REPRESENTATION_CONTEXT('2D SPACE',''
  ) );
#7294 = PCURVE('',#6930,#7295);
#7295 = DEFINITIONAL_REPRESENTATION('',(#7296),#7300);
#7296 = LINE('',#7297,#7298);
#7297 = CARTESIAN_POINT('',(2.029878786711,-6.9));
#7298 = VECTOR('',#7299,1.);
#7299 = DIRECTION('',(0.,1.));
#7300 = ( GEOMETRIC_REPRESENTATION_CONTEXT(2) 
PARAMETRIC_REPRESENTATION_CONTEXT() REPRESENTATION_CONTEXT('2D SPACE',''
  ) );
#7301 = ORIENTED_EDGE('',*,*,#6764,.T.);
#7302 = ADVANCED_FACE('',(#7303),#6930,.F.);
#7303 = FACE_BOUND('',#7304,.F.);
#7304 = EDGE_LOOP('',(#7305,#7326,#7327,#7328));
#7305 = ORIENTED_EDGE('',*,*,#7306,.T.);
#7306 = EDGE_CURVE('',#6862,#7151,#7307,.T.);
#7307 = SURFACE_CURVE('',#7308,(#7312,#7319),.PCURVE_S1.);
#7308 = LINE('',#7309,#7310);
#7309 = CARTESIAN_POINT('',(-5.45,-22.75,-8.129878786711));
#7310 = VECTOR('',#7311,1.);
#7311 = DIRECTION('',(-1.224646799147E-16,-1.,0.));
#7312 = PCURVE('',#6930,#7313);
#7313 = DEFINITIONAL_REPRESENTATION('',(#7314),#7318);
#7314 = LINE('',#7315,#7316);
#7315 = CARTESIAN_POINT('',(1.970121213289,-0.5));
#7316 = VECTOR('',#7317,1.);
#7317 = DIRECTION('',(0.,-1.));
#7318 = ( GEOMETRIC_REPRESENTATION_CONTEXT(2) 
PARAMETRIC_REPRESENTATION_CONTEXT() REPRESENTATION_CONTEXT('2D SPACE',''
  ) );
#7319 = PCURVE('',#6960,#7320);
#7320 = DEFINITIONAL_REPRESENTATION('',(#7321),#7325);
#7321 = LINE('',#7322,#7323);
#7322 = CARTESIAN_POINT('',(1.466076571675,0.));
#7323 = VECTOR('',#7324,1.);
#7324 = DIRECTION('',(0.,1.));
#7325 = ( GEOMETRIC_REPRESENTATION_CONTEXT(2) 
PARAMETRIC_REPRESENTATION_CONTEXT() REPRESENTATION_CONTEXT('2D SPACE',''
  ) );
#7326 = ORIENTED_EDGE('',*,*,#7150,.T.);
#7327 = ORIENTED_EDGE('',*,*,#7281,.T.);
#7328 = ORIENTED_EDGE('',*,*,#6916,.F.);
#7329 = ADVANCED_FACE('',(#7330),#6960,.T.);
#7330 = FACE_BOUND('',#7331,.T.);
#7331 = EDGE_LOOP('',(#7332,#7333,#7334,#7335));
#7332 = ORIENTED_EDGE('',*,*,#6946,.F.);
#7333 = ORIENTED_EDGE('',*,*,#6978,.F.);
#7334 = ORIENTED_EDGE('',*,*,#7306,.T.);
#7335 = ORIENTED_EDGE('',*,*,#7227,.T.);
#7336 = ( GEOMETRIC_REPRESENTATION_CONTEXT(3) 
GLOBAL_UNCERTAINTY_ASSIGNED_CONTEXT((#7340)) 
GLOBAL_UNIT_ASSIGNED_CONTEXT((#7337,#7338,#7339)) REPRESENTATION_CONTEXT
('Context #1','3D Context with UNIT and UNCERTAINTY') );
#7337 = ( LENGTH_UNIT() NAMED_UNIT(*) SI_UNIT(.MILLI.,.METRE.) );
#7338 = ( NAMED_UNIT(*) PLANE_ANGLE_UNIT() SI_UNIT($,.RADIAN.) );
#7339 = ( NAMED_UNIT(*) SI_UNIT($,.STERADIAN.) SOLID_ANGLE_UNIT() );
#7340 = UNCERTAINTY_MEASURE_WITH_UNIT(LENGTH_MEASURE(5.E-05),#7337,
  'distance_accuracy_value','confusion accuracy');
#7341 = CONTEXT_DEPENDENT_SHAPE_REPRESENTATION(#7342,#7344);
#7342 = ( REPRESENTATION_RELATIONSHIP('','',#3037,#10) 
REPRESENTATION_RELATIONSHIP_WITH_TRANSFORMATION(#7343) 
SHAPE_REPRESENTATION_RELATIONSHIP() );
#7343 = ITEM_DEFINED_TRANSFORMATION('','',#11,#19);
#7344 = PRODUCT_DEFINITION_SHAPE('Placement','Placement of an item',
  #7345);
#7345 = NEXT_ASSEMBLY_USAGE_OCCURRENCE('2','waistBracket','',#5,#3032,$
  );
#7346 = PRODUCT_RELATED_PRODUCT_CATEGORY('part',$,(#3034));
#7347 = SHAPE_DEFINITION_REPRESENTATION(#7348,#7354);
#7348 = PRODUCT_DEFINITION_SHAPE('','',#7349);
#7349 = PRODUCT_DEFINITION('design','',#7350,#7353);
#7350 = PRODUCT_DEFINITION_FORMATION('','',#7351);
#7351 = PRODUCT('Body012','Body012','',(#7352));
#7352 = PRODUCT_CONTEXT('',#2,'mechanical');
#7353 = PRODUCT_DEFINITION_CONTEXT('part definition',#2,'design');
#7354 = ADVANCED_BREP_SHAPE_REPRESENTATION('',(#11,#7355),#10094);
#7355 = MANIFOLD_SOLID_BREP('',#7356);
#7356 = CLOSED_SHELL('',(#7357,#7591,#7667,#7721,#7775,#7807,#7918,#8023
    ,#8128,#8319,#8390,#8439,#8488,#8515,#8616,#8670,#8833,#8884,#9047,
    #9102,#9129,#9136,#9163,#9170,#9174,#9268,#9331,#9394,#9426,#9520,
    #9583,#9646,#9678,#9754,#9803,#9852,#9879,#9955,#10004,#10053,#10080
    ,#10087));
#7357 = ADVANCED_FACE('',(#7358,#7477),#7372,.T.);
#7358 = FACE_BOUND('',#7359,.T.);
#7359 = EDGE_LOOP('',(#7360,#7395,#7423,#7451));
#7360 = ORIENTED_EDGE('',*,*,#7361,.F.);
#7361 = EDGE_CURVE('',#7362,#7364,#7366,.T.);
#7362 = VERTEX_POINT('',#7363);
#7363 = CARTESIAN_POINT('',(20.45,-5.55,-57.4));
#7364 = VERTEX_POINT('',#7365);
#7365 = CARTESIAN_POINT('',(20.45,-5.55,-48.6));
#7366 = SURFACE_CURVE('',#7367,(#7371,#7383),.PCURVE_S1.);
#7367 = LINE('',#7368,#7369);
#7368 = CARTESIAN_POINT('',(20.45,-5.55,-57.2));
#7369 = VECTOR('',#7370,1.);
#7370 = DIRECTION('',(0.,0.,1.));
#7371 = PCURVE('',#7372,#7377);
#7372 = PLANE('',#7373);
#7373 = AXIS2_PLACEMENT_3D('',#7374,#7375,#7376);
#7374 = CARTESIAN_POINT('',(20.45,-0.8,-53.));
#7375 = DIRECTION('',(-1.,1.224646799147E-16,0.));
#7376 = DIRECTION('',(0.,0.,1.));
#7377 = DEFINITIONAL_REPRESENTATION('',(#7378),#7382);
#7378 = LINE('',#7379,#7380);
#7379 = CARTESIAN_POINT('',(-4.2,-4.75));
#7380 = VECTOR('',#7381,1.);
#7381 = DIRECTION('',(1.,0.));
#7382 = ( GEOMETRIC_REPRESENTATION_CONTEXT(2) 
PARAMETRIC_REPRESENTATION_CONTEXT() REPRESENTATION_CONTEXT('2D SPACE',''
  ) );
#7383 = PCURVE('',#7384,#7389);
#7384 = PLANE('',#7385);
#7385 = AXIS2_PLACEMENT_3D('',#7386,#7387,#7388);
#7386 = CARTESIAN_POINT('',(20.55,-5.45,-57.2));
#7387 = DIRECTION('',(-0.707106781187,0.707106781187,0.));
#7388 = DIRECTION('',(0.,0.,1.));
#7389 = DEFINITIONAL_REPRESENTATION('',(#7390),#7394);
#7390 = LINE('',#7391,#7392);
#7391 = CARTESIAN_POINT('',(0.,-0.141421356237));
#7392 = VECTOR('',#7393,1.);
#7393 = DIRECTION('',(1.,0.));
#7394 = ( GEOMETRIC_REPRESENTATION_CONTEXT(2) 
PARAMETRIC_REPRESENTATION_CONTEXT() REPRESENTATION_CONTEXT('2D SPACE',''
  ) );
#7395 = ORIENTED_EDGE('',*,*,#7396,.F.);
#7396 = EDGE_CURVE('',#7397,#7362,#7399,.T.);
#7397 = VERTEX_POINT('',#7398);
#7398 = CARTESIAN_POINT('',(20.45,-2.15,-57.4));
#7399 = SURFACE_CURVE('',#7400,(#7404,#7411),.PCURVE_S1.);
#7400 = LINE('',#7401,#7402);
#7401 = CARTESIAN_POINT('',(20.45,-2.35,-57.4));
#7402 = VECTOR('',#7403,1.);
#7403 = DIRECTION('',(-1.224646799147E-16,-1.,0.));
#7404 = PCURVE('',#7372,#7405);
#7405 = DEFINITIONAL_REPRESENTATION('',(#7406),#7410);
#7406 = LINE('',#7407,#7408);
#7407 = CARTESIAN_POINT('',(-4.4,-1.55));
#7408 = VECTOR('',#7409,1.);
#7409 = DIRECTION('',(0.,-1.));
#7410 = ( GEOMETRIC_REPRESENTATION_CONTEXT(2) 
PARAMETRIC_REPRESENTATION_CONTEXT() REPRESENTATION_CONTEXT('2D SPACE',''
  ) );
#7411 = PCURVE('',#7412,#7417);
#7412 = PLANE('',#7413);
#7413 = AXIS2_PLACEMENT_3D('',#7414,#7415,#7416);
#7414 = CARTESIAN_POINT('',(20.55,-2.35,-57.3));
#7415 = DIRECTION('',(-0.707106781187,8.659560562355E-17,0.707106781187)
  );
#7416 = DIRECTION('',(-1.224646799147E-16,-1.,0.));
#7417 = DEFINITIONAL_REPRESENTATION('',(#7418),#7422);
#7418 = LINE('',#7419,#7420);
#7419 = CARTESIAN_POINT('',(1.224646799147E-17,-0.141421356237));
#7420 = VECTOR('',#7421,1.);
#7421 = DIRECTION('',(1.,0.));
#7422 = ( GEOMETRIC_REPRESENTATION_CONTEXT(2) 
PARAMETRIC_REPRESENTATION_CONTEXT() REPRESENTATION_CONTEXT('2D SPACE',''
  ) );
#7423 = ORIENTED_EDGE('',*,*,#7424,.F.);
#7424 = EDGE_CURVE('',#7425,#7397,#7427,.T.);
#7425 = VERTEX_POINT('',#7426);
#7426 = CARTESIAN_POINT('',(20.45,-2.15,-48.6));
#7427 = SURFACE_CURVE('',#7428,(#7432,#7439),.PCURVE_S1.);
#7428 = LINE('',#7429,#7430);
#7429 = CARTESIAN_POINT('',(20.45,-2.15,-48.8));
#7430 = VECTOR('',#7431,1.);
#7431 = DIRECTION('',(-0.,0.,-1.));
#7432 = PCURVE('',#7372,#7433);
#7433 = DEFINITIONAL_REPRESENTATION('',(#7434),#7438);
#7434 = LINE('',#7435,#7436);
#7435 = CARTESIAN_POINT('',(4.2,-1.35));
#7436 = VECTOR('',#7437,1.);
#7437 = DIRECTION('',(-1.,0.));
#7438 = ( GEOMETRIC_REPRESENTATION_CONTEXT(2) 
PARAMETRIC_REPRESENTATION_CONTEXT() REPRESENTATION_CONTEXT('2D SPACE',''
  ) );
#7439 = PCURVE('',#7440,#7445);
#7440 = PLANE('',#7441);
#7441 = AXIS2_PLACEMENT_3D('',#7442,#7443,#7444);
#7442 = CARTESIAN_POINT('',(20.55,-2.25,-48.8));
#7443 = DIRECTION('',(-0.707106781187,-0.707106781187,0.));
#7444 = DIRECTION('',(-0.,0.,-1.));
#7445 = DEFINITIONAL_REPRESENTATION('',(#7446),#7450);
#7446 = LINE('',#7447,#7448);
#7447 = CARTESIAN_POINT('',(0.,-0.141421356237));
#7448 = VECTOR('',#7449,1.);
#7449 = DIRECTION('',(1.,0.));
#7450 = ( GEOMETRIC_REPRESENTATION_CONTEXT(2) 
PARAMETRIC_REPRESENTATION_CONTEXT() REPRESENTATION_CONTEXT('2D SPACE',''
  ) );
#7451 = ORIENTED_EDGE('',*,*,#7452,.F.);
#7452 = EDGE_CURVE('',#7364,#7425,#7453,.T.);
#7453 = SURFACE_CURVE('',#7454,(#7458,#7465),.PCURVE_S1.);
#7454 = LINE('',#7455,#7456);
#7455 = CARTESIAN_POINT('',(20.45,-5.35,-48.6));
#7456 = VECTOR('',#7457,1.);
#7457 = DIRECTION('',(1.224646799147E-16,1.,0.));
#7458 = PCURVE('',#7372,#7459);
#7459 = DEFINITIONAL_REPRESENTATION('',(#7460),#7464);
#7460 = LINE('',#7461,#7462);
#7461 = CARTESIAN_POINT('',(4.4,-4.55));
#7462 = VECTOR('',#7463,1.);
#7463 = DIRECTION('',(0.,1.));
#7464 = ( GEOMETRIC_REPRESENTATION_CONTEXT(2) 
PARAMETRIC_REPRESENTATION_CONTEXT() REPRESENTATION_CONTEXT('2D SPACE',''
  ) );
#7465 = PCURVE('',#7466,#7471);
#7466 = PLANE('',#7467);
#7467 = AXIS2_PLACEMENT_3D('',#7468,#7469,#7470);
#7468 = CARTESIAN_POINT('',(20.55,-5.35,-48.7));
#7469 = DIRECTION('',(-0.707106781187,8.659560562355E-17,-0.707106781187
    ));
#7470 = DIRECTION('',(1.224646799147E-16,1.,0.));
#7471 = DEFINITIONAL_REPRESENTATION('',(#7472),#7476);
#7472 = LINE('',#7473,#7474);
#7473 = CARTESIAN_POINT('',(-1.224646799147E-17,-0.141421356237));
#7474 = VECTOR('',#7475,1.);
#7475 = DIRECTION('',(1.,0.));
#7476 = ( GEOMETRIC_REPRESENTATION_CONTEXT(2) 
PARAMETRIC_REPRESENTATION_CONTEXT() REPRESENTATION_CONTEXT('2D SPACE',''
  ) );
#7477 = FACE_BOUND('',#7478,.T.);
#7478 = EDGE_LOOP('',(#7479,#7509,#7537,#7565));
#7479 = ORIENTED_EDGE('',*,*,#7480,.F.);
#7480 = EDGE_CURVE('',#7481,#7483,#7485,.T.);
#7481 = VERTEX_POINT('',#7482);
#7482 = CARTESIAN_POINT('',(20.45,7.15,-59.1));
#7483 = VERTEX_POINT('',#7484);
#7484 = CARTESIAN_POINT('',(20.45,7.15,-46.9));
#7485 = SURFACE_CURVE('',#7486,(#7490,#7497),.PCURVE_S1.);
#7486 = LINE('',#7487,#7488);
#7487 = CARTESIAN_POINT('',(20.45,7.15,-59.1));
#7488 = VECTOR('',#7489,1.);
#7489 = DIRECTION('',(0.,0.,1.));
#7490 = PCURVE('',#7372,#7491);
#7491 = DEFINITIONAL_REPRESENTATION('',(#7492),#7496);
#7492 = LINE('',#7493,#7494);
#7493 = CARTESIAN_POINT('',(-6.1,7.95));
#7494 = VECTOR('',#7495,1.);
#7495 = DIRECTION('',(1.,0.));
#7496 = ( GEOMETRIC_REPRESENTATION_CONTEXT(2) 
PARAMETRIC_REPRESENTATION_CONTEXT() REPRESENTATION_CONTEXT('2D SPACE',''
  ) );
#7497 = PCURVE('',#7498,#7503);
#7498 = PLANE('',#7499);
#7499 = AXIS2_PLACEMENT_3D('',#7500,#7501,#7502);
#7500 = CARTESIAN_POINT('',(26.25,7.15,-59.1));
#7501 = DIRECTION('',(-1.224646799147E-16,-1.,0.));
#7502 = DIRECTION('',(-1.,1.224646799147E-16,0.));
#7503 = DEFINITIONAL_REPRESENTATION('',(#7504),#7508);
#7504 = LINE('',#7505,#7506);
#7505 = CARTESIAN_POINT('',(5.8,0.));
#7506 = VECTOR('',#7507,1.);
#7507 = DIRECTION('',(0.,-1.));
#7508 = ( GEOMETRIC_REPRESENTATION_CONTEXT(2) 
PARAMETRIC_REPRESENTATION_CONTEXT() REPRESENTATION_CONTEXT('2D SPACE',''
  ) );
#7509 = ORIENTED_EDGE('',*,*,#7510,.T.);
#7510 = EDGE_CURVE('',#7481,#7511,#7513,.T.);
#7511 = VERTEX_POINT('',#7512);
#7512 = CARTESIAN_POINT('',(20.45,-8.75,-59.1));
#7513 = SURFACE_CURVE('',#7514,(#7518,#7525),.PCURVE_S1.);
#7514 = LINE('',#7515,#7516);
#7515 = CARTESIAN_POINT('',(20.45,-29.65,-59.1));
#7516 = VECTOR('',#7517,1.);
#7517 = DIRECTION('',(-1.224646799147E-16,-1.,0.));
#7518 = PCURVE('',#7372,#7519);
#7519 = DEFINITIONAL_REPRESENTATION('',(#7520),#7524);
#7520 = LINE('',#7521,#7522);
#7521 = CARTESIAN_POINT('',(-6.1,-28.85));
#7522 = VECTOR('',#7523,1.);
#7523 = DIRECTION('',(0.,-1.));
#7524 = ( GEOMETRIC_REPRESENTATION_CONTEXT(2) 
PARAMETRIC_REPRESENTATION_CONTEXT() REPRESENTATION_CONTEXT('2D SPACE',''
  ) );
#7525 = PCURVE('',#7526,#7531);
#7526 = PLANE('',#7527);
#7527 = AXIS2_PLACEMENT_3D('',#7528,#7529,#7530);
#7528 = CARTESIAN_POINT('',(13.111214953271,-11.25,-59.1));
#7529 = DIRECTION('',(0.,0.,1.));
#7530 = DIRECTION('',(-1.,1.224646799147E-16,0.));
#7531 = DEFINITIONAL_REPRESENTATION('',(#7532),#7536);
#7532 = LINE('',#7533,#7534);
#7533 = CARTESIAN_POINT('',(-7.338785046729,18.4));
#7534 = VECTOR('',#7535,1.);
#7535 = DIRECTION('',(0.,1.));
#7536 = ( GEOMETRIC_REPRESENTATION_CONTEXT(2) 
PARAMETRIC_REPRESENTATION_CONTEXT() REPRESENTATION_CONTEXT('2D SPACE',''
  ) );
#7537 = ORIENTED_EDGE('',*,*,#7538,.F.);
#7538 = EDGE_CURVE('',#7539,#7511,#7541,.T.);
#7539 = VERTEX_POINT('',#7540);
#7540 = CARTESIAN_POINT('',(20.45,-8.75,-46.9));
#7541 = SURFACE_CURVE('',#7542,(#7546,#7553),.PCURVE_S1.);
#7542 = LINE('',#7543,#7544);
#7543 = CARTESIAN_POINT('',(20.45,-8.75,-47.95));
#7544 = VECTOR('',#7545,1.);
#7545 = DIRECTION('',(0.,0.,-1.));
#7546 = PCURVE('',#7372,#7547);
#7547 = DEFINITIONAL_REPRESENTATION('',(#7548),#7552);
#7548 = LINE('',#7549,#7550);
#7549 = CARTESIAN_POINT('',(5.05,-7.95));
#7550 = VECTOR('',#7551,1.);
#7551 = DIRECTION('',(-1.,0.));
#7552 = ( GEOMETRIC_REPRESENTATION_CONTEXT(2) 
PARAMETRIC_REPRESENTATION_CONTEXT() REPRESENTATION_CONTEXT('2D SPACE',''
  ) );
#7553 = PCURVE('',#7554,#7559);
#7554 = PLANE('',#7555);
#7555 = AXIS2_PLACEMENT_3D('',#7556,#7557,#7558);
#7556 = CARTESIAN_POINT('',(12.844612483355,-8.75,-53.));
#7557 = DIRECTION('',(-1.224646799147E-16,-1.,0.));
#7558 = DIRECTION('',(0.,0.,1.));
#7559 = DEFINITIONAL_REPRESENTATION('',(#7560),#7564);
#7560 = LINE('',#7561,#7562);
#7561 = CARTESIAN_POINT('',(5.05,-7.605387516645));
#7562 = VECTOR('',#7563,1.);
#7563 = DIRECTION('',(-1.,0.));
#7564 = ( GEOMETRIC_REPRESENTATION_CONTEXT(2) 
PARAMETRIC_REPRESENTATION_CONTEXT() REPRESENTATION_CONTEXT('2D SPACE',''
  ) );
#7565 = ORIENTED_EDGE('',*,*,#7566,.T.);
#7566 = EDGE_CURVE('',#7539,#7483,#7567,.T.);
#7567 = SURFACE_CURVE('',#7568,(#7572,#7579),.PCURVE_S1.);
#7568 = LINE('',#7569,#7570);
#7569 = CARTESIAN_POINT('',(20.45,7.15,-46.9));
#7570 = VECTOR('',#7571,1.);
#7571 = DIRECTION('',(1.224646799147E-16,1.,0.));
#7572 = PCURVE('',#7372,#7573);
#7573 = DEFINITIONAL_REPRESENTATION('',(#7574),#7578);
#7574 = LINE('',#7575,#7576);
#7575 = CARTESIAN_POINT('',(6.1,7.95));
#7576 = VECTOR('',#7577,1.);
#7577 = DIRECTION('',(0.,1.));
#7578 = ( GEOMETRIC_REPRESENTATION_CONTEXT(2) 
PARAMETRIC_REPRESENTATION_CONTEXT() REPRESENTATION_CONTEXT('2D SPACE',''
  ) );
#7579 = PCURVE('',#7580,#7585);
#7580 = PLANE('',#7581);
#7581 = AXIS2_PLACEMENT_3D('',#7582,#7583,#7584);
#7582 = CARTESIAN_POINT('',(13.111214953271,-11.25,-46.9));
#7583 = DIRECTION('',(0.,0.,-1.));
#7584 = DIRECTION('',(1.,-1.224646799147E-16,0.));
#7585 = DEFINITIONAL_REPRESENTATION('',(#7586),#7590);
#7586 = LINE('',#7587,#7588);
#7587 = CARTESIAN_POINT('',(7.338785046729,-18.4));
#7588 = VECTOR('',#7589,1.);
#7589 = DIRECTION('',(0.,-1.));
#7590 = ( GEOMETRIC_REPRESENTATION_CONTEXT(2) 
PARAMETRIC_REPRESENTATION_CONTEXT() REPRESENTATION_CONTEXT('2D SPACE',''
  ) );
#7591 = ADVANCED_FACE('',(#7592),#7384,.T.);
#7592 = FACE_BOUND('',#7593,.T.);
#7593 = EDGE_LOOP('',(#7594,#7617,#7618,#7641));
#7594 = ORIENTED_EDGE('',*,*,#7595,.F.);
#7595 = EDGE_CURVE('',#7362,#7596,#7598,.T.);
#7596 = VERTEX_POINT('',#7597);
#7597 = CARTESIAN_POINT('',(20.65,-5.35,-57.2));
#7598 = SURFACE_CURVE('',#7599,(#7603,#7610),.PCURVE_S1.);
#7599 = LINE('',#7600,#7601);
#7600 = CARTESIAN_POINT('',(21.083333333333,-4.916666666667,
    -56.76666666666));
#7601 = VECTOR('',#7602,1.);
#7602 = DIRECTION('',(0.57735026919,0.57735026919,0.57735026919));
#7603 = PCURVE('',#7384,#7604);
#7604 = DEFINITIONAL_REPRESENTATION('',(#7605),#7609);
#7605 = LINE('',#7606,#7607);
#7606 = CARTESIAN_POINT('',(0.433333333333,0.754247233266));
#7607 = VECTOR('',#7608,1.);
#7608 = DIRECTION('',(0.57735026919,0.816496580928));
#7609 = ( GEOMETRIC_REPRESENTATION_CONTEXT(2) 
PARAMETRIC_REPRESENTATION_CONTEXT() REPRESENTATION_CONTEXT('2D SPACE',''
  ) );
#7610 = PCURVE('',#7412,#7611);
#7611 = DEFINITIONAL_REPRESENTATION('',(#7612),#7616);
#7612 = LINE('',#7613,#7614);
#7613 = CARTESIAN_POINT('',(2.566666666667,0.754247233266));
#7614 = VECTOR('',#7615,1.);
#7615 = DIRECTION('',(-0.57735026919,0.816496580928));
#7616 = ( GEOMETRIC_REPRESENTATION_CONTEXT(2) 
PARAMETRIC_REPRESENTATION_CONTEXT() REPRESENTATION_CONTEXT('2D SPACE',''
  ) );
#7617 = ORIENTED_EDGE('',*,*,#7361,.T.);
#7618 = ORIENTED_EDGE('',*,*,#7619,.T.);
#7619 = EDGE_CURVE('',#7364,#7620,#7622,.T.);
#7620 = VERTEX_POINT('',#7621);
#7621 = CARTESIAN_POINT('',(20.65,-5.35,-48.8));
#7622 = SURFACE_CURVE('',#7623,(#7627,#7634),.PCURVE_S1.);
#7623 = LINE('',#7624,#7625);
#7624 = CARTESIAN_POINT('',(21.983333333333,-4.016666666667,
    -50.13333333333));
#7625 = VECTOR('',#7626,1.);
#7626 = DIRECTION('',(0.57735026919,0.57735026919,-0.57735026919));
#7627 = PCURVE('',#7384,#7628);
#7628 = DEFINITIONAL_REPRESENTATION('',(#7629),#7633);
#7629 = LINE('',#7630,#7631);
#7630 = CARTESIAN_POINT('',(7.066666666667,2.027039439401));
#7631 = VECTOR('',#7632,1.);
#7632 = DIRECTION('',(-0.57735026919,0.816496580928));
#7633 = ( GEOMETRIC_REPRESENTATION_CONTEXT(2) 
PARAMETRIC_REPRESENTATION_CONTEXT() REPRESENTATION_CONTEXT('2D SPACE',''
  ) );
#7634 = PCURVE('',#7466,#7635);
#7635 = DEFINITIONAL_REPRESENTATION('',(#7636),#7640);
#7636 = LINE('',#7637,#7638);
#7637 = CARTESIAN_POINT('',(1.333333333333,2.027039439401));
#7638 = VECTOR('',#7639,1.);
#7639 = DIRECTION('',(0.57735026919,0.816496580928));
#7640 = ( GEOMETRIC_REPRESENTATION_CONTEXT(2) 
PARAMETRIC_REPRESENTATION_CONTEXT() REPRESENTATION_CONTEXT('2D SPACE',''
  ) );
#7641 = ORIENTED_EDGE('',*,*,#7642,.F.);
#7642 = EDGE_CURVE('',#7596,#7620,#7643,.T.);
#7643 = SURFACE_CURVE('',#7644,(#7648,#7655),.PCURVE_S1.);
#7644 = LINE('',#7645,#7646);
#7645 = CARTESIAN_POINT('',(20.65,-5.35,-57.2));
#7646 = VECTOR('',#7647,1.);
#7647 = DIRECTION('',(0.,0.,1.));
#7648 = PCURVE('',#7384,#7649);
#7649 = DEFINITIONAL_REPRESENTATION('',(#7650),#7654);
#7650 = LINE('',#7651,#7652);
#7651 = CARTESIAN_POINT('',(0.,0.141421356237));
#7652 = VECTOR('',#7653,1.);
#7653 = DIRECTION('',(1.,0.));
#7654 = ( GEOMETRIC_REPRESENTATION_CONTEXT(2) 
PARAMETRIC_REPRESENTATION_CONTEXT() REPRESENTATION_CONTEXT('2D SPACE',''
  ) );
#7655 = PCURVE('',#7656,#7661);
#7656 = PLANE('',#7657);
#7657 = AXIS2_PLACEMENT_3D('',#7658,#7659,#7660);
#7658 = CARTESIAN_POINT('',(23.35,-5.35,-53.));
#7659 = DIRECTION('',(1.224646799147E-16,1.,0.));
#7660 = DIRECTION('',(0.,0.,-1.));
#7661 = DEFINITIONAL_REPRESENTATION('',(#7662),#7666);
#7662 = LINE('',#7663,#7664);
#7663 = CARTESIAN_POINT('',(4.2,2.7));
#7664 = VECTOR('',#7665,1.);
#7665 = DIRECTION('',(-1.,0.));
#7666 = ( GEOMETRIC_REPRESENTATION_CONTEXT(2) 
PARAMETRIC_REPRESENTATION_CONTEXT() REPRESENTATION_CONTEXT('2D SPACE',''
  ) );
#7667 = ADVANCED_FACE('',(#7668),#7412,.T.);
#7668 = FACE_BOUND('',#7669,.T.);
#7669 = EDGE_LOOP('',(#7670,#7693,#7694,#7695));
#7670 = ORIENTED_EDGE('',*,*,#7671,.F.);
#7671 = EDGE_CURVE('',#7397,#7672,#7674,.T.);
#7672 = VERTEX_POINT('',#7673);
#7673 = CARTESIAN_POINT('',(20.65,-2.35,-57.2));
#7674 = SURFACE_CURVE('',#7675,(#7679,#7686),.PCURVE_S1.);
#7675 = LINE('',#7676,#7677);
#7676 = CARTESIAN_POINT('',(21.983333333333,-3.683333333333,
    -55.86666666666));
#7677 = VECTOR('',#7678,1.);
#7678 = DIRECTION('',(0.57735026919,-0.57735026919,0.57735026919));
#7679 = PCURVE('',#7412,#7680);
#7680 = DEFINITIONAL_REPRESENTATION('',(#7681),#7685);
#7681 = LINE('',#7682,#7683);
#7682 = CARTESIAN_POINT('',(1.333333333333,2.027039439401));
#7683 = VECTOR('',#7684,1.);
#7684 = DIRECTION('',(0.57735026919,0.816496580928));
#7685 = ( GEOMETRIC_REPRESENTATION_CONTEXT(2) 
PARAMETRIC_REPRESENTATION_CONTEXT() REPRESENTATION_CONTEXT('2D SPACE',''
  ) );
#7686 = PCURVE('',#7440,#7687);
#7687 = DEFINITIONAL_REPRESENTATION('',(#7688),#7692);
#7688 = LINE('',#7689,#7690);
#7689 = CARTESIAN_POINT('',(7.066666666667,2.027039439401));
#7690 = VECTOR('',#7691,1.);
#7691 = DIRECTION('',(-0.57735026919,0.816496580928));
#7692 = ( GEOMETRIC_REPRESENTATION_CONTEXT(2) 
PARAMETRIC_REPRESENTATION_CONTEXT() REPRESENTATION_CONTEXT('2D SPACE',''
  ) );
#7693 = ORIENTED_EDGE('',*,*,#7396,.T.);
#7694 = ORIENTED_EDGE('',*,*,#7595,.T.);
#7695 = ORIENTED_EDGE('',*,*,#7696,.F.);
#7696 = EDGE_CURVE('',#7672,#7596,#7697,.T.);
#7697 = SURFACE_CURVE('',#7698,(#7702,#7709),.PCURVE_S1.);
#7698 = LINE('',#7699,#7700);
#7699 = CARTESIAN_POINT('',(20.65,-2.35,-57.2));
#7700 = VECTOR('',#7701,1.);
#7701 = DIRECTION('',(-1.224646799147E-16,-1.,0.));
#7702 = PCURVE('',#7412,#7703);
#7703 = DEFINITIONAL_REPRESENTATION('',(#7704),#7708);
#7704 = LINE('',#7705,#7706);
#7705 = CARTESIAN_POINT('',(-1.224646799147E-17,0.141421356237));
#7706 = VECTOR('',#7707,1.);
#7707 = DIRECTION('',(1.,0.));
#7708 = ( GEOMETRIC_REPRESENTATION_CONTEXT(2) 
PARAMETRIC_REPRESENTATION_CONTEXT() REPRESENTATION_CONTEXT('2D SPACE',''
  ) );
#7709 = PCURVE('',#7710,#7715);
#7710 = PLANE('',#7711);
#7711 = AXIS2_PLACEMENT_3D('',#7712,#7713,#7714);
#7712 = CARTESIAN_POINT('',(23.35,-3.85,-57.2));
#7713 = DIRECTION('',(0.,0.,1.));
#7714 = DIRECTION('',(-1.,1.224646799147E-16,0.));
#7715 = DEFINITIONAL_REPRESENTATION('',(#7716),#7720);
#7716 = LINE('',#7717,#7718);
#7717 = CARTESIAN_POINT('',(2.7,-1.5));
#7718 = VECTOR('',#7719,1.);
#7719 = DIRECTION('',(0.,1.));
#7720 = ( GEOMETRIC_REPRESENTATION_CONTEXT(2) 
PARAMETRIC_REPRESENTATION_CONTEXT() REPRESENTATION_CONTEXT('2D SPACE',''
  ) );
#7721 = ADVANCED_FACE('',(#7722),#7466,.T.);
#7722 = FACE_BOUND('',#7723,.T.);
#7723 = EDGE_LOOP('',(#7724,#7725,#7726,#7749));
#7724 = ORIENTED_EDGE('',*,*,#7619,.F.);
#7725 = ORIENTED_EDGE('',*,*,#7452,.T.);
#7726 = ORIENTED_EDGE('',*,*,#7727,.T.);
#7727 = EDGE_CURVE('',#7425,#7728,#7730,.T.);
#7728 = VERTEX_POINT('',#7729);
#7729 = CARTESIAN_POINT('',(20.65,-2.35,-48.8));
#7730 = SURFACE_CURVE('',#7731,(#7735,#7742),.PCURVE_S1.);
#7731 = LINE('',#7732,#7733);
#7732 = CARTESIAN_POINT('',(21.083333333333,-2.783333333333,
    -49.23333333333));
#7733 = VECTOR('',#7734,1.);
#7734 = DIRECTION('',(0.57735026919,-0.57735026919,-0.57735026919));
#7735 = PCURVE('',#7466,#7736);
#7736 = DEFINITIONAL_REPRESENTATION('',(#7737),#7741);
#7737 = LINE('',#7738,#7739);
#7738 = CARTESIAN_POINT('',(2.566666666667,0.754247233266));
#7739 = VECTOR('',#7740,1.);
#7740 = DIRECTION('',(-0.57735026919,0.816496580928));
#7741 = ( GEOMETRIC_REPRESENTATION_CONTEXT(2) 
PARAMETRIC_REPRESENTATION_CONTEXT() REPRESENTATION_CONTEXT('2D SPACE',''
  ) );
#7742 = PCURVE('',#7440,#7743);
#7743 = DEFINITIONAL_REPRESENTATION('',(#7744),#7748);
#7744 = LINE('',#7745,#7746);
#7745 = CARTESIAN_POINT('',(0.433333333333,0.754247233266));
#7746 = VECTOR('',#7747,1.);
#7747 = DIRECTION('',(0.57735026919,0.816496580928));
#7748 = ( GEOMETRIC_REPRESENTATION_CONTEXT(2) 
PARAMETRIC_REPRESENTATION_CONTEXT() REPRESENTATION_CONTEXT('2D SPACE',''
  ) );
#7749 = ORIENTED_EDGE('',*,*,#7750,.F.);
#7750 = EDGE_CURVE('',#7620,#7728,#7751,.T.);
#7751 = SURFACE_CURVE('',#7752,(#7756,#7763),.PCURVE_S1.);
#7752 = LINE('',#7753,#7754);
#7753 = CARTESIAN_POINT('',(20.65,-5.35,-48.8));
#7754 = VECTOR('',#7755,1.);
#7755 = DIRECTION('',(1.224646799147E-16,1.,0.));
#7756 = PCURVE('',#7466,#7757);
#7757 = DEFINITIONAL_REPRESENTATION('',(#7758),#7762);
#7758 = LINE('',#7759,#7760);
#7759 = CARTESIAN_POINT('',(1.224646799147E-17,0.141421356237));
#7760 = VECTOR('',#7761,1.);
#7761 = DIRECTION('',(1.,0.));
#7762 = ( GEOMETRIC_REPRESENTATION_CONTEXT(2) 
PARAMETRIC_REPRESENTATION_CONTEXT() REPRESENTATION_CONTEXT('2D SPACE',''
  ) );
#7763 = PCURVE('',#7764,#7769);
#7764 = PLANE('',#7765);
#7765 = AXIS2_PLACEMENT_3D('',#7766,#7767,#7768);
#7766 = CARTESIAN_POINT('',(23.35,-3.85,-48.8));
#7767 = DIRECTION('',(0.,0.,-1.));
#7768 = DIRECTION('',(1.,-1.224646799147E-16,0.));
#7769 = DEFINITIONAL_REPRESENTATION('',(#7770),#7774);
#7770 = LINE('',#7771,#7772);
#7771 = CARTESIAN_POINT('',(-2.7,1.5));
#7772 = VECTOR('',#7773,1.);
#7773 = DIRECTION('',(0.,-1.));
#7774 = ( GEOMETRIC_REPRESENTATION_CONTEXT(2) 
PARAMETRIC_REPRESENTATION_CONTEXT() REPRESENTATION_CONTEXT('2D SPACE',''
  ) );
#7775 = ADVANCED_FACE('',(#7776),#7440,.T.);
#7776 = FACE_BOUND('',#7777,.T.);
#7777 = EDGE_LOOP('',(#7778,#7779,#7780,#7781));
#7778 = ORIENTED_EDGE('',*,*,#7727,.F.);
#7779 = ORIENTED_EDGE('',*,*,#7424,.T.);
#7780 = ORIENTED_EDGE('',*,*,#7671,.T.);
#7781 = ORIENTED_EDGE('',*,*,#7782,.F.);
#7782 = EDGE_CURVE('',#7728,#7672,#7783,.T.);
#7783 = SURFACE_CURVE('',#7784,(#7788,#7795),.PCURVE_S1.);
#7784 = LINE('',#7785,#7786);
#7785 = CARTESIAN_POINT('',(20.65,-2.35,-48.8));
#7786 = VECTOR('',#7787,1.);
#7787 = DIRECTION('',(-0.,0.,-1.));
#7788 = PCURVE('',#7440,#7789);
#7789 = DEFINITIONAL_REPRESENTATION('',(#7790),#7794);
#7790 = LINE('',#7791,#7792);
#7791 = CARTESIAN_POINT('',(-0.,0.141421356237));
#7792 = VECTOR('',#7793,1.);
#7793 = DIRECTION('',(1.,0.));
#7794 = ( GEOMETRIC_REPRESENTATION_CONTEXT(2) 
PARAMETRIC_REPRESENTATION_CONTEXT() REPRESENTATION_CONTEXT('2D SPACE',''
  ) );
#7795 = PCURVE('',#7796,#7801);
#7796 = PLANE('',#7797);
#7797 = AXIS2_PLACEMENT_3D('',#7798,#7799,#7800);
#7798 = CARTESIAN_POINT('',(23.35,-2.35,-53.));
#7799 = DIRECTION('',(-1.224646799147E-16,-1.,0.));
#7800 = DIRECTION('',(0.,0.,1.));
#7801 = DEFINITIONAL_REPRESENTATION('',(#7802),#7806);
#7802 = LINE('',#7803,#7804);
#7803 = CARTESIAN_POINT('',(4.2,2.7));
#7804 = VECTOR('',#7805,1.);
#7805 = DIRECTION('',(-1.,0.));
#7806 = ( GEOMETRIC_REPRESENTATION_CONTEXT(2) 
PARAMETRIC_REPRESENTATION_CONTEXT() REPRESENTATION_CONTEXT('2D SPACE',''
  ) );
#7807 = ADVANCED_FACE('',(#7808,#7883),#7498,.F.);
#7808 = FACE_BOUND('',#7809,.F.);
#7809 = EDGE_LOOP('',(#7810,#7833,#7861,#7882));
#7810 = ORIENTED_EDGE('',*,*,#7811,.F.);
#7811 = EDGE_CURVE('',#7812,#7481,#7814,.T.);
#7812 = VERTEX_POINT('',#7813);
#7813 = CARTESIAN_POINT('',(26.25,7.15,-59.1));
#7814 = SURFACE_CURVE('',#7815,(#7819,#7826),.PCURVE_S1.);
#7815 = LINE('',#7816,#7817);
#7816 = CARTESIAN_POINT('',(26.25,7.15,-59.1));
#7817 = VECTOR('',#7818,1.);
#7818 = DIRECTION('',(-1.,1.224646799147E-16,0.));
#7819 = PCURVE('',#7498,#7820);
#7820 = DEFINITIONAL_REPRESENTATION('',(#7821),#7825);
#7821 = LINE('',#7822,#7823);
#7822 = CARTESIAN_POINT('',(0.,0.));
#7823 = VECTOR('',#7824,1.);
#7824 = DIRECTION('',(1.,0.));
#7825 = ( GEOMETRIC_REPRESENTATION_CONTEXT(2) 
PARAMETRIC_REPRESENTATION_CONTEXT() REPRESENTATION_CONTEXT('2D SPACE',''
  ) );
#7826 = PCURVE('',#7526,#7827);
#7827 = DEFINITIONAL_REPRESENTATION('',(#7828),#7832);
#7828 = LINE('',#7829,#7830);
#7829 = CARTESIAN_POINT('',(-13.13878504672,-18.4));
#7830 = VECTOR('',#7831,1.);
#7831 = DIRECTION('',(1.,0.));
#7832 = ( GEOMETRIC_REPRESENTATION_CONTEXT(2) 
PARAMETRIC_REPRESENTATION_CONTEXT() REPRESENTATION_CONTEXT('2D SPACE',''
  ) );
#7833 = ORIENTED_EDGE('',*,*,#7834,.T.);
#7834 = EDGE_CURVE('',#7812,#7835,#7837,.T.);
#7835 = VERTEX_POINT('',#7836);
#7836 = CARTESIAN_POINT('',(26.25,7.15,-46.9));
#7837 = SURFACE_CURVE('',#7838,(#7842,#7849),.PCURVE_S1.);
#7838 = LINE('',#7839,#7840);
#7839 = CARTESIAN_POINT('',(26.25,7.15,-59.1));
#7840 = VECTOR('',#7841,1.);
#7841 = DIRECTION('',(0.,0.,1.));
#7842 = PCURVE('',#7498,#7843);
#7843 = DEFINITIONAL_REPRESENTATION('',(#7844),#7848);
#7844 = LINE('',#7845,#7846);
#7845 = CARTESIAN_POINT('',(0.,0.));
#7846 = VECTOR('',#7847,1.);
#7847 = DIRECTION('',(0.,-1.));
#7848 = ( GEOMETRIC_REPRESENTATION_CONTEXT(2) 
PARAMETRIC_REPRESENTATION_CONTEXT() REPRESENTATION_CONTEXT('2D SPACE',''
  ) );
#7849 = PCURVE('',#7850,#7855);
#7850 = PLANE('',#7851);
#7851 = AXIS2_PLACEMENT_3D('',#7852,#7853,#7854);
#7852 = CARTESIAN_POINT('',(26.25,2.875273522976,-53.));
#7853 = DIRECTION('',(1.,-1.224646799147E-16,0.));
#7854 = DIRECTION('',(0.,0.,-1.));
#7855 = DEFINITIONAL_REPRESENTATION('',(#7856),#7860);
#7856 = LINE('',#7857,#7858);
#7857 = CARTESIAN_POINT('',(6.1,4.274726477024));
#7858 = VECTOR('',#7859,1.);
#7859 = DIRECTION('',(-1.,0.));
#7860 = ( GEOMETRIC_REPRESENTATION_CONTEXT(2) 
PARAMETRIC_REPRESENTATION_CONTEXT() REPRESENTATION_CONTEXT('2D SPACE',''
  ) );
#7861 = ORIENTED_EDGE('',*,*,#7862,.T.);
#7862 = EDGE_CURVE('',#7835,#7483,#7863,.T.);
#7863 = SURFACE_CURVE('',#7864,(#7868,#7875),.PCURVE_S1.);
#7864 = LINE('',#7865,#7866);
#7865 = CARTESIAN_POINT('',(26.25,7.15,-46.9));
#7866 = VECTOR('',#7867,1.);
#7867 = DIRECTION('',(-1.,1.224646799147E-16,0.));
#7868 = PCURVE('',#7498,#7869);
#7869 = DEFINITIONAL_REPRESENTATION('',(#7870),#7874);
#7870 = LINE('',#7871,#7872);
#7871 = CARTESIAN_POINT('',(0.,-12.2));
#7872 = VECTOR('',#7873,1.);
#7873 = DIRECTION('',(1.,0.));
#7874 = ( GEOMETRIC_REPRESENTATION_CONTEXT(2) 
PARAMETRIC_REPRESENTATION_CONTEXT() REPRESENTATION_CONTEXT('2D SPACE',''
  ) );
#7875 = PCURVE('',#7580,#7876);
#7876 = DEFINITIONAL_REPRESENTATION('',(#7877),#7881);
#7877 = LINE('',#7878,#7879);
#7878 = CARTESIAN_POINT('',(13.138785046729,-18.4));
#7879 = VECTOR('',#7880,1.);
#7880 = DIRECTION('',(-1.,0.));
#7881 = ( GEOMETRIC_REPRESENTATION_CONTEXT(2) 
PARAMETRIC_REPRESENTATION_CONTEXT() REPRESENTATION_CONTEXT('2D SPACE',''
  ) );
#7882 = ORIENTED_EDGE('',*,*,#7480,.F.);
#7883 = FACE_BOUND('',#7884,.F.);
#7884 = EDGE_LOOP('',(#7885));
#7885 = ORIENTED_EDGE('',*,*,#7886,.T.);
#7886 = EDGE_CURVE('',#7887,#7887,#7889,.T.);
#7887 = VERTEX_POINT('',#7888);
#7888 = CARTESIAN_POINT('',(22.000000067782,7.15,-53.));
#7889 = SURFACE_CURVE('',#7890,(#7895,#7906),.PCURVE_S1.);
#7890 = CIRCLE('',#7891,0.9);
#7891 = AXIS2_PLACEMENT_3D('',#7892,#7893,#7894);
#7892 = CARTESIAN_POINT('',(22.900000067782,7.15,-53.));
#7893 = DIRECTION('',(1.224646799147E-16,1.,2.2E-16));
#7894 = DIRECTION('',(-1.,1.224646799147E-16,0.));
#7895 = PCURVE('',#7498,#7896);
#7896 = DEFINITIONAL_REPRESENTATION('',(#7897),#7905);
#7897 = ( BOUNDED_CURVE() B_SPLINE_CURVE(2,(#7898,#7899,#7900,#7901,
#7902,#7903,#7904),.UNSPECIFIED.,.T.,.F.) B_SPLINE_CURVE_WITH_KNOTS((1,2
    ,2,2,2,1),(-2.094395102393,0.,2.094395102393,4.188790204786,
6.28318530718,8.377580409573),.UNSPECIFIED.) CURVE() 
GEOMETRIC_REPRESENTATION_ITEM() RATIONAL_B_SPLINE_CURVE((1.,0.5,1.,0.5,
1.,0.5,1.)) REPRESENTATION_ITEM('') );
#7898 = CARTESIAN_POINT('',(4.249999932218,-6.1));
#7899 = CARTESIAN_POINT('',(4.249999932218,-7.658845726812));
#7900 = CARTESIAN_POINT('',(2.899999932218,-6.879422863406));
#7901 = CARTESIAN_POINT('',(1.549999932218,-6.1));
#7902 = CARTESIAN_POINT('',(2.899999932218,-5.320577136594));
#7903 = CARTESIAN_POINT('',(4.249999932218,-4.541154273188));
#7904 = CARTESIAN_POINT('',(4.249999932218,-6.1));
#7905 = ( GEOMETRIC_REPRESENTATION_CONTEXT(2) 
PARAMETRIC_REPRESENTATION_CONTEXT() REPRESENTATION_CONTEXT('2D SPACE',''
  ) );
#7906 = PCURVE('',#7907,#7912);
#7907 = CYLINDRICAL_SURFACE('',#7908,0.9);
#7908 = AXIS2_PLACEMENT_3D('',#7909,#7910,#7911);
#7909 = CARTESIAN_POINT('',(22.900000067782,7.15,-53.));
#7910 = DIRECTION('',(-1.224646799147E-16,-1.,-2.2E-16));
#7911 = DIRECTION('',(-1.,1.224646799147E-16,0.));
#7912 = DEFINITIONAL_REPRESENTATION('',(#7913),#7917);
#7913 = LINE('',#7914,#7915);
#7914 = CARTESIAN_POINT('',(-0.,0.));
#7915 = VECTOR('',#7916,1.);
#7916 = DIRECTION('',(-1.,0.));
#7917 = ( GEOMETRIC_REPRESENTATION_CONTEXT(2) 
PARAMETRIC_REPRESENTATION_CONTEXT() REPRESENTATION_CONTEXT('2D SPACE',''
  ) );
#7918 = ADVANCED_FACE('',(#7919),#7526,.T.);
#7919 = FACE_BOUND('',#7920,.T.);
#7920 = EDGE_LOOP('',(#7921,#7944,#7972,#8000,#8021,#8022));
#7921 = ORIENTED_EDGE('',*,*,#7922,.F.);
#7922 = EDGE_CURVE('',#7923,#7812,#7925,.T.);
#7923 = VERTEX_POINT('',#7924);
#7924 = CARTESIAN_POINT('',(26.25,13.95,-59.1));
#7925 = SURFACE_CURVE('',#7926,(#7930,#7937),.PCURVE_S1.);
#7926 = LINE('',#7927,#7928);
#7927 = CARTESIAN_POINT('',(26.25,13.95,-59.1));
#7928 = VECTOR('',#7929,1.);
#7929 = DIRECTION('',(-1.224646799147E-16,-1.,0.));
#7930 = PCURVE('',#7526,#7931);
#7931 = DEFINITIONAL_REPRESENTATION('',(#7932),#7936);
#7932 = LINE('',#7933,#7934);
#7933 = CARTESIAN_POINT('',(-13.13878504672,-25.2));
#7934 = VECTOR('',#7935,1.);
#7935 = DIRECTION('',(0.,1.));
#7936 = ( GEOMETRIC_REPRESENTATION_CONTEXT(2) 
PARAMETRIC_REPRESENTATION_CONTEXT() REPRESENTATION_CONTEXT('2D SPACE',''
  ) );
#7937 = PCURVE('',#7850,#7938);
#7938 = DEFINITIONAL_REPRESENTATION('',(#7939),#7943);
#7939 = LINE('',#7940,#7941);
#7940 = CARTESIAN_POINT('',(6.1,11.074726477024));
#7941 = VECTOR('',#7942,1.);
#7942 = DIRECTION('',(0.,-1.));
#7943 = ( GEOMETRIC_REPRESENTATION_CONTEXT(2) 
PARAMETRIC_REPRESENTATION_CONTEXT() REPRESENTATION_CONTEXT('2D SPACE',''
  ) );
#7944 = ORIENTED_EDGE('',*,*,#7945,.T.);
#7945 = EDGE_CURVE('',#7923,#7946,#7948,.T.);
#7946 = VERTEX_POINT('',#7947);
#7947 = CARTESIAN_POINT('',(-2.25,13.95,-59.1));
#7948 = SURFACE_CURVE('',#7949,(#7953,#7960),.PCURVE_S1.);
#7949 = LINE('',#7950,#7951);
#7950 = CARTESIAN_POINT('',(-1.75,13.95,-59.1));
#7951 = VECTOR('',#7952,1.);
#7952 = DIRECTION('',(-1.,1.224646799147E-16,0.));
#7953 = PCURVE('',#7526,#7954);
#7954 = DEFINITIONAL_REPRESENTATION('',(#7955),#7959);
#7955 = LINE('',#7956,#7957);
#7956 = CARTESIAN_POINT('',(14.861214953271,-25.2));
#7957 = VECTOR('',#7958,1.);
#7958 = DIRECTION('',(1.,0.));
#7959 = ( GEOMETRIC_REPRESENTATION_CONTEXT(2) 
PARAMETRIC_REPRESENTATION_CONTEXT() REPRESENTATION_CONTEXT('2D SPACE',''
  ) );
#7960 = PCURVE('',#7961,#7966);
#7961 = PLANE('',#7962);
#7962 = AXIS2_PLACEMENT_3D('',#7963,#7964,#7965);
#7963 = CARTESIAN_POINT('',(11.795808004317,13.95,-61.06667546862));
#7964 = DIRECTION('',(1.224646799147E-16,1.,2.4E-16));
#7965 = DIRECTION('',(2.939152317954E-32,2.4E-16,-1.));
#7966 = DEFINITIONAL_REPRESENTATION('',(#7967),#7971);
#7967 = LINE('',#7968,#7969);
#7968 = CARTESIAN_POINT('',(-1.96667546862,13.545808004317));
#7969 = VECTOR('',#7970,1.);
#7970 = DIRECTION('',(0.,1.));
#7971 = ( GEOMETRIC_REPRESENTATION_CONTEXT(2) 
PARAMETRIC_REPRESENTATION_CONTEXT() REPRESENTATION_CONTEXT('2D SPACE',''
  ) );
#7972 = ORIENTED_EDGE('',*,*,#7973,.T.);
#7973 = EDGE_CURVE('',#7946,#7974,#7976,.T.);
#7974 = VERTEX_POINT('',#7975);
#7975 = CARTESIAN_POINT('',(-2.25,-8.75,-59.1));
#7976 = SURFACE_CURVE('',#7977,(#7981,#7988),.PCURVE_S1.);
#7977 = LINE('',#7978,#7979);
#7978 = CARTESIAN_POINT('',(-2.25,-36.45,-59.1));
#7979 = VECTOR('',#7980,1.);
#7980 = DIRECTION('',(-1.224646799147E-16,-1.,3.7E-16));
#7981 = PCURVE('',#7526,#7982);
#7982 = DEFINITIONAL_REPRESENTATION('',(#7983),#7987);
#7983 = LINE('',#7984,#7985);
#7984 = CARTESIAN_POINT('',(15.361214953271,25.2));
#7985 = VECTOR('',#7986,1.);
#7986 = DIRECTION('',(0.,1.));
#7987 = ( GEOMETRIC_REPRESENTATION_CONTEXT(2) 
PARAMETRIC_REPRESENTATION_CONTEXT() REPRESENTATION_CONTEXT('2D SPACE',''
  ) );
#7988 = PCURVE('',#7989,#7994);
#7989 = PLANE('',#7990);
#7990 = AXIS2_PLACEMENT_3D('',#7991,#7992,#7993);
#7991 = CARTESIAN_POINT('',(-2.25,-11.75,-61.1));
#7992 = DIRECTION('',(-1.,1.224646799147E-16,0.));
#7993 = DIRECTION('',(0.,0.,1.));
#7994 = DEFINITIONAL_REPRESENTATION('',(#7995),#7999);
#7995 = LINE('',#7996,#7997);
#7996 = CARTESIAN_POINT('',(2.,-24.7));
#7997 = VECTOR('',#7998,1.);
#7998 = DIRECTION('',(3.7E-16,-1.));
#7999 = ( GEOMETRIC_REPRESENTATION_CONTEXT(2) 
PARAMETRIC_REPRESENTATION_CONTEXT() REPRESENTATION_CONTEXT('2D SPACE',''
  ) );
#8000 = ORIENTED_EDGE('',*,*,#8001,.F.);
#8001 = EDGE_CURVE('',#7511,#7974,#8002,.T.);
#8002 = SURFACE_CURVE('',#8003,(#8007,#8014),.PCURVE_S1.);
#8003 = LINE('',#8004,#8005);
#8004 = CARTESIAN_POINT('',(5.430607476636,-8.75,-59.1));
#8005 = VECTOR('',#8006,1.);
#8006 = DIRECTION('',(-1.,0.,0.));
#8007 = PCURVE('',#7526,#8008);
#8008 = DEFINITIONAL_REPRESENTATION('',(#8009),#8013);
#8009 = LINE('',#8010,#8011);
#8010 = CARTESIAN_POINT('',(7.680607476636,-2.5));
#8011 = VECTOR('',#8012,1.);
#8012 = DIRECTION('',(1.,1.224646799147E-16));
#8013 = ( GEOMETRIC_REPRESENTATION_CONTEXT(2) 
PARAMETRIC_REPRESENTATION_CONTEXT() REPRESENTATION_CONTEXT('2D SPACE',''
  ) );
#8014 = PCURVE('',#7554,#8015);
#8015 = DEFINITIONAL_REPRESENTATION('',(#8016),#8020);
#8016 = LINE('',#8017,#8018);
#8017 = CARTESIAN_POINT('',(-6.1,7.41400500672));
#8018 = VECTOR('',#8019,1.);
#8019 = DIRECTION('',(0.,1.));
#8020 = ( GEOMETRIC_REPRESENTATION_CONTEXT(2) 
PARAMETRIC_REPRESENTATION_CONTEXT() REPRESENTATION_CONTEXT('2D SPACE',''
  ) );
#8021 = ORIENTED_EDGE('',*,*,#7510,.F.);
#8022 = ORIENTED_EDGE('',*,*,#7811,.F.);
#8023 = ADVANCED_FACE('',(#8024),#7580,.T.);
#8024 = FACE_BOUND('',#8025,.T.);
#8025 = EDGE_LOOP('',(#8026,#8056,#8084,#8105,#8106,#8107));
#8026 = ORIENTED_EDGE('',*,*,#8027,.F.);
#8027 = EDGE_CURVE('',#8028,#8030,#8032,.T.);
#8028 = VERTEX_POINT('',#8029);
#8029 = CARTESIAN_POINT('',(-2.25,13.95,-46.9));
#8030 = VERTEX_POINT('',#8031);
#8031 = CARTESIAN_POINT('',(-2.25,-8.75,-46.9));
#8032 = SURFACE_CURVE('',#8033,(#8037,#8044),.PCURVE_S1.);
#8033 = LINE('',#8034,#8035);
#8034 = CARTESIAN_POINT('',(-2.25,13.95,-46.9));
#8035 = VECTOR('',#8036,1.);
#8036 = DIRECTION('',(-1.224646799147E-16,-1.,0.));
#8037 = PCURVE('',#7580,#8038);
#8038 = DEFINITIONAL_REPRESENTATION('',(#8039),#8043);
#8039 = LINE('',#8040,#8041);
#8040 = CARTESIAN_POINT('',(-15.36121495327,-25.2));
#8041 = VECTOR('',#8042,1.);
#8042 = DIRECTION('',(0.,1.));
#8043 = ( GEOMETRIC_REPRESENTATION_CONTEXT(2) 
PARAMETRIC_REPRESENTATION_CONTEXT() REPRESENTATION_CONTEXT('2D SPACE',''
  ) );
#8044 = PCURVE('',#8045,#8050);
#8045 = PLANE('',#8046);
#8046 = AXIS2_PLACEMENT_3D('',#8047,#8048,#8049);
#8047 = CARTESIAN_POINT('',(-2.25,-11.75,-44.9));
#8048 = DIRECTION('',(-1.,1.224646799147E-16,0.));
#8049 = DIRECTION('',(0.,0.,1.));
#8050 = DEFINITIONAL_REPRESENTATION('',(#8051),#8055);
#8051 = LINE('',#8052,#8053);
#8052 = CARTESIAN_POINT('',(-2.,25.7));
#8053 = VECTOR('',#8054,1.);
#8054 = DIRECTION('',(0.,-1.));
#8055 = ( GEOMETRIC_REPRESENTATION_CONTEXT(2) 
PARAMETRIC_REPRESENTATION_CONTEXT() REPRESENTATION_CONTEXT('2D SPACE',''
  ) );
#8056 = ORIENTED_EDGE('',*,*,#8057,.F.);
#8057 = EDGE_CURVE('',#8058,#8028,#8060,.T.);
#8058 = VERTEX_POINT('',#8059);
#8059 = CARTESIAN_POINT('',(26.25,13.95,-46.9));
#8060 = SURFACE_CURVE('',#8061,(#8065,#8072),.PCURVE_S1.);
#8061 = LINE('',#8062,#8063);
#8062 = CARTESIAN_POINT('',(26.25,13.95,-46.9));
#8063 = VECTOR('',#8064,1.);
#8064 = DIRECTION('',(-1.,1.224646799147E-16,0.));
#8065 = PCURVE('',#7580,#8066);
#8066 = DEFINITIONAL_REPRESENTATION('',(#8067),#8071);
#8067 = LINE('',#8068,#8069);
#8068 = CARTESIAN_POINT('',(13.138785046729,-25.2));
#8069 = VECTOR('',#8070,1.);
#8070 = DIRECTION('',(-1.,0.));
#8071 = ( GEOMETRIC_REPRESENTATION_CONTEXT(2) 
PARAMETRIC_REPRESENTATION_CONTEXT() REPRESENTATION_CONTEXT('2D SPACE',''
  ) );
#8072 = PCURVE('',#8073,#8078);
#8073 = PLANE('',#8074);
#8074 = AXIS2_PLACEMENT_3D('',#8075,#8076,#8077);
#8075 = CARTESIAN_POINT('',(11.795808004317,13.95,-44.93332453138));
#8076 = DIRECTION('',(1.224646799147E-16,1.,-1.53E-15));
#8077 = DIRECTION('',(-1.873709602695E-31,-1.53E-15,-1.));
#8078 = DEFINITIONAL_REPRESENTATION('',(#8079),#8083);
#8079 = LINE('',#8080,#8081);
#8080 = CARTESIAN_POINT('',(1.96667546862,-14.45419199568));
#8081 = VECTOR('',#8082,1.);
#8082 = DIRECTION('',(0.,1.));
#8083 = ( GEOMETRIC_REPRESENTATION_CONTEXT(2) 
PARAMETRIC_REPRESENTATION_CONTEXT() REPRESENTATION_CONTEXT('2D SPACE',''
  ) );
#8084 = ORIENTED_EDGE('',*,*,#8085,.T.);
#8085 = EDGE_CURVE('',#8058,#7835,#8086,.T.);
#8086 = SURFACE_CURVE('',#8087,(#8091,#8098),.PCURVE_S1.);
#8087 = LINE('',#8088,#8089);
#8088 = CARTESIAN_POINT('',(26.25,8.15,-46.9));
#8089 = VECTOR('',#8090,1.);
#8090 = DIRECTION('',(-1.224646799147E-16,-1.,0.));
#8091 = PCURVE('',#7580,#8092);
#8092 = DEFINITIONAL_REPRESENTATION('',(#8093),#8097);
#8093 = LINE('',#8094,#8095);
#8094 = CARTESIAN_POINT('',(13.138785046729,-19.4));
#8095 = VECTOR('',#8096,1.);
#8096 = DIRECTION('',(0.,1.));
#8097 = ( GEOMETRIC_REPRESENTATION_CONTEXT(2) 
PARAMETRIC_REPRESENTATION_CONTEXT() REPRESENTATION_CONTEXT('2D SPACE',''
  ) );
#8098 = PCURVE('',#7850,#8099);
#8099 = DEFINITIONAL_REPRESENTATION('',(#8100),#8104);
#8100 = LINE('',#8101,#8102);
#8101 = CARTESIAN_POINT('',(-6.1,5.274726477024));
#8102 = VECTOR('',#8103,1.);
#8103 = DIRECTION('',(0.,-1.));
#8104 = ( GEOMETRIC_REPRESENTATION_CONTEXT(2) 
PARAMETRIC_REPRESENTATION_CONTEXT() REPRESENTATION_CONTEXT('2D SPACE',''
  ) );
#8105 = ORIENTED_EDGE('',*,*,#7862,.T.);
#8106 = ORIENTED_EDGE('',*,*,#7566,.F.);
#8107 = ORIENTED_EDGE('',*,*,#8108,.F.);
#8108 = EDGE_CURVE('',#8030,#7539,#8109,.T.);
#8109 = SURFACE_CURVE('',#8110,(#8114,#8121),.PCURVE_S1.);
#8110 = LINE('',#8111,#8112);
#8111 = CARTESIAN_POINT('',(5.430607476636,-8.75,-46.9));
#8112 = VECTOR('',#8113,1.);
#8113 = DIRECTION('',(1.,0.,0.));
#8114 = PCURVE('',#7580,#8115);
#8115 = DEFINITIONAL_REPRESENTATION('',(#8116),#8120);
#8116 = LINE('',#8117,#8118);
#8117 = CARTESIAN_POINT('',(-7.680607476636,-2.5));
#8118 = VECTOR('',#8119,1.);
#8119 = DIRECTION('',(1.,-1.224646799147E-16));
#8120 = ( GEOMETRIC_REPRESENTATION_CONTEXT(2) 
PARAMETRIC_REPRESENTATION_CONTEXT() REPRESENTATION_CONTEXT('2D SPACE',''
  ) );
#8121 = PCURVE('',#7554,#8122);
#8122 = DEFINITIONAL_REPRESENTATION('',(#8123),#8127);
#8123 = LINE('',#8124,#8125);
#8124 = CARTESIAN_POINT('',(6.1,7.41400500672));
#8125 = VECTOR('',#8126,1.);
#8126 = DIRECTION('',(0.,-1.));
#8127 = ( GEOMETRIC_REPRESENTATION_CONTEXT(2) 
PARAMETRIC_REPRESENTATION_CONTEXT() REPRESENTATION_CONTEXT('2D SPACE',''
  ) );
#8128 = ADVANCED_FACE('',(#8129),#7554,.T.);
#8129 = FACE_BOUND('',#8130,.T.);
#8130 = EDGE_LOOP('',(#8131,#8154,#8155,#8156,#8157,#8180,#8208,#8237,
    #8260,#8293));
#8131 = ORIENTED_EDGE('',*,*,#8132,.T.);
#8132 = EDGE_CURVE('',#8133,#8030,#8135,.T.);
#8133 = VERTEX_POINT('',#8134);
#8134 = CARTESIAN_POINT('',(-2.25,-8.75,-42.9));
#8135 = SURFACE_CURVE('',#8136,(#8140,#8147),.PCURVE_S1.);
#8136 = LINE('',#8137,#8138);
#8137 = CARTESIAN_POINT('',(-2.25,-8.75,-42.9));
#8138 = VECTOR('',#8139,1.);
#8139 = DIRECTION('',(-0.,0.,-1.));
#8140 = PCURVE('',#7554,#8141);
#8141 = DEFINITIONAL_REPRESENTATION('',(#8142),#8146);
#8142 = LINE('',#8143,#8144);
#8143 = CARTESIAN_POINT('',(10.1,15.094612483355));
#8144 = VECTOR('',#8145,1.);
#8145 = DIRECTION('',(-1.,0.));
#8146 = ( GEOMETRIC_REPRESENTATION_CONTEXT(2) 
PARAMETRIC_REPRESENTATION_CONTEXT() REPRESENTATION_CONTEXT('2D SPACE',''
  ) );
#8147 = PCURVE('',#8045,#8148);
#8148 = DEFINITIONAL_REPRESENTATION('',(#8149),#8153);
#8149 = LINE('',#8150,#8151);
#8150 = CARTESIAN_POINT('',(2.,3.));
#8151 = VECTOR('',#8152,1.);
#8152 = DIRECTION('',(-1.,0.));
#8153 = ( GEOMETRIC_REPRESENTATION_CONTEXT(2) 
PARAMETRIC_REPRESENTATION_CONTEXT() REPRESENTATION_CONTEXT('2D SPACE',''
  ) );
#8154 = ORIENTED_EDGE('',*,*,#8108,.T.);
#8155 = ORIENTED_EDGE('',*,*,#7538,.T.);
#8156 = ORIENTED_EDGE('',*,*,#8001,.T.);
#8157 = ORIENTED_EDGE('',*,*,#8158,.T.);
#8158 = EDGE_CURVE('',#7974,#8159,#8161,.T.);
#8159 = VERTEX_POINT('',#8160);
#8160 = CARTESIAN_POINT('',(-2.25,-8.75,-63.1));
#8161 = SURFACE_CURVE('',#8162,(#8166,#8173),.PCURVE_S1.);
#8162 = LINE('',#8163,#8164);
#8163 = CARTESIAN_POINT('',(-2.25,-8.75,-42.9));
#8164 = VECTOR('',#8165,1.);
#8165 = DIRECTION('',(-0.,0.,-1.));
#8166 = PCURVE('',#7554,#8167);
#8167 = DEFINITIONAL_REPRESENTATION('',(#8168),#8172);
#8168 = LINE('',#8169,#8170);
#8169 = CARTESIAN_POINT('',(10.1,15.094612483355));
#8170 = VECTOR('',#8171,1.);
#8171 = DIRECTION('',(-1.,0.));
#8172 = ( GEOMETRIC_REPRESENTATION_CONTEXT(2) 
PARAMETRIC_REPRESENTATION_CONTEXT() REPRESENTATION_CONTEXT('2D SPACE',''
  ) );
#8173 = PCURVE('',#7989,#8174);
#8174 = DEFINITIONAL_REPRESENTATION('',(#8175),#8179);
#8175 = LINE('',#8176,#8177);
#8176 = CARTESIAN_POINT('',(18.2,3.));
#8177 = VECTOR('',#8178,1.);
#8178 = DIRECTION('',(-1.,0.));
#8179 = ( GEOMETRIC_REPRESENTATION_CONTEXT(2) 
PARAMETRIC_REPRESENTATION_CONTEXT() REPRESENTATION_CONTEXT('2D SPACE',''
  ) );
#8180 = ORIENTED_EDGE('',*,*,#8181,.T.);
#8181 = EDGE_CURVE('',#8159,#8182,#8184,.T.);
#8182 = VERTEX_POINT('',#8183);
#8183 = CARTESIAN_POINT('',(24.25,-8.75,-63.1));
#8184 = SURFACE_CURVE('',#8185,(#8189,#8196),.PCURVE_S1.);
#8185 = LINE('',#8186,#8187);
#8186 = CARTESIAN_POINT('',(-2.25,-8.75,-63.1));
#8187 = VECTOR('',#8188,1.);
#8188 = DIRECTION('',(1.,0.,0.));
#8189 = PCURVE('',#7554,#8190);
#8190 = DEFINITIONAL_REPRESENTATION('',(#8191),#8195);
#8191 = LINE('',#8192,#8193);
#8192 = CARTESIAN_POINT('',(-10.1,15.094612483355));
#8193 = VECTOR('',#8194,1.);
#8194 = DIRECTION('',(0.,-1.));
#8195 = ( GEOMETRIC_REPRESENTATION_CONTEXT(2) 
PARAMETRIC_REPRESENTATION_CONTEXT() REPRESENTATION_CONTEXT('2D SPACE',''
  ) );
#8196 = PCURVE('',#8197,#8202);
#8197 = PLANE('',#8198);
#8198 = AXIS2_PLACEMENT_3D('',#8199,#8200,#8201);
#8199 = CARTESIAN_POINT('',(11.,-11.75,-63.1));
#8200 = DIRECTION('',(0.,0.,-1.));
#8201 = DIRECTION('',(1.,-1.224646799147E-16,0.));
#8202 = DEFINITIONAL_REPRESENTATION('',(#8203),#8207);
#8203 = LINE('',#8204,#8205);
#8204 = CARTESIAN_POINT('',(-13.25,-3.));
#8205 = VECTOR('',#8206,1.);
#8206 = DIRECTION('',(1.,-1.224646799147E-16));
#8207 = ( GEOMETRIC_REPRESENTATION_CONTEXT(2) 
PARAMETRIC_REPRESENTATION_CONTEXT() REPRESENTATION_CONTEXT('2D SPACE',''
  ) );
#8208 = ORIENTED_EDGE('',*,*,#8209,.T.);
#8209 = EDGE_CURVE('',#8182,#8210,#8212,.T.);
#8210 = VERTEX_POINT('',#8211);
#8211 = CARTESIAN_POINT('',(26.25,-8.75,-61.1));
#8212 = SURFACE_CURVE('',#8213,(#8218,#8225),.PCURVE_S1.);
#8213 = CIRCLE('',#8214,2.);
#8214 = AXIS2_PLACEMENT_3D('',#8215,#8216,#8217);
#8215 = CARTESIAN_POINT('',(24.25,-8.75,-61.1));
#8216 = DIRECTION('',(-1.224646799147E-16,-1.,0.));
#8217 = DIRECTION('',(1.,-1.224646799147E-16,0.));
#8218 = PCURVE('',#7554,#8219);
#8219 = DEFINITIONAL_REPRESENTATION('',(#8220),#8224);
#8220 = CIRCLE('',#8221,2.);
#8221 = AXIS2_PLACEMENT_2D('',#8222,#8223);
#8222 = CARTESIAN_POINT('',(-8.1,-11.40538751664));
#8223 = DIRECTION('',(0.,-1.));
#8224 = ( GEOMETRIC_REPRESENTATION_CONTEXT(2) 
PARAMETRIC_REPRESENTATION_CONTEXT() REPRESENTATION_CONTEXT('2D SPACE',''
  ) );
#8225 = PCURVE('',#8226,#8231);
#8226 = CYLINDRICAL_SURFACE('',#8227,2.);
#8227 = AXIS2_PLACEMENT_3D('',#8228,#8229,#8230);
#8228 = CARTESIAN_POINT('',(24.25,13.95,-61.1));
#8229 = DIRECTION('',(-1.224646799147E-16,-1.,0.));
#8230 = DIRECTION('',(1.,-1.224646799147E-16,0.));
#8231 = DEFINITIONAL_REPRESENTATION('',(#8232),#8236);
#8232 = LINE('',#8233,#8234);
#8233 = CARTESIAN_POINT('',(-6.28318530718,22.7));
#8234 = VECTOR('',#8235,1.);
#8235 = DIRECTION('',(1.,-0.));
#8236 = ( GEOMETRIC_REPRESENTATION_CONTEXT(2) 
PARAMETRIC_REPRESENTATION_CONTEXT() REPRESENTATION_CONTEXT('2D SPACE',''
  ) );
#8237 = ORIENTED_EDGE('',*,*,#8238,.T.);
#8238 = EDGE_CURVE('',#8210,#8239,#8241,.T.);
#8239 = VERTEX_POINT('',#8240);
#8240 = CARTESIAN_POINT('',(26.25,-8.75,-44.9));
#8241 = SURFACE_CURVE('',#8242,(#8246,#8253),.PCURVE_S1.);
#8242 = LINE('',#8243,#8244);
#8243 = CARTESIAN_POINT('',(26.25,-8.75,-47.95));
#8244 = VECTOR('',#8245,1.);
#8245 = DIRECTION('',(0.,0.,1.));
#8246 = PCURVE('',#7554,#8247);
#8247 = DEFINITIONAL_REPRESENTATION('',(#8248),#8252);
#8248 = LINE('',#8249,#8250);
#8249 = CARTESIAN_POINT('',(5.05,-13.40538751664));
#8250 = VECTOR('',#8251,1.);
#8251 = DIRECTION('',(1.,0.));
#8252 = ( GEOMETRIC_REPRESENTATION_CONTEXT(2) 
PARAMETRIC_REPRESENTATION_CONTEXT() REPRESENTATION_CONTEXT('2D SPACE',''
  ) );
#8253 = PCURVE('',#7850,#8254);
#8254 = DEFINITIONAL_REPRESENTATION('',(#8255),#8259);
#8255 = LINE('',#8256,#8257);
#8256 = CARTESIAN_POINT('',(-5.05,-11.62527352297));
#8257 = VECTOR('',#8258,1.);
#8258 = DIRECTION('',(-1.,0.));
#8259 = ( GEOMETRIC_REPRESENTATION_CONTEXT(2) 
PARAMETRIC_REPRESENTATION_CONTEXT() REPRESENTATION_CONTEXT('2D SPACE',''
  ) );
#8260 = ORIENTED_EDGE('',*,*,#8261,.F.);
#8261 = EDGE_CURVE('',#8262,#8239,#8264,.T.);
#8262 = VERTEX_POINT('',#8263);
#8263 = CARTESIAN_POINT('',(24.25,-8.75,-42.9));
#8264 = SURFACE_CURVE('',#8265,(#8270,#8281),.PCURVE_S1.);
#8265 = CIRCLE('',#8266,2.);
#8266 = AXIS2_PLACEMENT_3D('',#8267,#8268,#8269);
#8267 = CARTESIAN_POINT('',(24.25,-8.75,-44.9));
#8268 = DIRECTION('',(1.224646799147E-16,1.,0.));
#8269 = DIRECTION('',(1.,-1.224646799147E-16,0.));
#8270 = PCURVE('',#7554,#8271);
#8271 = DEFINITIONAL_REPRESENTATION('',(#8272),#8280);
#8272 = ( BOUNDED_CURVE() B_SPLINE_CURVE(2,(#8273,#8274,#8275,#8276,
#8277,#8278,#8279),.UNSPECIFIED.,.T.,.F.) B_SPLINE_CURVE_WITH_KNOTS((1,2
    ,2,2,2,1),(-2.094395102393,0.,2.094395102393,4.188790204786,
6.28318530718,8.377580409573),.UNSPECIFIED.) CURVE() 
GEOMETRIC_REPRESENTATION_ITEM() RATIONAL_B_SPLINE_CURVE((1.,0.5,1.,0.5,
1.,0.5,1.)) REPRESENTATION_ITEM('') );
#8273 = CARTESIAN_POINT('',(8.1,-13.40538751664));
#8274 = CARTESIAN_POINT('',(4.635898384862,-13.40538751664));
#8275 = CARTESIAN_POINT('',(6.367949192431,-10.40538751664));
#8276 = CARTESIAN_POINT('',(8.1,-7.405387516645));
#8277 = CARTESIAN_POINT('',(9.832050807569,-10.40538751664));
#8278 = CARTESIAN_POINT('',(11.564101615138,-13.40538751664));
#8279 = CARTESIAN_POINT('',(8.1,-13.40538751664));
#8280 = ( GEOMETRIC_REPRESENTATION_CONTEXT(2) 
PARAMETRIC_REPRESENTATION_CONTEXT() REPRESENTATION_CONTEXT('2D SPACE',''
  ) );
#8281 = PCURVE('',#8282,#8287);
#8282 = CYLINDRICAL_SURFACE('',#8283,2.);
#8283 = AXIS2_PLACEMENT_3D('',#8284,#8285,#8286);
#8284 = CARTESIAN_POINT('',(24.25,-36.45,-44.9));
#8285 = DIRECTION('',(1.224646799147E-16,1.,0.));
#8286 = DIRECTION('',(1.,-1.224646799147E-16,0.));
#8287 = DEFINITIONAL_REPRESENTATION('',(#8288),#8292);
#8288 = LINE('',#8289,#8290);
#8289 = CARTESIAN_POINT('',(-6.28318530718,27.7));
#8290 = VECTOR('',#8291,1.);
#8291 = DIRECTION('',(1.,-0.));
#8292 = ( GEOMETRIC_REPRESENTATION_CONTEXT(2) 
PARAMETRIC_REPRESENTATION_CONTEXT() REPRESENTATION_CONTEXT('2D SPACE',''
  ) );
#8293 = ORIENTED_EDGE('',*,*,#8294,.F.);
#8294 = EDGE_CURVE('',#8133,#8262,#8295,.T.);
#8295 = SURFACE_CURVE('',#8296,(#8300,#8307),.PCURVE_S1.);
#8296 = LINE('',#8297,#8298);
#8297 = CARTESIAN_POINT('',(-2.25,-8.75,-42.9));
#8298 = VECTOR('',#8299,1.);
#8299 = DIRECTION('',(1.,0.,0.));
#8300 = PCURVE('',#7554,#8301);
#8301 = DEFINITIONAL_REPRESENTATION('',(#8302),#8306);
#8302 = LINE('',#8303,#8304);
#8303 = CARTESIAN_POINT('',(10.1,15.094612483355));
#8304 = VECTOR('',#8305,1.);
#8305 = DIRECTION('',(0.,-1.));
#8306 = ( GEOMETRIC_REPRESENTATION_CONTEXT(2) 
PARAMETRIC_REPRESENTATION_CONTEXT() REPRESENTATION_CONTEXT('2D SPACE',''
  ) );
#8307 = PCURVE('',#8308,#8313);
#8308 = PLANE('',#8309);
#8309 = AXIS2_PLACEMENT_3D('',#8310,#8311,#8312);
#8310 = CARTESIAN_POINT('',(11.,2.6,-42.9));
#8311 = DIRECTION('',(0.,0.,1.));
#8312 = DIRECTION('',(-1.,1.224646799147E-16,0.));
#8313 = DEFINITIONAL_REPRESENTATION('',(#8314),#8318);
#8314 = LINE('',#8315,#8316);
#8315 = CARTESIAN_POINT('',(13.25,11.35));
#8316 = VECTOR('',#8317,1.);
#8317 = DIRECTION('',(-1.,-1.224646799147E-16));
#8318 = ( GEOMETRIC_REPRESENTATION_CONTEXT(2) 
PARAMETRIC_REPRESENTATION_CONTEXT() REPRESENTATION_CONTEXT('2D SPACE',''
  ) );
#8319 = ADVANCED_FACE('',(#8320),#7656,.T.);
#8320 = FACE_BOUND('',#8321,.T.);
#8321 = EDGE_LOOP('',(#8322,#8345,#8346,#8369));
#8322 = ORIENTED_EDGE('',*,*,#8323,.T.);
#8323 = EDGE_CURVE('',#8324,#7596,#8326,.T.);
#8324 = VERTEX_POINT('',#8325);
#8325 = CARTESIAN_POINT('',(26.25,-5.35,-57.2));
#8326 = SURFACE_CURVE('',#8327,(#8331,#8338),.PCURVE_S1.);
#8327 = LINE('',#8328,#8329);
#8328 = CARTESIAN_POINT('',(26.25,-5.35,-57.2));
#8329 = VECTOR('',#8330,1.);
#8330 = DIRECTION('',(-1.,0.,0.));
#8331 = PCURVE('',#7656,#8332);
#8332 = DEFINITIONAL_REPRESENTATION('',(#8333),#8337);
#8333 = LINE('',#8334,#8335);
#8334 = CARTESIAN_POINT('',(4.2,-2.9));
#8335 = VECTOR('',#8336,1.);
#8336 = DIRECTION('',(0.,1.));
#8337 = ( GEOMETRIC_REPRESENTATION_CONTEXT(2) 
PARAMETRIC_REPRESENTATION_CONTEXT() REPRESENTATION_CONTEXT('2D SPACE',''
  ) );
#8338 = PCURVE('',#7710,#8339);
#8339 = DEFINITIONAL_REPRESENTATION('',(#8340),#8344);
#8340 = LINE('',#8341,#8342);
#8341 = CARTESIAN_POINT('',(-2.9,1.5));
#8342 = VECTOR('',#8343,1.);
#8343 = DIRECTION('',(1.,1.224646799147E-16));
#8344 = ( GEOMETRIC_REPRESENTATION_CONTEXT(2) 
PARAMETRIC_REPRESENTATION_CONTEXT() REPRESENTATION_CONTEXT('2D SPACE',''
  ) );
#8345 = ORIENTED_EDGE('',*,*,#7642,.T.);
#8346 = ORIENTED_EDGE('',*,*,#8347,.F.);
#8347 = EDGE_CURVE('',#8348,#7620,#8350,.T.);
#8348 = VERTEX_POINT('',#8349);
#8349 = CARTESIAN_POINT('',(26.25,-5.35,-48.8));
#8350 = SURFACE_CURVE('',#8351,(#8355,#8362),.PCURVE_S1.);
#8351 = LINE('',#8352,#8353);
#8352 = CARTESIAN_POINT('',(26.25,-5.35,-48.8));
#8353 = VECTOR('',#8354,1.);
#8354 = DIRECTION('',(-1.,0.,0.));
#8355 = PCURVE('',#7656,#8356);
#8356 = DEFINITIONAL_REPRESENTATION('',(#8357),#8361);
#8357 = LINE('',#8358,#8359);
#8358 = CARTESIAN_POINT('',(-4.2,-2.9));
#8359 = VECTOR('',#8360,1.);
#8360 = DIRECTION('',(0.,1.));
#8361 = ( GEOMETRIC_REPRESENTATION_CONTEXT(2) 
PARAMETRIC_REPRESENTATION_CONTEXT() REPRESENTATION_CONTEXT('2D SPACE',''
  ) );
#8362 = PCURVE('',#7764,#8363);
#8363 = DEFINITIONAL_REPRESENTATION('',(#8364),#8368);
#8364 = LINE('',#8365,#8366);
#8365 = CARTESIAN_POINT('',(2.9,1.5));
#8366 = VECTOR('',#8367,1.);
#8367 = DIRECTION('',(-1.,1.224646799147E-16));
#8368 = ( GEOMETRIC_REPRESENTATION_CONTEXT(2) 
PARAMETRIC_REPRESENTATION_CONTEXT() REPRESENTATION_CONTEXT('2D SPACE',''
  ) );
#8369 = ORIENTED_EDGE('',*,*,#8370,.T.);
#8370 = EDGE_CURVE('',#8348,#8324,#8371,.T.);
#8371 = SURFACE_CURVE('',#8372,(#8376,#8383),.PCURVE_S1.);
#8372 = LINE('',#8373,#8374);
#8373 = CARTESIAN_POINT('',(26.25,-5.35,-57.1));
#8374 = VECTOR('',#8375,1.);
#8375 = DIRECTION('',(0.,0.,-1.));
#8376 = PCURVE('',#7656,#8377);
#8377 = DEFINITIONAL_REPRESENTATION('',(#8378),#8382);
#8378 = LINE('',#8379,#8380);
#8379 = CARTESIAN_POINT('',(4.1,-2.9));
#8380 = VECTOR('',#8381,1.);
#8381 = DIRECTION('',(1.,0.));
#8382 = ( GEOMETRIC_REPRESENTATION_CONTEXT(2) 
PARAMETRIC_REPRESENTATION_CONTEXT() REPRESENTATION_CONTEXT('2D SPACE',''
  ) );
#8383 = PCURVE('',#7850,#8384);
#8384 = DEFINITIONAL_REPRESENTATION('',(#8385),#8389);
#8385 = LINE('',#8386,#8387);
#8386 = CARTESIAN_POINT('',(4.1,-8.225273522976));
#8387 = VECTOR('',#8388,1.);
#8388 = DIRECTION('',(1.,0.));
#8389 = ( GEOMETRIC_REPRESENTATION_CONTEXT(2) 
PARAMETRIC_REPRESENTATION_CONTEXT() REPRESENTATION_CONTEXT('2D SPACE',''
  ) );
#8390 = ADVANCED_FACE('',(#8391),#7710,.T.);
#8391 = FACE_BOUND('',#8392,.T.);
#8392 = EDGE_LOOP('',(#8393,#8416,#8417,#8418));
#8393 = ORIENTED_EDGE('',*,*,#8394,.T.);
#8394 = EDGE_CURVE('',#8395,#7672,#8397,.T.);
#8395 = VERTEX_POINT('',#8396);
#8396 = CARTESIAN_POINT('',(26.25,-2.35,-57.2));
#8397 = SURFACE_CURVE('',#8398,(#8402,#8409),.PCURVE_S1.);
#8398 = LINE('',#8399,#8400);
#8399 = CARTESIAN_POINT('',(26.25,-2.35,-57.2));
#8400 = VECTOR('',#8401,1.);
#8401 = DIRECTION('',(-1.,0.,0.));
#8402 = PCURVE('',#7710,#8403);
#8403 = DEFINITIONAL_REPRESENTATION('',(#8404),#8408);
#8404 = LINE('',#8405,#8406);
#8405 = CARTESIAN_POINT('',(-2.9,-1.5));
#8406 = VECTOR('',#8407,1.);
#8407 = DIRECTION('',(1.,1.224646799147E-16));
#8408 = ( GEOMETRIC_REPRESENTATION_CONTEXT(2) 
PARAMETRIC_REPRESENTATION_CONTEXT() REPRESENTATION_CONTEXT('2D SPACE',''
  ) );
#8409 = PCURVE('',#7796,#8410);
#8410 = DEFINITIONAL_REPRESENTATION('',(#8411),#8415);
#8411 = LINE('',#8412,#8413);
#8412 = CARTESIAN_POINT('',(-4.2,-2.9));
#8413 = VECTOR('',#8414,1.);
#8414 = DIRECTION('',(0.,1.));
#8415 = ( GEOMETRIC_REPRESENTATION_CONTEXT(2) 
PARAMETRIC_REPRESENTATION_CONTEXT() REPRESENTATION_CONTEXT('2D SPACE',''
  ) );
#8416 = ORIENTED_EDGE('',*,*,#7696,.T.);
#8417 = ORIENTED_EDGE('',*,*,#8323,.F.);
#8418 = ORIENTED_EDGE('',*,*,#8419,.T.);
#8419 = EDGE_CURVE('',#8324,#8395,#8420,.T.);
#8420 = SURFACE_CURVE('',#8421,(#8425,#8432),.PCURVE_S1.);
#8421 = LINE('',#8422,#8423);
#8422 = CARTESIAN_POINT('',(26.25,-2.45,-57.2));
#8423 = VECTOR('',#8424,1.);
#8424 = DIRECTION('',(1.224646799147E-16,1.,0.));
#8425 = PCURVE('',#7710,#8426);
#8426 = DEFINITIONAL_REPRESENTATION('',(#8427),#8431);
#8427 = LINE('',#8428,#8429);
#8428 = CARTESIAN_POINT('',(-2.9,-1.4));
#8429 = VECTOR('',#8430,1.);
#8430 = DIRECTION('',(0.,-1.));
#8431 = ( GEOMETRIC_REPRESENTATION_CONTEXT(2) 
PARAMETRIC_REPRESENTATION_CONTEXT() REPRESENTATION_CONTEXT('2D SPACE',''
  ) );
#8432 = PCURVE('',#7850,#8433);
#8433 = DEFINITIONAL_REPRESENTATION('',(#8434),#8438);
#8434 = LINE('',#8435,#8436);
#8435 = CARTESIAN_POINT('',(4.2,-5.325273522976));
#8436 = VECTOR('',#8437,1.);
#8437 = DIRECTION('',(0.,1.));
#8438 = ( GEOMETRIC_REPRESENTATION_CONTEXT(2) 
PARAMETRIC_REPRESENTATION_CONTEXT() REPRESENTATION_CONTEXT('2D SPACE',''
  ) );
#8439 = ADVANCED_FACE('',(#8440),#7764,.T.);
#8440 = FACE_BOUND('',#8441,.T.);
#8441 = EDGE_LOOP('',(#8442,#8443,#8444,#8467));
#8442 = ORIENTED_EDGE('',*,*,#8347,.T.);
#8443 = ORIENTED_EDGE('',*,*,#7750,.T.);
#8444 = ORIENTED_EDGE('',*,*,#8445,.F.);
#8445 = EDGE_CURVE('',#8446,#7728,#8448,.T.);
#8446 = VERTEX_POINT('',#8447);
#8447 = CARTESIAN_POINT('',(26.25,-2.35,-48.8));
#8448 = SURFACE_CURVE('',#8449,(#8453,#8460),.PCURVE_S1.);
#8449 = LINE('',#8450,#8451);
#8450 = CARTESIAN_POINT('',(26.25,-2.35,-48.8));
#8451 = VECTOR('',#8452,1.);
#8452 = DIRECTION('',(-1.,0.,0.));
#8453 = PCURVE('',#7764,#8454);
#8454 = DEFINITIONAL_REPRESENTATION('',(#8455),#8459);
#8455 = LINE('',#8456,#8457);
#8456 = CARTESIAN_POINT('',(2.9,-1.5));
#8457 = VECTOR('',#8458,1.);
#8458 = DIRECTION('',(-1.,1.224646799147E-16));
#8459 = ( GEOMETRIC_REPRESENTATION_CONTEXT(2) 
PARAMETRIC_REPRESENTATION_CONTEXT() REPRESENTATION_CONTEXT('2D SPACE',''
  ) );
#8460 = PCURVE('',#7796,#8461);
#8461 = DEFINITIONAL_REPRESENTATION('',(#8462),#8466);
#8462 = LINE('',#8463,#8464);
#8463 = CARTESIAN_POINT('',(4.2,-2.9));
#8464 = VECTOR('',#8465,1.);
#8465 = DIRECTION('',(0.,1.));
#8466 = ( GEOMETRIC_REPRESENTATION_CONTEXT(2) 
PARAMETRIC_REPRESENTATION_CONTEXT() REPRESENTATION_CONTEXT('2D SPACE',''
  ) );
#8467 = ORIENTED_EDGE('',*,*,#8468,.T.);
#8468 = EDGE_CURVE('',#8446,#8348,#8469,.T.);
#8469 = SURFACE_CURVE('',#8470,(#8474,#8481),.PCURVE_S1.);
#8470 = LINE('',#8471,#8472);
#8471 = CARTESIAN_POINT('',(26.25,-5.25,-48.8));
#8472 = VECTOR('',#8473,1.);
#8473 = DIRECTION('',(-1.224646799147E-16,-1.,0.));
#8474 = PCURVE('',#7764,#8475);
#8475 = DEFINITIONAL_REPRESENTATION('',(#8476),#8480);
#8476 = LINE('',#8477,#8478);
#8477 = CARTESIAN_POINT('',(2.9,1.4));
#8478 = VECTOR('',#8479,1.);
#8479 = DIRECTION('',(0.,1.));
#8480 = ( GEOMETRIC_REPRESENTATION_CONTEXT(2) 
PARAMETRIC_REPRESENTATION_CONTEXT() REPRESENTATION_CONTEXT('2D SPACE',''
  ) );
#8481 = PCURVE('',#7850,#8482);
#8482 = DEFINITIONAL_REPRESENTATION('',(#8483),#8487);
#8483 = LINE('',#8484,#8485);
#8484 = CARTESIAN_POINT('',(-4.2,-8.125273522976));
#8485 = VECTOR('',#8486,1.);
#8486 = DIRECTION('',(0.,-1.));
#8487 = ( GEOMETRIC_REPRESENTATION_CONTEXT(2) 
PARAMETRIC_REPRESENTATION_CONTEXT() REPRESENTATION_CONTEXT('2D SPACE',''
  ) );
#8488 = ADVANCED_FACE('',(#8489),#7796,.T.);
#8489 = FACE_BOUND('',#8490,.T.);
#8490 = EDGE_LOOP('',(#8491,#8492,#8493,#8494));
#8491 = ORIENTED_EDGE('',*,*,#8445,.T.);
#8492 = ORIENTED_EDGE('',*,*,#7782,.T.);
#8493 = ORIENTED_EDGE('',*,*,#8394,.F.);
#8494 = ORIENTED_EDGE('',*,*,#8495,.T.);
#8495 = EDGE_CURVE('',#8395,#8446,#8496,.T.);
#8496 = SURFACE_CURVE('',#8497,(#8501,#8508),.PCURVE_S1.);
#8497 = LINE('',#8498,#8499);
#8498 = CARTESIAN_POINT('',(26.25,-2.35,-48.9));
#8499 = VECTOR('',#8500,1.);
#8500 = DIRECTION('',(0.,0.,1.));
#8501 = PCURVE('',#7796,#8502);
#8502 = DEFINITIONAL_REPRESENTATION('',(#8503),#8507);
#8503 = LINE('',#8504,#8505);
#8504 = CARTESIAN_POINT('',(4.1,-2.9));
#8505 = VECTOR('',#8506,1.);
#8506 = DIRECTION('',(1.,0.));
#8507 = ( GEOMETRIC_REPRESENTATION_CONTEXT(2) 
PARAMETRIC_REPRESENTATION_CONTEXT() REPRESENTATION_CONTEXT('2D SPACE',''
  ) );
#8508 = PCURVE('',#7850,#8509);
#8509 = DEFINITIONAL_REPRESENTATION('',(#8510),#8514);
#8510 = LINE('',#8511,#8512);
#8511 = CARTESIAN_POINT('',(-4.1,-5.225273522976));
#8512 = VECTOR('',#8513,1.);
#8513 = DIRECTION('',(-1.,0.));
#8514 = ( GEOMETRIC_REPRESENTATION_CONTEXT(2) 
PARAMETRIC_REPRESENTATION_CONTEXT() REPRESENTATION_CONTEXT('2D SPACE',''
  ) );
#8515 = ADVANCED_FACE('',(#8516,#8610),#7850,.T.);
#8516 = FACE_BOUND('',#8517,.T.);
#8517 = EDGE_LOOP('',(#8518,#8541,#8562,#8563,#8586,#8607,#8608,#8609));
#8518 = ORIENTED_EDGE('',*,*,#8519,.T.);
#8519 = EDGE_CURVE('',#8058,#8520,#8522,.T.);
#8520 = VERTEX_POINT('',#8521);
#8521 = CARTESIAN_POINT('',(26.25,13.95,-44.9));
#8522 = SURFACE_CURVE('',#8523,(#8527,#8534),.PCURVE_S1.);
#8523 = LINE('',#8524,#8525);
#8524 = CARTESIAN_POINT('',(26.25,13.95,-46.9));
#8525 = VECTOR('',#8526,1.);
#8526 = DIRECTION('',(0.,0.,1.));
#8527 = PCURVE('',#7850,#8528);
#8528 = DEFINITIONAL_REPRESENTATION('',(#8529),#8533);
#8529 = LINE('',#8530,#8531);
#8530 = CARTESIAN_POINT('',(-6.1,11.074726477024));
#8531 = VECTOR('',#8532,1.);
#8532 = DIRECTION('',(-1.,0.));
#8533 = ( GEOMETRIC_REPRESENTATION_CONTEXT(2) 
PARAMETRIC_REPRESENTATION_CONTEXT() REPRESENTATION_CONTEXT('2D SPACE',''
  ) );
#8534 = PCURVE('',#8073,#8535);
#8535 = DEFINITIONAL_REPRESENTATION('',(#8536),#8540);
#8536 = LINE('',#8537,#8538);
#8537 = CARTESIAN_POINT('',(1.96667546862,-14.45419199568));
#8538 = VECTOR('',#8539,1.);
#8539 = DIRECTION('',(-1.,0.));
#8540 = ( GEOMETRIC_REPRESENTATION_CONTEXT(2) 
PARAMETRIC_REPRESENTATION_CONTEXT() REPRESENTATION_CONTEXT('2D SPACE',''
  ) );
#8541 = ORIENTED_EDGE('',*,*,#8542,.F.);
#8542 = EDGE_CURVE('',#8239,#8520,#8543,.T.);
#8543 = SURFACE_CURVE('',#8544,(#8548,#8555),.PCURVE_S1.);
#8544 = LINE('',#8545,#8546);
#8545 = CARTESIAN_POINT('',(26.25,-36.45,-44.9));
#8546 = VECTOR('',#8547,1.);
#8547 = DIRECTION('',(1.224646799147E-16,1.,0.));
#8548 = PCURVE('',#7850,#8549);
#8549 = DEFINITIONAL_REPRESENTATION('',(#8550),#8554);
#8550 = LINE('',#8551,#8552);
#8551 = CARTESIAN_POINT('',(-8.1,-39.32527352297));
#8552 = VECTOR('',#8553,1.);
#8553 = DIRECTION('',(0.,1.));
#8554 = ( GEOMETRIC_REPRESENTATION_CONTEXT(2) 
PARAMETRIC_REPRESENTATION_CONTEXT() REPRESENTATION_CONTEXT('2D SPACE',''
  ) );
#8555 = PCURVE('',#8282,#8556);
#8556 = DEFINITIONAL_REPRESENTATION('',(#8557),#8561);
#8557 = LINE('',#8558,#8559);
#8558 = CARTESIAN_POINT('',(-0.,0.));
#8559 = VECTOR('',#8560,1.);
#8560 = DIRECTION('',(-0.,1.));
#8561 = ( GEOMETRIC_REPRESENTATION_CONTEXT(2) 
PARAMETRIC_REPRESENTATION_CONTEXT() REPRESENTATION_CONTEXT('2D SPACE',''
  ) );
#8562 = ORIENTED_EDGE('',*,*,#8238,.F.);
#8563 = ORIENTED_EDGE('',*,*,#8564,.F.);
#8564 = EDGE_CURVE('',#8565,#8210,#8567,.T.);
#8565 = VERTEX_POINT('',#8566);
#8566 = CARTESIAN_POINT('',(26.25,13.95,-61.1));
#8567 = SURFACE_CURVE('',#8568,(#8572,#8579),.PCURVE_S1.);
#8568 = LINE('',#8569,#8570);
#8569 = CARTESIAN_POINT('',(26.25,-36.45,-61.1));
#8570 = VECTOR('',#8571,1.);
#8571 = DIRECTION('',(-1.224646799147E-16,-1.,3.7E-16));
#8572 = PCURVE('',#7850,#8573);
#8573 = DEFINITIONAL_REPRESENTATION('',(#8574),#8578);
#8574 = LINE('',#8575,#8576);
#8575 = CARTESIAN_POINT('',(8.1,-39.32527352297));
#8576 = VECTOR('',#8577,1.);
#8577 = DIRECTION('',(-3.7E-16,-1.));
#8578 = ( GEOMETRIC_REPRESENTATION_CONTEXT(2) 
PARAMETRIC_REPRESENTATION_CONTEXT() REPRESENTATION_CONTEXT('2D SPACE',''
  ) );
#8579 = PCURVE('',#8226,#8580);
#8580 = DEFINITIONAL_REPRESENTATION('',(#8581),#8585);
#8581 = LINE('',#8582,#8583);
#8582 = CARTESIAN_POINT('',(-0.,50.4));
#8583 = VECTOR('',#8584,1.);
#8584 = DIRECTION('',(-0.,1.));
#8585 = ( GEOMETRIC_REPRESENTATION_CONTEXT(2) 
PARAMETRIC_REPRESENTATION_CONTEXT() REPRESENTATION_CONTEXT('2D SPACE',''
  ) );
#8586 = ORIENTED_EDGE('',*,*,#8587,.F.);
#8587 = EDGE_CURVE('',#7923,#8565,#8588,.T.);
#8588 = SURFACE_CURVE('',#8589,(#8593,#8600),.PCURVE_S1.);
#8589 = LINE('',#8590,#8591);
#8590 = CARTESIAN_POINT('',(26.25,13.95,-59.1));
#8591 = VECTOR('',#8592,1.);
#8592 = DIRECTION('',(0.,0.,-1.));
#8593 = PCURVE('',#7850,#8594);
#8594 = DEFINITIONAL_REPRESENTATION('',(#8595),#8599);
#8595 = LINE('',#8596,#8597);
#8596 = CARTESIAN_POINT('',(6.1,11.074726477024));
#8597 = VECTOR('',#8598,1.);
#8598 = DIRECTION('',(1.,0.));
#8599 = ( GEOMETRIC_REPRESENTATION_CONTEXT(2) 
PARAMETRIC_REPRESENTATION_CONTEXT() REPRESENTATION_CONTEXT('2D SPACE',''
  ) );
#8600 = PCURVE('',#7961,#8601);
#8601 = DEFINITIONAL_REPRESENTATION('',(#8602),#8606);
#8602 = LINE('',#8603,#8604);
#8603 = CARTESIAN_POINT('',(-1.96667546862,-14.45419199568));
#8604 = VECTOR('',#8605,1.);
#8605 = DIRECTION('',(1.,0.));
#8606 = ( GEOMETRIC_REPRESENTATION_CONTEXT(2) 
PARAMETRIC_REPRESENTATION_CONTEXT() REPRESENTATION_CONTEXT('2D SPACE',''
  ) );
#8607 = ORIENTED_EDGE('',*,*,#7922,.T.);
#8608 = ORIENTED_EDGE('',*,*,#7834,.T.);
#8609 = ORIENTED_EDGE('',*,*,#8085,.F.);
#8610 = FACE_BOUND('',#8611,.T.);
#8611 = EDGE_LOOP('',(#8612,#8613,#8614,#8615));
#8612 = ORIENTED_EDGE('',*,*,#8468,.F.);
#8613 = ORIENTED_EDGE('',*,*,#8495,.F.);
#8614 = ORIENTED_EDGE('',*,*,#8419,.F.);
#8615 = ORIENTED_EDGE('',*,*,#8370,.F.);
#8616 = ADVANCED_FACE('',(#8617),#7907,.F.);
#8617 = FACE_BOUND('',#8618,.T.);
#8618 = EDGE_LOOP('',(#8619,#8620,#8642,#8669));
#8619 = ORIENTED_EDGE('',*,*,#7886,.T.);
#8620 = ORIENTED_EDGE('',*,*,#8621,.T.);
#8621 = EDGE_CURVE('',#7887,#8622,#8624,.T.);
#8622 = VERTEX_POINT('',#8623);
#8623 = CARTESIAN_POINT('',(22.000000067782,4.35,-53.));
#8624 = SEAM_CURVE('',#8625,(#8628,#8635),.PCURVE_S1.);
#8625 = B_SPLINE_CURVE_WITH_KNOTS('',1,(#8626,#8627),.UNSPECIFIED.,.F.,
  .F.,(2,2),(-1.,5.),.PIECEWISE_BEZIER_KNOTS.);
#8626 = CARTESIAN_POINT('',(22.000000067782,8.15,-53.));
#8627 = CARTESIAN_POINT('',(22.000000067782,2.15,-53.));
#8628 = PCURVE('',#7907,#8629);
#8629 = DEFINITIONAL_REPRESENTATION('',(#8630),#8634);
#8630 = LINE('',#8631,#8632);
#8631 = CARTESIAN_POINT('',(-0.,0.));
#8632 = VECTOR('',#8633,1.);
#8633 = DIRECTION('',(-0.,1.));
#8634 = ( GEOMETRIC_REPRESENTATION_CONTEXT(2) 
PARAMETRIC_REPRESENTATION_CONTEXT() REPRESENTATION_CONTEXT('2D SPACE',''
  ) );
#8635 = PCURVE('',#7907,#8636);
#8636 = DEFINITIONAL_REPRESENTATION('',(#8637),#8641);
#8637 = LINE('',#8638,#8639);
#8638 = CARTESIAN_POINT('',(-6.28318530718,0.));
#8639 = VECTOR('',#8640,1.);
#8640 = DIRECTION('',(-0.,1.));
#8641 = ( GEOMETRIC_REPRESENTATION_CONTEXT(2) 
PARAMETRIC_REPRESENTATION_CONTEXT() REPRESENTATION_CONTEXT('2D SPACE',''
  ) );
#8642 = ORIENTED_EDGE('',*,*,#8643,.T.);
#8643 = EDGE_CURVE('',#8622,#8622,#8644,.T.);
#8644 = SURFACE_CURVE('',#8645,(#8650,#8657),.PCURVE_S1.);
#8645 = CIRCLE('',#8646,0.9);
#8646 = AXIS2_PLACEMENT_3D('',#8647,#8648,#8649);
#8647 = CARTESIAN_POINT('',(22.900000067782,4.35,-53.));
#8648 = DIRECTION('',(-1.224646799147E-16,-1.,-2.2E-16));
#8649 = DIRECTION('',(-1.,1.224646799147E-16,0.));
#8650 = PCURVE('',#7907,#8651);
#8651 = DEFINITIONAL_REPRESENTATION('',(#8652),#8656);
#8652 = LINE('',#8653,#8654);
#8653 = CARTESIAN_POINT('',(-6.28318530718,2.8));
#8654 = VECTOR('',#8655,1.);
#8655 = DIRECTION('',(1.,-0.));
#8656 = ( GEOMETRIC_REPRESENTATION_CONTEXT(2) 
PARAMETRIC_REPRESENTATION_CONTEXT() REPRESENTATION_CONTEXT('2D SPACE',''
  ) );
#8657 = PCURVE('',#8658,#8663);
#8658 = PLANE('',#8659);
#8659 = AXIS2_PLACEMENT_3D('',#8660,#8661,#8662);
#8660 = CARTESIAN_POINT('',(26.25,4.35,-46.9));
#8661 = DIRECTION('',(-1.224646799147E-16,-1.,0.));
#8662 = DIRECTION('',(0.,0.,-1.));
#8663 = DEFINITIONAL_REPRESENTATION('',(#8664),#8668);
#8664 = CIRCLE('',#8665,0.9);
#8665 = AXIS2_PLACEMENT_2D('',#8666,#8667);
#8666 = CARTESIAN_POINT('',(6.1,-3.349999932218));
#8667 = DIRECTION('',(0.,-1.));
#8668 = ( GEOMETRIC_REPRESENTATION_CONTEXT(2) 
PARAMETRIC_REPRESENTATION_CONTEXT() REPRESENTATION_CONTEXT('2D SPACE',''
  ) );
#8669 = ORIENTED_EDGE('',*,*,#8621,.F.);
#8670 = ADVANCED_FACE('',(#8671,#8719),#7989,.T.);
#8671 = FACE_BOUND('',#8672,.T.);
#8672 = EDGE_LOOP('',(#8673,#8674,#8697,#8718));
#8673 = ORIENTED_EDGE('',*,*,#7973,.F.);
#8674 = ORIENTED_EDGE('',*,*,#8675,.T.);
#8675 = EDGE_CURVE('',#7946,#8676,#8678,.T.);
#8676 = VERTEX_POINT('',#8677);
#8677 = CARTESIAN_POINT('',(-2.25,13.95,-63.1));
#8678 = SURFACE_CURVE('',#8679,(#8683,#8690),.PCURVE_S1.);
#8679 = LINE('',#8680,#8681);
#8680 = CARTESIAN_POINT('',(-2.25,13.95,-59.1));
#8681 = VECTOR('',#8682,1.);
#8682 = DIRECTION('',(0.,0.,-1.));
#8683 = PCURVE('',#7989,#8684);
#8684 = DEFINITIONAL_REPRESENTATION('',(#8685),#8689);
#8685 = LINE('',#8686,#8687);
#8686 = CARTESIAN_POINT('',(2.,25.7));
#8687 = VECTOR('',#8688,1.);
#8688 = DIRECTION('',(-1.,0.));
#8689 = ( GEOMETRIC_REPRESENTATION_CONTEXT(2) 
PARAMETRIC_REPRESENTATION_CONTEXT() REPRESENTATION_CONTEXT('2D SPACE',''
  ) );
#8690 = PCURVE('',#7961,#8691);
#8691 = DEFINITIONAL_REPRESENTATION('',(#8692),#8696);
#8692 = LINE('',#8693,#8694);
#8693 = CARTESIAN_POINT('',(-1.96667546862,14.045808004317));
#8694 = VECTOR('',#8695,1.);
#8695 = DIRECTION('',(1.,0.));
#8696 = ( GEOMETRIC_REPRESENTATION_CONTEXT(2) 
PARAMETRIC_REPRESENTATION_CONTEXT() REPRESENTATION_CONTEXT('2D SPACE',''
  ) );
#8697 = ORIENTED_EDGE('',*,*,#8698,.F.);
#8698 = EDGE_CURVE('',#8159,#8676,#8699,.T.);
#8699 = SURFACE_CURVE('',#8700,(#8704,#8711),.PCURVE_S1.);
#8700 = LINE('',#8701,#8702);
#8701 = CARTESIAN_POINT('',(-2.25,-36.45,-63.1));
#8702 = VECTOR('',#8703,1.);
#8703 = DIRECTION('',(1.224646799147E-16,1.,0.));
#8704 = PCURVE('',#7989,#8705);
#8705 = DEFINITIONAL_REPRESENTATION('',(#8706),#8710);
#8706 = LINE('',#8707,#8708);
#8707 = CARTESIAN_POINT('',(-2.,-24.7));
#8708 = VECTOR('',#8709,1.);
#8709 = DIRECTION('',(0.,1.));
#8710 = ( GEOMETRIC_REPRESENTATION_CONTEXT(2) 
PARAMETRIC_REPRESENTATION_CONTEXT() REPRESENTATION_CONTEXT('2D SPACE',''
  ) );
#8711 = PCURVE('',#8197,#8712);
#8712 = DEFINITIONAL_REPRESENTATION('',(#8713),#8717);
#8713 = LINE('',#8714,#8715);
#8714 = CARTESIAN_POINT('',(-13.25,24.7));
#8715 = VECTOR('',#8716,1.);
#8716 = DIRECTION('',(0.,-1.));
#8717 = ( GEOMETRIC_REPRESENTATION_CONTEXT(2) 
PARAMETRIC_REPRESENTATION_CONTEXT() REPRESENTATION_CONTEXT('2D SPACE',''
  ) );
#8718 = ORIENTED_EDGE('',*,*,#8158,.F.);
#8719 = FACE_BOUND('',#8720,.T.);
#8720 = EDGE_LOOP('',(#8721,#8751,#8779,#8807));
#8721 = ORIENTED_EDGE('',*,*,#8722,.F.);
#8722 = EDGE_CURVE('',#8723,#8725,#8727,.T.);
#8723 = VERTEX_POINT('',#8724);
#8724 = CARTESIAN_POINT('',(-2.25,-0.45,-60.1));
#8725 = VERTEX_POINT('',#8726);
#8726 = CARTESIAN_POINT('',(-2.25,7.35,-60.1));
#8727 = SURFACE_CURVE('',#8728,(#8732,#8739),.PCURVE_S1.);
#8728 = LINE('',#8729,#8730);
#8729 = CARTESIAN_POINT('',(-2.25,-0.25,-60.1));
#8730 = VECTOR('',#8731,1.);
#8731 = DIRECTION('',(1.224646799147E-16,1.,0.));
#8732 = PCURVE('',#7989,#8733);
#8733 = DEFINITIONAL_REPRESENTATION('',(#8734),#8738);
#8734 = LINE('',#8735,#8736);
#8735 = CARTESIAN_POINT('',(1.,11.5));
#8736 = VECTOR('',#8737,1.);
#8737 = DIRECTION('',(0.,1.));
#8738 = ( GEOMETRIC_REPRESENTATION_CONTEXT(2) 
PARAMETRIC_REPRESENTATION_CONTEXT() REPRESENTATION_CONTEXT('2D SPACE',''
  ) );
#8739 = PCURVE('',#8740,#8745);
#8740 = CYLINDRICAL_SURFACE('',#8741,0.2);
#8741 = AXIS2_PLACEMENT_3D('',#8742,#8743,#8744);
#8742 = CARTESIAN_POINT('',(-2.05,-0.25,-60.1));
#8743 = DIRECTION('',(1.224646799147E-16,1.,0.));
#8744 = DIRECTION('',(-1.,1.224646799147E-16,0.));
#8745 = DEFINITIONAL_REPRESENTATION('',(#8746),#8750);
#8746 = LINE('',#8747,#8748);
#8747 = CARTESIAN_POINT('',(-0.,0.));
#8748 = VECTOR('',#8749,1.);
#8749 = DIRECTION('',(-0.,1.));
#8750 = ( GEOMETRIC_REPRESENTATION_CONTEXT(2) 
PARAMETRIC_REPRESENTATION_CONTEXT() REPRESENTATION_CONTEXT('2D SPACE',''
  ) );
#8751 = ORIENTED_EDGE('',*,*,#8752,.F.);
#8752 = EDGE_CURVE('',#8753,#8723,#8755,.T.);
#8753 = VERTEX_POINT('',#8754);
#8754 = CARTESIAN_POINT('',(-2.25,-0.45,-62.1));
#8755 = SURFACE_CURVE('',#8756,(#8760,#8767),.PCURVE_S1.);
#8756 = LINE('',#8757,#8758);
#8757 = CARTESIAN_POINT('',(-2.25,-0.45,-61.9));
#8758 = VECTOR('',#8759,1.);
#8759 = DIRECTION('',(0.,0.,1.));
#8760 = PCURVE('',#7989,#8761);
#8761 = DEFINITIONAL_REPRESENTATION('',(#8762),#8766);
#8762 = LINE('',#8763,#8764);
#8763 = CARTESIAN_POINT('',(-0.8,11.3));
#8764 = VECTOR('',#8765,1.);
#8765 = DIRECTION('',(1.,0.));
#8766 = ( GEOMETRIC_REPRESENTATION_CONTEXT(2) 
PARAMETRIC_REPRESENTATION_CONTEXT() REPRESENTATION_CONTEXT('2D SPACE',''
  ) );
#8767 = PCURVE('',#8768,#8773);
#8768 = CYLINDRICAL_SURFACE('',#8769,0.2);
#8769 = AXIS2_PLACEMENT_3D('',#8770,#8771,#8772);
#8770 = CARTESIAN_POINT('',(-2.05,-0.45,-61.9));
#8771 = DIRECTION('',(0.,0.,1.));
#8772 = DIRECTION('',(-1.,1.224646799147E-16,0.));
#8773 = DEFINITIONAL_REPRESENTATION('',(#8774),#8778);
#8774 = LINE('',#8775,#8776);
#8775 = CARTESIAN_POINT('',(-0.,0.));
#8776 = VECTOR('',#8777,1.);
#8777 = DIRECTION('',(-0.,1.));
#8778 = ( GEOMETRIC_REPRESENTATION_CONTEXT(2) 
PARAMETRIC_REPRESENTATION_CONTEXT() REPRESENTATION_CONTEXT('2D SPACE',''
  ) );
#8779 = ORIENTED_EDGE('',*,*,#8780,.F.);
#8780 = EDGE_CURVE('',#8781,#8753,#8783,.T.);
#8781 = VERTEX_POINT('',#8782);
#8782 = CARTESIAN_POINT('',(-2.25,7.35,-62.1));
#8783 = SURFACE_CURVE('',#8784,(#8788,#8795),.PCURVE_S1.);
#8784 = LINE('',#8785,#8786);
#8785 = CARTESIAN_POINT('',(-2.25,7.15,-62.1));
#8786 = VECTOR('',#8787,1.);
#8787 = DIRECTION('',(-1.224646799147E-16,-1.,0.));
#8788 = PCURVE('',#7989,#8789);
#8789 = DEFINITIONAL_REPRESENTATION('',(#8790),#8794);
#8790 = LINE('',#8791,#8792);
#8791 = CARTESIAN_POINT('',(-1.,18.9));
#8792 = VECTOR('',#8793,1.);
#8793 = DIRECTION('',(0.,-1.));
#8794 = ( GEOMETRIC_REPRESENTATION_CONTEXT(2) 
PARAMETRIC_REPRESENTATION_CONTEXT() REPRESENTATION_CONTEXT('2D SPACE',''
  ) );
#8795 = PCURVE('',#8796,#8801);
#8796 = CYLINDRICAL_SURFACE('',#8797,0.2);
#8797 = AXIS2_PLACEMENT_3D('',#8798,#8799,#8800);
#8798 = CARTESIAN_POINT('',(-2.05,7.15,-62.1));
#8799 = DIRECTION('',(-1.224646799147E-16,-1.,0.));
#8800 = DIRECTION('',(-1.,1.224646799147E-16,0.));
#8801 = DEFINITIONAL_REPRESENTATION('',(#8802),#8806);
#8802 = LINE('',#8803,#8804);
#8803 = CARTESIAN_POINT('',(-0.,0.));
#8804 = VECTOR('',#8805,1.);
#8805 = DIRECTION('',(-0.,1.));
#8806 = ( GEOMETRIC_REPRESENTATION_CONTEXT(2) 
PARAMETRIC_REPRESENTATION_CONTEXT() REPRESENTATION_CONTEXT('2D SPACE',''
  ) );
#8807 = ORIENTED_EDGE('',*,*,#8808,.F.);
#8808 = EDGE_CURVE('',#8725,#8781,#8809,.T.);
#8809 = SURFACE_CURVE('',#8810,(#8814,#8821),.PCURVE_S1.);
#8810 = LINE('',#8811,#8812);
#8811 = CARTESIAN_POINT('',(-2.25,7.35,-60.3));
#8812 = VECTOR('',#8813,1.);
#8813 = DIRECTION('',(0.,0.,-1.));
#8814 = PCURVE('',#7989,#8815);
#8815 = DEFINITIONAL_REPRESENTATION('',(#8816),#8820);
#8816 = LINE('',#8817,#8818);
#8817 = CARTESIAN_POINT('',(0.8,19.1));
#8818 = VECTOR('',#8819,1.);
#8819 = DIRECTION('',(-1.,0.));
#8820 = ( GEOMETRIC_REPRESENTATION_CONTEXT(2) 
PARAMETRIC_REPRESENTATION_CONTEXT() REPRESENTATION_CONTEXT('2D SPACE',''
  ) );
#8821 = PCURVE('',#8822,#8827);
#8822 = CYLINDRICAL_SURFACE('',#8823,0.2);
#8823 = AXIS2_PLACEMENT_3D('',#8824,#8825,#8826);
#8824 = CARTESIAN_POINT('',(-2.05,7.35,-60.3));
#8825 = DIRECTION('',(0.,0.,-1.));
#8826 = DIRECTION('',(-1.,1.224646799147E-16,0.));
#8827 = DEFINITIONAL_REPRESENTATION('',(#8828),#8832);
#8828 = LINE('',#8829,#8830);
#8829 = CARTESIAN_POINT('',(-0.,0.));
#8830 = VECTOR('',#8831,1.);
#8831 = DIRECTION('',(-0.,1.));
#8832 = ( GEOMETRIC_REPRESENTATION_CONTEXT(2) 
PARAMETRIC_REPRESENTATION_CONTEXT() REPRESENTATION_CONTEXT('2D SPACE',''
  ) );
#8833 = ADVANCED_FACE('',(#8834),#7961,.T.);
#8834 = FACE_BOUND('',#8835,.T.);
#8835 = EDGE_LOOP('',(#8836,#8837,#8861,#8882,#8883));
#8836 = ORIENTED_EDGE('',*,*,#8587,.T.);
#8837 = ORIENTED_EDGE('',*,*,#8838,.T.);
#8838 = EDGE_CURVE('',#8565,#8839,#8841,.T.);
#8839 = VERTEX_POINT('',#8840);
#8840 = CARTESIAN_POINT('',(24.25,13.95,-63.1));
#8841 = SURFACE_CURVE('',#8842,(#8847,#8854),.PCURVE_S1.);
#8842 = CIRCLE('',#8843,2.);
#8843 = AXIS2_PLACEMENT_3D('',#8844,#8845,#8846);
#8844 = CARTESIAN_POINT('',(24.25,13.95,-61.1));
#8845 = DIRECTION('',(1.224646799147E-16,1.,-0.));
#8846 = DIRECTION('',(0.,0.,1.));
#8847 = PCURVE('',#7961,#8848);
#8848 = DEFINITIONAL_REPRESENTATION('',(#8849),#8853);
#8849 = CIRCLE('',#8850,2.);
#8850 = AXIS2_PLACEMENT_2D('',#8851,#8852);
#8851 = CARTESIAN_POINT('',(3.33245313797E-02,-12.45419199568));
#8852 = DIRECTION('',(-1.,0.));
#8853 = ( GEOMETRIC_REPRESENTATION_CONTEXT(2) 
PARAMETRIC_REPRESENTATION_CONTEXT() REPRESENTATION_CONTEXT('2D SPACE',''
  ) );
#8854 = PCURVE('',#8226,#8855);
#8855 = DEFINITIONAL_REPRESENTATION('',(#8856),#8860);
#8856 = LINE('',#8857,#8858);
#8857 = CARTESIAN_POINT('',(1.570796326795,-1.421E-14));
#8858 = VECTOR('',#8859,1.);
#8859 = DIRECTION('',(-1.,0.));
#8860 = ( GEOMETRIC_REPRESENTATION_CONTEXT(2) 
PARAMETRIC_REPRESENTATION_CONTEXT() REPRESENTATION_CONTEXT('2D SPACE',''
  ) );
#8861 = ORIENTED_EDGE('',*,*,#8862,.F.);
#8862 = EDGE_CURVE('',#8676,#8839,#8863,.T.);
#8863 = SURFACE_CURVE('',#8864,(#8868,#8875),.PCURVE_S1.);
#8864 = LINE('',#8865,#8866);
#8865 = CARTESIAN_POINT('',(-2.25,13.95,-63.1));
#8866 = VECTOR('',#8867,1.);
#8867 = DIRECTION('',(1.,-1.224646799147E-16,0.));
#8868 = PCURVE('',#7961,#8869);
#8869 = DEFINITIONAL_REPRESENTATION('',(#8870),#8874);
#8870 = LINE('',#8871,#8872);
#8871 = CARTESIAN_POINT('',(2.03332453138,14.045808004317));
#8872 = VECTOR('',#8873,1.);
#8873 = DIRECTION('',(0.,-1.));
#8874 = ( GEOMETRIC_REPRESENTATION_CONTEXT(2) 
PARAMETRIC_REPRESENTATION_CONTEXT() REPRESENTATION_CONTEXT('2D SPACE',''
  ) );
#8875 = PCURVE('',#8197,#8876);
#8876 = DEFINITIONAL_REPRESENTATION('',(#8877),#8881);
#8877 = LINE('',#8878,#8879);
#8878 = CARTESIAN_POINT('',(-13.25,-25.7));
#8879 = VECTOR('',#8880,1.);
#8880 = DIRECTION('',(1.,0.));
#8881 = ( GEOMETRIC_REPRESENTATION_CONTEXT(2) 
PARAMETRIC_REPRESENTATION_CONTEXT() REPRESENTATION_CONTEXT('2D SPACE',''
  ) );
#8882 = ORIENTED_EDGE('',*,*,#8675,.F.);
#8883 = ORIENTED_EDGE('',*,*,#7945,.F.);
#8884 = ADVANCED_FACE('',(#8885,#8933),#8045,.T.);
#8885 = FACE_BOUND('',#8886,.T.);
#8886 = EDGE_LOOP('',(#8887,#8910,#8931,#8932));
#8887 = ORIENTED_EDGE('',*,*,#8888,.F.);
#8888 = EDGE_CURVE('',#8889,#8133,#8891,.T.);
#8889 = VERTEX_POINT('',#8890);
#8890 = CARTESIAN_POINT('',(-2.25,13.95,-42.9));
#8891 = SURFACE_CURVE('',#8892,(#8896,#8903),.PCURVE_S1.);
#8892 = LINE('',#8893,#8894);
#8893 = CARTESIAN_POINT('',(-2.25,-36.45,-42.9));
#8894 = VECTOR('',#8895,1.);
#8895 = DIRECTION('',(-1.224646799147E-16,-1.,3.7E-16));
#8896 = PCURVE('',#8045,#8897);
#8897 = DEFINITIONAL_REPRESENTATION('',(#8898),#8902);
#8898 = LINE('',#8899,#8900);
#8899 = CARTESIAN_POINT('',(2.,-24.7));
#8900 = VECTOR('',#8901,1.);
#8901 = DIRECTION('',(3.7E-16,-1.));
#8902 = ( GEOMETRIC_REPRESENTATION_CONTEXT(2) 
PARAMETRIC_REPRESENTATION_CONTEXT() REPRESENTATION_CONTEXT('2D SPACE',''
  ) );
#8903 = PCURVE('',#8308,#8904);
#8904 = DEFINITIONAL_REPRESENTATION('',(#8905),#8909);
#8905 = LINE('',#8906,#8907);
#8906 = CARTESIAN_POINT('',(13.25,39.05));
#8907 = VECTOR('',#8908,1.);
#8908 = DIRECTION('',(0.,1.));
#8909 = ( GEOMETRIC_REPRESENTATION_CONTEXT(2) 
PARAMETRIC_REPRESENTATION_CONTEXT() REPRESENTATION_CONTEXT('2D SPACE',''
  ) );
#8910 = ORIENTED_EDGE('',*,*,#8911,.T.);
#8911 = EDGE_CURVE('',#8889,#8028,#8912,.T.);
#8912 = SURFACE_CURVE('',#8913,(#8917,#8924),.PCURVE_S1.);
#8913 = LINE('',#8914,#8915);
#8914 = CARTESIAN_POINT('',(-2.25,13.95,-42.9));
#8915 = VECTOR('',#8916,1.);
#8916 = DIRECTION('',(0.,0.,-1.));
#8917 = PCURVE('',#8045,#8918);
#8918 = DEFINITIONAL_REPRESENTATION('',(#8919),#8923);
#8919 = LINE('',#8920,#8921);
#8920 = CARTESIAN_POINT('',(2.,25.7));
#8921 = VECTOR('',#8922,1.);
#8922 = DIRECTION('',(-1.,0.));
#8923 = ( GEOMETRIC_REPRESENTATION_CONTEXT(2) 
PARAMETRIC_REPRESENTATION_CONTEXT() REPRESENTATION_CONTEXT('2D SPACE',''
  ) );
#8924 = PCURVE('',#8073,#8925);
#8925 = DEFINITIONAL_REPRESENTATION('',(#8926),#8930);
#8926 = LINE('',#8927,#8928);
#8927 = CARTESIAN_POINT('',(-2.03332453138,14.045808004317));
#8928 = VECTOR('',#8929,1.);
#8929 = DIRECTION('',(1.,0.));
#8930 = ( GEOMETRIC_REPRESENTATION_CONTEXT(2) 
PARAMETRIC_REPRESENTATION_CONTEXT() REPRESENTATION_CONTEXT('2D SPACE',''
  ) );
#8931 = ORIENTED_EDGE('',*,*,#8027,.T.);
#8932 = ORIENTED_EDGE('',*,*,#8132,.F.);
#8933 = FACE_BOUND('',#8934,.T.);
#8934 = EDGE_LOOP('',(#8935,#8965,#8993,#9021));
#8935 = ORIENTED_EDGE('',*,*,#8936,.F.);
#8936 = EDGE_CURVE('',#8937,#8939,#8941,.T.);
#8937 = VERTEX_POINT('',#8938);
#8938 = CARTESIAN_POINT('',(-2.25,7.35,-43.9));
#8939 = VERTEX_POINT('',#8940);
#8940 = CARTESIAN_POINT('',(-2.25,7.35,-45.9));
#8941 = SURFACE_CURVE('',#8942,(#8946,#8953),.PCURVE_S1.);
#8942 = LINE('',#8943,#8944);
#8943 = CARTESIAN_POINT('',(-2.25,7.35,-44.1));
#8944 = VECTOR('',#8945,1.);
#8945 = DIRECTION('',(0.,0.,-1.));
#8946 = PCURVE('',#8045,#8947);
#8947 = DEFINITIONAL_REPRESENTATION('',(#8948),#8952);
#8948 = LINE('',#8949,#8950);
#8949 = CARTESIAN_POINT('',(0.8,19.1));
#8950 = VECTOR('',#8951,1.);
#8951 = DIRECTION('',(-1.,0.));
#8952 = ( GEOMETRIC_REPRESENTATION_CONTEXT(2) 
PARAMETRIC_REPRESENTATION_CONTEXT() REPRESENTATION_CONTEXT('2D SPACE',''
  ) );
#8953 = PCURVE('',#8954,#8959);
#8954 = CYLINDRICAL_SURFACE('',#8955,0.2);
#8955 = AXIS2_PLACEMENT_3D('',#8956,#8957,#8958);
#8956 = CARTESIAN_POINT('',(-2.05,7.35,-44.1));
#8957 = DIRECTION('',(0.,0.,-1.));
#8958 = DIRECTION('',(-1.,1.224646799147E-16,0.));
#8959 = DEFINITIONAL_REPRESENTATION('',(#8960),#8964);
#8960 = LINE('',#8961,#8962);
#8961 = CARTESIAN_POINT('',(-0.,0.));
#8962 = VECTOR('',#8963,1.);
#8963 = DIRECTION('',(-0.,1.));
#8964 = ( GEOMETRIC_REPRESENTATION_CONTEXT(2) 
PARAMETRIC_REPRESENTATION_CONTEXT() REPRESENTATION_CONTEXT('2D SPACE',''
  ) );
#8965 = ORIENTED_EDGE('',*,*,#8966,.F.);
#8966 = EDGE_CURVE('',#8967,#8937,#8969,.T.);
#8967 = VERTEX_POINT('',#8968);
#8968 = CARTESIAN_POINT('',(-2.25,-0.45,-43.9));
#8969 = SURFACE_CURVE('',#8970,(#8974,#8981),.PCURVE_S1.);
#8970 = LINE('',#8971,#8972);
#8971 = CARTESIAN_POINT('',(-2.25,-0.25,-43.9));
#8972 = VECTOR('',#8973,1.);
#8973 = DIRECTION('',(1.224646799147E-16,1.,0.));
#8974 = PCURVE('',#8045,#8975);
#8975 = DEFINITIONAL_REPRESENTATION('',(#8976),#8980);
#8976 = LINE('',#8977,#8978);
#8977 = CARTESIAN_POINT('',(1.,11.5));
#8978 = VECTOR('',#8979,1.);
#8979 = DIRECTION('',(0.,1.));
#8980 = ( GEOMETRIC_REPRESENTATION_CONTEXT(2) 
PARAMETRIC_REPRESENTATION_CONTEXT() REPRESENTATION_CONTEXT('2D SPACE',''
  ) );
#8981 = PCURVE('',#8982,#8987);
#8982 = CYLINDRICAL_SURFACE('',#8983,0.2);
#8983 = AXIS2_PLACEMENT_3D('',#8984,#8985,#8986);
#8984 = CARTESIAN_POINT('',(-2.05,-0.25,-43.9));
#8985 = DIRECTION('',(1.224646799147E-16,1.,0.));
#8986 = DIRECTION('',(-1.,1.224646799147E-16,0.));
#8987 = DEFINITIONAL_REPRESENTATION('',(#8988),#8992);
#8988 = LINE('',#8989,#8990);
#8989 = CARTESIAN_POINT('',(-0.,0.));
#8990 = VECTOR('',#8991,1.);
#8991 = DIRECTION('',(-0.,1.));
#8992 = ( GEOMETRIC_REPRESENTATION_CONTEXT(2) 
PARAMETRIC_REPRESENTATION_CONTEXT() REPRESENTATION_CONTEXT('2D SPACE',''
  ) );
#8993 = ORIENTED_EDGE('',*,*,#8994,.F.);
#8994 = EDGE_CURVE('',#8995,#8967,#8997,.T.);
#8995 = VERTEX_POINT('',#8996);
#8996 = CARTESIAN_POINT('',(-2.25,-0.45,-45.9));
#8997 = SURFACE_CURVE('',#8998,(#9002,#9009),.PCURVE_S1.);
#8998 = LINE('',#8999,#9000);
#8999 = CARTESIAN_POINT('',(-2.25,-0.45,-45.7));
#9000 = VECTOR('',#9001,1.);
#9001 = DIRECTION('',(0.,0.,1.));
#9002 = PCURVE('',#8045,#9003);
#9003 = DEFINITIONAL_REPRESENTATION('',(#9004),#9008);
#9004 = LINE('',#9005,#9006);
#9005 = CARTESIAN_POINT('',(-0.8,11.3));
#9006 = VECTOR('',#9007,1.);
#9007 = DIRECTION('',(1.,0.));
#9008 = ( GEOMETRIC_REPRESENTATION_CONTEXT(2) 
PARAMETRIC_REPRESENTATION_CONTEXT() REPRESENTATION_CONTEXT('2D SPACE',''
  ) );
#9009 = PCURVE('',#9010,#9015);
#9010 = CYLINDRICAL_SURFACE('',#9011,0.2);
#9011 = AXIS2_PLACEMENT_3D('',#9012,#9013,#9014);
#9012 = CARTESIAN_POINT('',(-2.05,-0.45,-45.7));
#9013 = DIRECTION('',(0.,0.,1.));
#9014 = DIRECTION('',(-1.,1.224646799147E-16,0.));
#9015 = DEFINITIONAL_REPRESENTATION('',(#9016),#9020);
#9016 = LINE('',#9017,#9018);
#9017 = CARTESIAN_POINT('',(-0.,0.));
#9018 = VECTOR('',#9019,1.);
#9019 = DIRECTION('',(-0.,1.));
#9020 = ( GEOMETRIC_REPRESENTATION_CONTEXT(2) 
PARAMETRIC_REPRESENTATION_CONTEXT() REPRESENTATION_CONTEXT('2D SPACE',''
  ) );
#9021 = ORIENTED_EDGE('',*,*,#9022,.F.);
#9022 = EDGE_CURVE('',#8939,#8995,#9023,.T.);
#9023 = SURFACE_CURVE('',#9024,(#9028,#9035),.PCURVE_S1.);
#9024 = LINE('',#9025,#9026);
#9025 = CARTESIAN_POINT('',(-2.25,7.15,-45.9));
#9026 = VECTOR('',#9027,1.);
#9027 = DIRECTION('',(-1.224646799147E-16,-1.,0.));
#9028 = PCURVE('',#8045,#9029);
#9029 = DEFINITIONAL_REPRESENTATION('',(#9030),#9034);
#9030 = LINE('',#9031,#9032);
#9031 = CARTESIAN_POINT('',(-1.,18.9));
#9032 = VECTOR('',#9033,1.);
#9033 = DIRECTION('',(0.,-1.));
#9034 = ( GEOMETRIC_REPRESENTATION_CONTEXT(2) 
PARAMETRIC_REPRESENTATION_CONTEXT() REPRESENTATION_CONTEXT('2D SPACE',''
  ) );
#9035 = PCURVE('',#9036,#9041);
#9036 = CYLINDRICAL_SURFACE('',#9037,0.2);
#9037 = AXIS2_PLACEMENT_3D('',#9038,#9039,#9040);
#9038 = CARTESIAN_POINT('',(-2.05,7.15,-45.9));
#9039 = DIRECTION('',(-1.224646799147E-16,-1.,0.));
#9040 = DIRECTION('',(-1.,1.224646799147E-16,0.));
#9041 = DEFINITIONAL_REPRESENTATION('',(#9042),#9046);
#9042 = LINE('',#9043,#9044);
#9043 = CARTESIAN_POINT('',(-0.,0.));
#9044 = VECTOR('',#9045,1.);
#9045 = DIRECTION('',(-0.,1.));
#9046 = ( GEOMETRIC_REPRESENTATION_CONTEXT(2) 
PARAMETRIC_REPRESENTATION_CONTEXT() REPRESENTATION_CONTEXT('2D SPACE',''
  ) );
#9047 = ADVANCED_FACE('',(#9048),#8073,.T.);
#9048 = FACE_BOUND('',#9049,.T.);
#9049 = EDGE_LOOP('',(#9050,#9051,#9052,#9053,#9076));
#9050 = ORIENTED_EDGE('',*,*,#8519,.F.);
#9051 = ORIENTED_EDGE('',*,*,#8057,.T.);
#9052 = ORIENTED_EDGE('',*,*,#8911,.F.);
#9053 = ORIENTED_EDGE('',*,*,#9054,.F.);
#9054 = EDGE_CURVE('',#9055,#8889,#9057,.T.);
#9055 = VERTEX_POINT('',#9056);
#9056 = CARTESIAN_POINT('',(24.25,13.95,-42.9));
#9057 = SURFACE_CURVE('',#9058,(#9062,#9069),.PCURVE_S1.);
#9058 = LINE('',#9059,#9060);
#9059 = CARTESIAN_POINT('',(20.25,13.95,-42.9));
#9060 = VECTOR('',#9061,1.);
#9061 = DIRECTION('',(-1.,1.224646799147E-16,0.));
#9062 = PCURVE('',#8073,#9063);
#9063 = DEFINITIONAL_REPRESENTATION('',(#9064),#9068);
#9064 = LINE('',#9065,#9066);
#9065 = CARTESIAN_POINT('',(-2.03332453138,-8.454191995683));
#9066 = VECTOR('',#9067,1.);
#9067 = DIRECTION('',(0.,1.));
#9068 = ( GEOMETRIC_REPRESENTATION_CONTEXT(2) 
PARAMETRIC_REPRESENTATION_CONTEXT() REPRESENTATION_CONTEXT('2D SPACE',''
  ) );
#9069 = PCURVE('',#8308,#9070);
#9070 = DEFINITIONAL_REPRESENTATION('',(#9071),#9075);
#9071 = LINE('',#9072,#9073);
#9072 = CARTESIAN_POINT('',(-9.25,-11.35));
#9073 = VECTOR('',#9074,1.);
#9074 = DIRECTION('',(1.,0.));
#9075 = ( GEOMETRIC_REPRESENTATION_CONTEXT(2) 
PARAMETRIC_REPRESENTATION_CONTEXT() REPRESENTATION_CONTEXT('2D SPACE',''
  ) );
#9076 = ORIENTED_EDGE('',*,*,#9077,.F.);
#9077 = EDGE_CURVE('',#8520,#9055,#9078,.T.);
#9078 = SURFACE_CURVE('',#9079,(#9084,#9095),.PCURVE_S1.);
#9079 = CIRCLE('',#9080,2.);
#9080 = AXIS2_PLACEMENT_3D('',#9081,#9082,#9083);
#9081 = CARTESIAN_POINT('',(24.25,13.95,-44.9));
#9082 = DIRECTION('',(-1.224646799147E-16,-1.,-0.));
#9083 = DIRECTION('',(0.,0.,-1.));
#9084 = PCURVE('',#8073,#9085);
#9085 = DEFINITIONAL_REPRESENTATION('',(#9086),#9094);
#9086 = ( BOUNDED_CURVE() B_SPLINE_CURVE(2,(#9087,#9088,#9089,#9090,
#9091,#9092,#9093),.UNSPECIFIED.,.T.,.F.) B_SPLINE_CURVE_WITH_KNOTS((1,2
    ,2,2,2,1),(-2.094395102393,0.,2.094395102393,4.188790204786,
6.28318530718,8.377580409573),.UNSPECIFIED.) CURVE() 
GEOMETRIC_REPRESENTATION_ITEM() RATIONAL_B_SPLINE_CURVE((1.,0.5,1.,0.5,
1.,0.5,1.)) REPRESENTATION_ITEM('') );
#9087 = CARTESIAN_POINT('',(1.96667546862,-12.45419199568));
#9088 = CARTESIAN_POINT('',(1.96667546862,-15.91829361082));
#9089 = CARTESIAN_POINT('',(-1.03332453138,-14.18624280325));
#9090 = CARTESIAN_POINT('',(-4.03332453138,-12.45419199568));
#9091 = CARTESIAN_POINT('',(-1.03332453138,-10.72214118811));
#9092 = CARTESIAN_POINT('',(1.96667546862,-8.990090380546));
#9093 = CARTESIAN_POINT('',(1.96667546862,-12.45419199568));
#9094 = ( GEOMETRIC_REPRESENTATION_CONTEXT(2) 
PARAMETRIC_REPRESENTATION_CONTEXT() REPRESENTATION_CONTEXT('2D SPACE',''
  ) );
#9095 = PCURVE('',#8282,#9096);
#9096 = DEFINITIONAL_REPRESENTATION('',(#9097),#9101);
#9097 = LINE('',#9098,#9099);
#9098 = CARTESIAN_POINT('',(1.570796326795,50.4));
#9099 = VECTOR('',#9100,1.);
#9100 = DIRECTION('',(-1.,0.));
#9101 = ( GEOMETRIC_REPRESENTATION_CONTEXT(2) 
PARAMETRIC_REPRESENTATION_CONTEXT() REPRESENTATION_CONTEXT('2D SPACE',''
  ) );
#9102 = ADVANCED_FACE('',(#9103),#8197,.T.);
#9103 = FACE_BOUND('',#9104,.T.);
#9104 = EDGE_LOOP('',(#9105,#9106,#9107,#9128));
#9105 = ORIENTED_EDGE('',*,*,#8698,.T.);
#9106 = ORIENTED_EDGE('',*,*,#8862,.T.);
#9107 = ORIENTED_EDGE('',*,*,#9108,.T.);
#9108 = EDGE_CURVE('',#8839,#8182,#9109,.T.);
#9109 = SURFACE_CURVE('',#9110,(#9114,#9121),.PCURVE_S1.);
#9110 = LINE('',#9111,#9112);
#9111 = CARTESIAN_POINT('',(24.25,13.95,-63.1));
#9112 = VECTOR('',#9113,1.);
#9113 = DIRECTION('',(-1.224646799147E-16,-1.,0.));
#9114 = PCURVE('',#8197,#9115);
#9115 = DEFINITIONAL_REPRESENTATION('',(#9116),#9120);
#9116 = LINE('',#9117,#9118);
#9117 = CARTESIAN_POINT('',(13.25,-25.7));
#9118 = VECTOR('',#9119,1.);
#9119 = DIRECTION('',(0.,1.));
#9120 = ( GEOMETRIC_REPRESENTATION_CONTEXT(2) 
PARAMETRIC_REPRESENTATION_CONTEXT() REPRESENTATION_CONTEXT('2D SPACE',''
  ) );
#9121 = PCURVE('',#8226,#9122);
#9122 = DEFINITIONAL_REPRESENTATION('',(#9123),#9127);
#9123 = LINE('',#9124,#9125);
#9124 = CARTESIAN_POINT('',(-1.570796326795,0.));
#9125 = VECTOR('',#9126,1.);
#9126 = DIRECTION('',(-0.,1.));
#9127 = ( GEOMETRIC_REPRESENTATION_CONTEXT(2) 
PARAMETRIC_REPRESENTATION_CONTEXT() REPRESENTATION_CONTEXT('2D SPACE',''
  ) );
#9128 = ORIENTED_EDGE('',*,*,#8181,.F.);
#9129 = ADVANCED_FACE('',(#9130),#8226,.T.);
#9130 = FACE_BOUND('',#9131,.F.);
#9131 = EDGE_LOOP('',(#9132,#9133,#9134,#9135));
#9132 = ORIENTED_EDGE('',*,*,#8564,.F.);
#9133 = ORIENTED_EDGE('',*,*,#8838,.T.);
#9134 = ORIENTED_EDGE('',*,*,#9108,.T.);
#9135 = ORIENTED_EDGE('',*,*,#8209,.T.);
#9136 = ADVANCED_FACE('',(#9137),#8282,.T.);
#9137 = FACE_BOUND('',#9138,.F.);
#9138 = EDGE_LOOP('',(#9139,#9160,#9161,#9162));
#9139 = ORIENTED_EDGE('',*,*,#9140,.F.);
#9140 = EDGE_CURVE('',#9055,#8262,#9141,.T.);
#9141 = SURFACE_CURVE('',#9142,(#9146,#9153),.PCURVE_S1.);
#9142 = LINE('',#9143,#9144);
#9143 = CARTESIAN_POINT('',(24.25,-36.45,-42.9));
#9144 = VECTOR('',#9145,1.);
#9145 = DIRECTION('',(-1.224646799147E-16,-1.,3.7E-16));
#9146 = PCURVE('',#8282,#9147);
#9147 = DEFINITIONAL_REPRESENTATION('',(#9148),#9152);
#9148 = LINE('',#9149,#9150);
#9149 = CARTESIAN_POINT('',(-1.570796326795,0.));
#9150 = VECTOR('',#9151,1.);
#9151 = DIRECTION('',(-0.,-1.));
#9152 = ( GEOMETRIC_REPRESENTATION_CONTEXT(2) 
PARAMETRIC_REPRESENTATION_CONTEXT() REPRESENTATION_CONTEXT('2D SPACE',''
  ) );
#9153 = PCURVE('',#8308,#9154);
#9154 = DEFINITIONAL_REPRESENTATION('',(#9155),#9159);
#9155 = LINE('',#9156,#9157);
#9156 = CARTESIAN_POINT('',(-13.25,39.05));
#9157 = VECTOR('',#9158,1.);
#9158 = DIRECTION('',(0.,1.));
#9159 = ( GEOMETRIC_REPRESENTATION_CONTEXT(2) 
PARAMETRIC_REPRESENTATION_CONTEXT() REPRESENTATION_CONTEXT('2D SPACE',''
  ) );
#9160 = ORIENTED_EDGE('',*,*,#9077,.F.);
#9161 = ORIENTED_EDGE('',*,*,#8542,.F.);
#9162 = ORIENTED_EDGE('',*,*,#8261,.F.);
#9163 = ADVANCED_FACE('',(#9164),#8308,.T.);
#9164 = FACE_BOUND('',#9165,.T.);
#9165 = EDGE_LOOP('',(#9166,#9167,#9168,#9169));
#9166 = ORIENTED_EDGE('',*,*,#9140,.F.);
#9167 = ORIENTED_EDGE('',*,*,#9054,.T.);
#9168 = ORIENTED_EDGE('',*,*,#8888,.T.);
#9169 = ORIENTED_EDGE('',*,*,#8294,.T.);
#9170 = ADVANCED_FACE('',(#9171),#8658,.F.);
#9171 = FACE_BOUND('',#9172,.F.);
#9172 = EDGE_LOOP('',(#9173));
#9173 = ORIENTED_EDGE('',*,*,#8643,.T.);
#9174 = ADVANCED_FACE('',(#9175),#8740,.T.);
#9175 = FACE_BOUND('',#9176,.F.);
#9176 = EDGE_LOOP('',(#9177,#9209,#9237,#9267));
#9177 = ORIENTED_EDGE('',*,*,#9178,.T.);
#9178 = EDGE_CURVE('',#8723,#9179,#9181,.T.);
#9179 = VERTEX_POINT('',#9180);
#9180 = CARTESIAN_POINT('',(-2.05,-0.25,-60.3));
#9181 = SURFACE_CURVE('',#9182,(#9187,#9198),.PCURVE_S1.);
#9182 = ELLIPSE('',#9183,0.282842712475,0.2);
#9183 = AXIS2_PLACEMENT_3D('',#9184,#9185,#9186);
#9184 = CARTESIAN_POINT('',(-2.05,-0.45,-60.1));
#9185 = DIRECTION('',(-8.659560562355E-17,-0.707106781187,
    -0.707106781187));
#9186 = DIRECTION('',(8.659560562355E-17,0.707106781187,-0.707106781187)
  );
#9187 = PCURVE('',#8740,#9188);
#9188 = DEFINITIONAL_REPRESENTATION('',(#9189),#9197);
#9189 = B_SPLINE_CURVE_WITH_KNOTS('',6,(#9190,#9191,#9192,#9193,#9194,
    #9195,#9196),.UNSPECIFIED.,.F.,.F.,(7,7),(4.712388980385,
    6.28318530718),.PIECEWISE_BEZIER_KNOTS.);
#9190 = CARTESIAN_POINT('',(3.3E-16,-0.2));
#9191 = CARTESIAN_POINT('',(-0.261799387799,-0.14764012244));
#9192 = CARTESIAN_POINT('',(-0.523597760808,-9.528418306217E-02));
#9193 = CARTESIAN_POINT('',(-0.785397946622,-4.9362531233E-02));
#9194 = CARTESIAN_POINT('',(-1.047198797763,-1.64454764403E-02));
#9195 = CARTESIAN_POINT('',(-1.308996938996,1.E-16));
#9196 = CARTESIAN_POINT('',(-1.570796326795,-1.E-17));
#9197 = ( GEOMETRIC_REPRESENTATION_CONTEXT(2) 
PARAMETRIC_REPRESENTATION_CONTEXT() REPRESENTATION_CONTEXT('2D SPACE',''
  ) );
#9198 = PCURVE('',#8768,#9199);
#9199 = DEFINITIONAL_REPRESENTATION('',(#9200),#9208);
#9200 = B_SPLINE_CURVE_WITH_KNOTS('',6,(#9201,#9202,#9203,#9204,#9205,
    #9206,#9207),.UNSPECIFIED.,.F.,.F.,(7,7),(4.712388980385,
    6.28318530718),.PIECEWISE_BEZIER_KNOTS.);
#9201 = CARTESIAN_POINT('',(3.3E-16,1.8));
#9202 = CARTESIAN_POINT('',(-0.261799387799,1.74764012244));
#9203 = CARTESIAN_POINT('',(-0.523597760808,1.695284183062));
#9204 = CARTESIAN_POINT('',(-0.785397946622,1.649362531233));
#9205 = CARTESIAN_POINT('',(-1.047198797763,1.61644547644));
#9206 = CARTESIAN_POINT('',(-1.308996938996,1.6));
#9207 = CARTESIAN_POINT('',(-1.570796326795,1.6));
#9208 = ( GEOMETRIC_REPRESENTATION_CONTEXT(2) 
PARAMETRIC_REPRESENTATION_CONTEXT() REPRESENTATION_CONTEXT('2D SPACE',''
  ) );
#9209 = ORIENTED_EDGE('',*,*,#9210,.T.);
#9210 = EDGE_CURVE('',#9179,#9211,#9213,.T.);
#9211 = VERTEX_POINT('',#9212);
#9212 = CARTESIAN_POINT('',(-2.05,7.15,-60.3));
#9213 = SURFACE_CURVE('',#9214,(#9218,#9225),.PCURVE_S1.);
#9214 = LINE('',#9215,#9216);
#9215 = CARTESIAN_POINT('',(-2.05,-0.25,-60.3));
#9216 = VECTOR('',#9217,1.);
#9217 = DIRECTION('',(1.224646799147E-16,1.,0.));
#9218 = PCURVE('',#8740,#9219);
#9219 = DEFINITIONAL_REPRESENTATION('',(#9220),#9224);
#9220 = LINE('',#9221,#9222);
#9221 = CARTESIAN_POINT('',(-1.570796326795,0.));
#9222 = VECTOR('',#9223,1.);
#9223 = DIRECTION('',(-0.,1.));
#9224 = ( GEOMETRIC_REPRESENTATION_CONTEXT(2) 
PARAMETRIC_REPRESENTATION_CONTEXT() REPRESENTATION_CONTEXT('2D SPACE',''
  ) );
#9225 = PCURVE('',#9226,#9231);
#9226 = PLANE('',#9227);
#9227 = AXIS2_PLACEMENT_3D('',#9228,#9229,#9230);
#9228 = CARTESIAN_POINT('',(-2.25,-0.25,-60.3));
#9229 = DIRECTION('',(0.,0.,1.));
#9230 = DIRECTION('',(1.224646799147E-16,1.,0.));
#9231 = DEFINITIONAL_REPRESENTATION('',(#9232),#9236);
#9232 = LINE('',#9233,#9234);
#9233 = CARTESIAN_POINT('',(2.449293598295E-17,-0.2));
#9234 = VECTOR('',#9235,1.);
#9235 = DIRECTION('',(1.,0.));
#9236 = ( GEOMETRIC_REPRESENTATION_CONTEXT(2) 
PARAMETRIC_REPRESENTATION_CONTEXT() REPRESENTATION_CONTEXT('2D SPACE',''
  ) );
#9237 = ORIENTED_EDGE('',*,*,#9238,.F.);
#9238 = EDGE_CURVE('',#8725,#9211,#9239,.T.);
#9239 = SURFACE_CURVE('',#9240,(#9245,#9256),.PCURVE_S1.);
#9240 = ELLIPSE('',#9241,0.282842712475,0.2);
#9241 = AXIS2_PLACEMENT_3D('',#9242,#9243,#9244);
#9242 = CARTESIAN_POINT('',(-2.05,7.35,-60.1));
#9243 = DIRECTION('',(-8.659560562355E-17,-0.707106781187,0.707106781187
    ));
#9244 = DIRECTION('',(8.659560562355E-17,0.707106781187,0.707106781187)
  );
#9245 = PCURVE('',#8740,#9246);
#9246 = DEFINITIONAL_REPRESENTATION('',(#9247),#9255);
#9247 = B_SPLINE_CURVE_WITH_KNOTS('',6,(#9248,#9249,#9250,#9251,#9252,
    #9253,#9254),.UNSPECIFIED.,.F.,.F.,(7,7),(1.570796326795,
    3.14159265359),.PIECEWISE_BEZIER_KNOTS.);
#9248 = CARTESIAN_POINT('',(-1.1E-16,7.6));
#9249 = CARTESIAN_POINT('',(-0.261799387799,7.54764012244));
#9250 = CARTESIAN_POINT('',(-0.523597760808,7.495284183062));
#9251 = CARTESIAN_POINT('',(-0.785397946622,7.449362531233));
#9252 = CARTESIAN_POINT('',(-1.047198797764,7.41644547644));
#9253 = CARTESIAN_POINT('',(-1.308996938996,7.4));
#9254 = CARTESIAN_POINT('',(-1.570796326795,7.4));
#9255 = ( GEOMETRIC_REPRESENTATION_CONTEXT(2) 
PARAMETRIC_REPRESENTATION_CONTEXT() REPRESENTATION_CONTEXT('2D SPACE',''
  ) );
#9256 = PCURVE('',#8822,#9257);
#9257 = DEFINITIONAL_REPRESENTATION('',(#9258),#9266);
#9258 = B_SPLINE_CURVE_WITH_KNOTS('',6,(#9259,#9260,#9261,#9262,#9263,
    #9264,#9265),.UNSPECIFIED.,.F.,.F.,(7,7),(1.570796326795,
    3.14159265359),.PIECEWISE_BEZIER_KNOTS.);
#9259 = CARTESIAN_POINT('',(1.1E-16,-0.2));
#9260 = CARTESIAN_POINT('',(-0.261799387799,-0.14764012244));
#9261 = CARTESIAN_POINT('',(-0.523597760808,-9.528418306218E-02));
#9262 = CARTESIAN_POINT('',(-0.785397946622,-4.936253123298E-02));
#9263 = CARTESIAN_POINT('',(-1.047198797763,-1.644547644032E-02));
#9264 = CARTESIAN_POINT('',(-1.308996938996,4.E-17));
#9265 = CARTESIAN_POINT('',(-1.570796326795,0.));
#9266 = ( GEOMETRIC_REPRESENTATION_CONTEXT(2) 
PARAMETRIC_REPRESENTATION_CONTEXT() REPRESENTATION_CONTEXT('2D SPACE',''
  ) );
#9267 = ORIENTED_EDGE('',*,*,#8722,.F.);
#9268 = ADVANCED_FACE('',(#9269),#8768,.T.);
#9269 = FACE_BOUND('',#9270,.F.);
#9270 = EDGE_LOOP('',(#9271,#9303,#9329,#9330));
#9271 = ORIENTED_EDGE('',*,*,#9272,.T.);
#9272 = EDGE_CURVE('',#8753,#9273,#9275,.T.);
#9273 = VERTEX_POINT('',#9274);
#9274 = CARTESIAN_POINT('',(-2.05,-0.25,-61.9));
#9275 = SURFACE_CURVE('',#9276,(#9281,#9292),.PCURVE_S1.);
#9276 = ELLIPSE('',#9277,0.282842712475,0.2);
#9277 = AXIS2_PLACEMENT_3D('',#9278,#9279,#9280);
#9278 = CARTESIAN_POINT('',(-2.05,-0.45,-62.1));
#9279 = DIRECTION('',(8.659560562355E-17,0.707106781187,-0.707106781187)
  );
#9280 = DIRECTION('',(-8.659560562355E-17,-0.707106781187,
    -0.707106781187));
#9281 = PCURVE('',#8768,#9282);
#9282 = DEFINITIONAL_REPRESENTATION('',(#9283),#9291);
#9283 = B_SPLINE_CURVE_WITH_KNOTS('',6,(#9284,#9285,#9286,#9287,#9288,
    #9289,#9290),.UNSPECIFIED.,.F.,.F.,(7,7),(1.570796326795,
    3.14159265359),.PIECEWISE_BEZIER_KNOTS.);
#9284 = CARTESIAN_POINT('',(-1.1E-16,-0.2));
#9285 = CARTESIAN_POINT('',(-0.261799387799,-0.14764012244));
#9286 = CARTESIAN_POINT('',(-0.523597760808,-9.528418306218E-02));
#9287 = CARTESIAN_POINT('',(-0.785397946623,-4.936253123299E-02));
#9288 = CARTESIAN_POINT('',(-1.047198797763,-1.644547644031E-02));
#9289 = CARTESIAN_POINT('',(-1.308996938996,5.E-17));
#9290 = CARTESIAN_POINT('',(-1.570796326795,-1.E-17));
#9291 = ( GEOMETRIC_REPRESENTATION_CONTEXT(2) 
PARAMETRIC_REPRESENTATION_CONTEXT() REPRESENTATION_CONTEXT('2D SPACE',''
  ) );
#9292 = PCURVE('',#8796,#9293);
#9293 = DEFINITIONAL_REPRESENTATION('',(#9294),#9302);
#9294 = B_SPLINE_CURVE_WITH_KNOTS('',6,(#9295,#9296,#9297,#9298,#9299,
    #9300,#9301),.UNSPECIFIED.,.F.,.F.,(7,7),(1.570796326795,
    3.14159265359),.PIECEWISE_BEZIER_KNOTS.);
#9295 = CARTESIAN_POINT('',(0.,7.6));
#9296 = CARTESIAN_POINT('',(-0.261799387799,7.54764012244));
#9297 = CARTESIAN_POINT('',(-0.523597760808,7.495284183062));
#9298 = CARTESIAN_POINT('',(-0.785397946622,7.449362531233));
#9299 = CARTESIAN_POINT('',(-1.047198797763,7.41644547644));
#9300 = CARTESIAN_POINT('',(-1.308996938996,7.4));
#9301 = CARTESIAN_POINT('',(-1.570796326795,7.4));
#9302 = ( GEOMETRIC_REPRESENTATION_CONTEXT(2) 
PARAMETRIC_REPRESENTATION_CONTEXT() REPRESENTATION_CONTEXT('2D SPACE',''
  ) );
#9303 = ORIENTED_EDGE('',*,*,#9304,.T.);
#9304 = EDGE_CURVE('',#9273,#9179,#9305,.T.);
#9305 = SURFACE_CURVE('',#9306,(#9310,#9317),.PCURVE_S1.);
#9306 = LINE('',#9307,#9308);
#9307 = CARTESIAN_POINT('',(-2.05,-0.25,-61.9));
#9308 = VECTOR('',#9309,1.);
#9309 = DIRECTION('',(0.,0.,1.));
#9310 = PCURVE('',#8768,#9311);
#9311 = DEFINITIONAL_REPRESENTATION('',(#9312),#9316);
#9312 = LINE('',#9313,#9314);
#9313 = CARTESIAN_POINT('',(-1.570796326795,0.));
#9314 = VECTOR('',#9315,1.);
#9315 = DIRECTION('',(-0.,1.));
#9316 = ( GEOMETRIC_REPRESENTATION_CONTEXT(2) 
PARAMETRIC_REPRESENTATION_CONTEXT() REPRESENTATION_CONTEXT('2D SPACE',''
  ) );
#9317 = PCURVE('',#9318,#9323);
#9318 = PLANE('',#9319);
#9319 = AXIS2_PLACEMENT_3D('',#9320,#9321,#9322);
#9320 = CARTESIAN_POINT('',(-2.25,-0.25,-61.9));
#9321 = DIRECTION('',(-1.224646799147E-16,-1.,0.));
#9322 = DIRECTION('',(0.,0.,1.));
#9323 = DEFINITIONAL_REPRESENTATION('',(#9324),#9328);
#9324 = LINE('',#9325,#9326);
#9325 = CARTESIAN_POINT('',(0.,-0.2));
#9326 = VECTOR('',#9327,1.);
#9327 = DIRECTION('',(1.,0.));
#9328 = ( GEOMETRIC_REPRESENTATION_CONTEXT(2) 
PARAMETRIC_REPRESENTATION_CONTEXT() REPRESENTATION_CONTEXT('2D SPACE',''
  ) );
#9329 = ORIENTED_EDGE('',*,*,#9178,.F.);
#9330 = ORIENTED_EDGE('',*,*,#8752,.F.);
#9331 = ADVANCED_FACE('',(#9332),#8822,.T.);
#9332 = FACE_BOUND('',#9333,.F.);
#9333 = EDGE_LOOP('',(#9334,#9335,#9363,#9393));
#9334 = ORIENTED_EDGE('',*,*,#9238,.T.);
#9335 = ORIENTED_EDGE('',*,*,#9336,.T.);
#9336 = EDGE_CURVE('',#9211,#9337,#9339,.T.);
#9337 = VERTEX_POINT('',#9338);
#9338 = CARTESIAN_POINT('',(-2.05,7.15,-61.9));
#9339 = SURFACE_CURVE('',#9340,(#9344,#9351),.PCURVE_S1.);
#9340 = LINE('',#9341,#9342);
#9341 = CARTESIAN_POINT('',(-2.05,7.15,-60.3));
#9342 = VECTOR('',#9343,1.);
#9343 = DIRECTION('',(0.,0.,-1.));
#9344 = PCURVE('',#8822,#9345);
#9345 = DEFINITIONAL_REPRESENTATION('',(#9346),#9350);
#9346 = LINE('',#9347,#9348);
#9347 = CARTESIAN_POINT('',(-1.570796326795,0.));
#9348 = VECTOR('',#9349,1.);
#9349 = DIRECTION('',(-0.,1.));
#9350 = ( GEOMETRIC_REPRESENTATION_CONTEXT(2) 
PARAMETRIC_REPRESENTATION_CONTEXT() REPRESENTATION_CONTEXT('2D SPACE',''
  ) );
#9351 = PCURVE('',#9352,#9357);
#9352 = PLANE('',#9353);
#9353 = AXIS2_PLACEMENT_3D('',#9354,#9355,#9356);
#9354 = CARTESIAN_POINT('',(-2.25,7.15,-60.3));
#9355 = DIRECTION('',(1.224646799147E-16,1.,0.));
#9356 = DIRECTION('',(0.,0.,-1.));
#9357 = DEFINITIONAL_REPRESENTATION('',(#9358),#9362);
#9358 = LINE('',#9359,#9360);
#9359 = CARTESIAN_POINT('',(0.,-0.2));
#9360 = VECTOR('',#9361,1.);
#9361 = DIRECTION('',(1.,0.));
#9362 = ( GEOMETRIC_REPRESENTATION_CONTEXT(2) 
PARAMETRIC_REPRESENTATION_CONTEXT() REPRESENTATION_CONTEXT('2D SPACE',''
  ) );
#9363 = ORIENTED_EDGE('',*,*,#9364,.F.);
#9364 = EDGE_CURVE('',#8781,#9337,#9365,.T.);
#9365 = SURFACE_CURVE('',#9366,(#9371,#9382),.PCURVE_S1.);
#9366 = ELLIPSE('',#9367,0.282842712475,0.2);
#9367 = AXIS2_PLACEMENT_3D('',#9368,#9369,#9370);
#9368 = CARTESIAN_POINT('',(-2.05,7.35,-62.1));
#9369 = DIRECTION('',(8.659560562355E-17,0.707106781187,0.707106781187)
  );
#9370 = DIRECTION('',(8.659560562355E-17,0.707106781187,-0.707106781187)
  );
#9371 = PCURVE('',#8822,#9372);
#9372 = DEFINITIONAL_REPRESENTATION('',(#9373),#9381);
#9373 = B_SPLINE_CURVE_WITH_KNOTS('',6,(#9374,#9375,#9376,#9377,#9378,
    #9379,#9380),.UNSPECIFIED.,.F.,.F.,(7,7),(1.570796326795,
    3.14159265359),.PIECEWISE_BEZIER_KNOTS.);
#9374 = CARTESIAN_POINT('',(1.1E-16,1.8));
#9375 = CARTESIAN_POINT('',(-0.261799387799,1.74764012244));
#9376 = CARTESIAN_POINT('',(-0.523597760808,1.695284183062));
#9377 = CARTESIAN_POINT('',(-0.785397946622,1.649362531233));
#9378 = CARTESIAN_POINT('',(-1.047198797763,1.61644547644));
#9379 = CARTESIAN_POINT('',(-1.308996938996,1.6));
#9380 = CARTESIAN_POINT('',(-1.570796326795,1.6));
#9381 = ( GEOMETRIC_REPRESENTATION_CONTEXT(2) 
PARAMETRIC_REPRESENTATION_CONTEXT() REPRESENTATION_CONTEXT('2D SPACE',''
  ) );
#9382 = PCURVE('',#8796,#9383);
#9383 = DEFINITIONAL_REPRESENTATION('',(#9384),#9392);
#9384 = B_SPLINE_CURVE_WITH_KNOTS('',6,(#9385,#9386,#9387,#9388,#9389,
    #9390,#9391),.UNSPECIFIED.,.F.,.F.,(7,7),(1.570796326795,
    3.14159265359),.PIECEWISE_BEZIER_KNOTS.);
#9385 = CARTESIAN_POINT('',(-2.2E-16,-0.2));
#9386 = CARTESIAN_POINT('',(-0.261799387799,-0.14764012244));
#9387 = CARTESIAN_POINT('',(-0.523597760808,-9.528418306218E-02));
#9388 = CARTESIAN_POINT('',(-0.785397946622,-4.936253123299E-02));
#9389 = CARTESIAN_POINT('',(-1.047198797763,-1.644547644031E-02));
#9390 = CARTESIAN_POINT('',(-1.308996938996,1.1E-16));
#9391 = CARTESIAN_POINT('',(-1.570796326795,1.E-17));
#9392 = ( GEOMETRIC_REPRESENTATION_CONTEXT(2) 
PARAMETRIC_REPRESENTATION_CONTEXT() REPRESENTATION_CONTEXT('2D SPACE',''
  ) );
#9393 = ORIENTED_EDGE('',*,*,#8808,.F.);
#9394 = ADVANCED_FACE('',(#9395),#8796,.T.);
#9395 = FACE_BOUND('',#9396,.F.);
#9396 = EDGE_LOOP('',(#9397,#9398,#9424,#9425));
#9397 = ORIENTED_EDGE('',*,*,#9364,.T.);
#9398 = ORIENTED_EDGE('',*,*,#9399,.T.);
#9399 = EDGE_CURVE('',#9337,#9273,#9400,.T.);
#9400 = SURFACE_CURVE('',#9401,(#9405,#9412),.PCURVE_S1.);
#9401 = LINE('',#9402,#9403);
#9402 = CARTESIAN_POINT('',(-2.05,7.15,-61.9));
#9403 = VECTOR('',#9404,1.);
#9404 = DIRECTION('',(-1.224646799147E-16,-1.,0.));
#9405 = PCURVE('',#8796,#9406);
#9406 = DEFINITIONAL_REPRESENTATION('',(#9407),#9411);
#9407 = LINE('',#9408,#9409);
#9408 = CARTESIAN_POINT('',(-1.570796326795,0.));
#9409 = VECTOR('',#9410,1.);
#9410 = DIRECTION('',(-0.,1.));
#9411 = ( GEOMETRIC_REPRESENTATION_CONTEXT(2) 
PARAMETRIC_REPRESENTATION_CONTEXT() REPRESENTATION_CONTEXT('2D SPACE',''
  ) );
#9412 = PCURVE('',#9413,#9418);
#9413 = PLANE('',#9414);
#9414 = AXIS2_PLACEMENT_3D('',#9415,#9416,#9417);
#9415 = CARTESIAN_POINT('',(-2.25,7.15,-61.9));
#9416 = DIRECTION('',(0.,0.,-1.));
#9417 = DIRECTION('',(-1.224646799147E-16,-1.,0.));
#9418 = DEFINITIONAL_REPRESENTATION('',(#9419),#9423);
#9419 = LINE('',#9420,#9421);
#9420 = CARTESIAN_POINT('',(-2.449293598295E-17,-0.2));
#9421 = VECTOR('',#9422,1.);
#9422 = DIRECTION('',(1.,0.));
#9423 = ( GEOMETRIC_REPRESENTATION_CONTEXT(2) 
PARAMETRIC_REPRESENTATION_CONTEXT() REPRESENTATION_CONTEXT('2D SPACE',''
  ) );
#9424 = ORIENTED_EDGE('',*,*,#9272,.F.);
#9425 = ORIENTED_EDGE('',*,*,#8780,.F.);
#9426 = ADVANCED_FACE('',(#9427),#8954,.T.);
#9427 = FACE_BOUND('',#9428,.F.);
#9428 = EDGE_LOOP('',(#9429,#9461,#9489,#9519));
#9429 = ORIENTED_EDGE('',*,*,#9430,.T.);
#9430 = EDGE_CURVE('',#8937,#9431,#9433,.T.);
#9431 = VERTEX_POINT('',#9432);
#9432 = CARTESIAN_POINT('',(-2.05,7.15,-44.1));
#9433 = SURFACE_CURVE('',#9434,(#9439,#9450),.PCURVE_S1.);
#9434 = ELLIPSE('',#9435,0.282842712475,0.2);
#9435 = AXIS2_PLACEMENT_3D('',#9436,#9437,#9438);
#9436 = CARTESIAN_POINT('',(-2.05,7.35,-43.9));
#9437 = DIRECTION('',(-8.659560562355E-17,-0.707106781187,0.707106781187
    ));
#9438 = DIRECTION('',(-8.659560562355E-17,-0.707106781187,
    -0.707106781187));
#9439 = PCURVE('',#8954,#9440);
#9440 = DEFINITIONAL_REPRESENTATION('',(#9441),#9449);
#9441 = B_SPLINE_CURVE_WITH_KNOTS('',6,(#9442,#9443,#9444,#9445,#9446,
    #9447,#9448),.UNSPECIFIED.,.F.,.F.,(7,7),(4.712388980385,
    6.28318530718),.PIECEWISE_BEZIER_KNOTS.);
#9442 = CARTESIAN_POINT('',(2.2E-16,-0.2));
#9443 = CARTESIAN_POINT('',(-0.261799387799,-0.14764012244));
#9444 = CARTESIAN_POINT('',(-0.523597760808,-9.528418306218E-02));
#9445 = CARTESIAN_POINT('',(-0.785397946623,-4.936253123299E-02));
#9446 = CARTESIAN_POINT('',(-1.047198797763,-1.644547644031E-02));
#9447 = CARTESIAN_POINT('',(-1.308996938996,8.E-17));
#9448 = CARTESIAN_POINT('',(-1.570796326795,1.E-17));
#9449 = ( GEOMETRIC_REPRESENTATION_CONTEXT(2) 
PARAMETRIC_REPRESENTATION_CONTEXT() REPRESENTATION_CONTEXT('2D SPACE',''
  ) );
#9450 = PCURVE('',#8982,#9451);
#9451 = DEFINITIONAL_REPRESENTATION('',(#9452),#9460);
#9452 = B_SPLINE_CURVE_WITH_KNOTS('',6,(#9453,#9454,#9455,#9456,#9457,
    #9458,#9459),.UNSPECIFIED.,.F.,.F.,(7,7),(4.712388980385,
    6.28318530718),.PIECEWISE_BEZIER_KNOTS.);
#9453 = CARTESIAN_POINT('',(2.2E-16,7.6));
#9454 = CARTESIAN_POINT('',(-0.261799387799,7.54764012244));
#9455 = CARTESIAN_POINT('',(-0.523597760808,7.495284183062));
#9456 = CARTESIAN_POINT('',(-0.785397946622,7.449362531233));
#9457 = CARTESIAN_POINT('',(-1.047198797763,7.41644547644));
#9458 = CARTESIAN_POINT('',(-1.308996938996,7.4));
#9459 = CARTESIAN_POINT('',(-1.570796326795,7.4));
#9460 = ( GEOMETRIC_REPRESENTATION_CONTEXT(2) 
PARAMETRIC_REPRESENTATION_CONTEXT() REPRESENTATION_CONTEXT('2D SPACE',''
  ) );
#9461 = ORIENTED_EDGE('',*,*,#9462,.T.);
#9462 = EDGE_CURVE('',#9431,#9463,#9465,.T.);
#9463 = VERTEX_POINT('',#9464);
#9464 = CARTESIAN_POINT('',(-2.05,7.15,-45.7));
#9465 = SURFACE_CURVE('',#9466,(#9470,#9477),.PCURVE_S1.);
#9466 = LINE('',#9467,#9468);
#9467 = CARTESIAN_POINT('',(-2.05,7.15,-44.1));
#9468 = VECTOR('',#9469,1.);
#9469 = DIRECTION('',(0.,0.,-1.));
#9470 = PCURVE('',#8954,#9471);
#9471 = DEFINITIONAL_REPRESENTATION('',(#9472),#9476);
#9472 = LINE('',#9473,#9474);
#9473 = CARTESIAN_POINT('',(-1.570796326795,0.));
#9474 = VECTOR('',#9475,1.);
#9475 = DIRECTION('',(-0.,1.));
#9476 = ( GEOMETRIC_REPRESENTATION_CONTEXT(2) 
PARAMETRIC_REPRESENTATION_CONTEXT() REPRESENTATION_CONTEXT('2D SPACE',''
  ) );
#9477 = PCURVE('',#9478,#9483);
#9478 = PLANE('',#9479);
#9479 = AXIS2_PLACEMENT_3D('',#9480,#9481,#9482);
#9480 = CARTESIAN_POINT('',(-2.25,7.15,-44.1));
#9481 = DIRECTION('',(1.224646799147E-16,1.,0.));
#9482 = DIRECTION('',(0.,0.,-1.));
#9483 = DEFINITIONAL_REPRESENTATION('',(#9484),#9488);
#9484 = LINE('',#9485,#9486);
#9485 = CARTESIAN_POINT('',(0.,-0.2));
#9486 = VECTOR('',#9487,1.);
#9487 = DIRECTION('',(1.,0.));
#9488 = ( GEOMETRIC_REPRESENTATION_CONTEXT(2) 
PARAMETRIC_REPRESENTATION_CONTEXT() REPRESENTATION_CONTEXT('2D SPACE',''
  ) );
#9489 = ORIENTED_EDGE('',*,*,#9490,.F.);
#9490 = EDGE_CURVE('',#8939,#9463,#9491,.T.);
#9491 = SURFACE_CURVE('',#9492,(#9497,#9508),.PCURVE_S1.);
#9492 = ELLIPSE('',#9493,0.282842712475,0.2);
#9493 = AXIS2_PLACEMENT_3D('',#9494,#9495,#9496);
#9494 = CARTESIAN_POINT('',(-2.05,7.35,-45.9));
#9495 = DIRECTION('',(8.659560562355E-17,0.707106781187,0.707106781187)
  );
#9496 = DIRECTION('',(8.659560562355E-17,0.707106781187,-0.707106781187)
  );
#9497 = PCURVE('',#8954,#9498);
#9498 = DEFINITIONAL_REPRESENTATION('',(#9499),#9507);
#9499 = B_SPLINE_CURVE_WITH_KNOTS('',6,(#9500,#9501,#9502,#9503,#9504,
    #9505,#9506),.UNSPECIFIED.,.F.,.F.,(7,7),(1.570796326795,
    3.14159265359),.PIECEWISE_BEZIER_KNOTS.);
#9500 = CARTESIAN_POINT('',(1.1E-16,1.8));
#9501 = CARTESIAN_POINT('',(-0.261799387799,1.74764012244));
#9502 = CARTESIAN_POINT('',(-0.523597760808,1.695284183062));
#9503 = CARTESIAN_POINT('',(-0.785397946622,1.649362531233));
#9504 = CARTESIAN_POINT('',(-1.047198797763,1.61644547644));
#9505 = CARTESIAN_POINT('',(-1.308996938996,1.6));
#9506 = CARTESIAN_POINT('',(-1.570796326795,1.6));
#9507 = ( GEOMETRIC_REPRESENTATION_CONTEXT(2) 
PARAMETRIC_REPRESENTATION_CONTEXT() REPRESENTATION_CONTEXT('2D SPACE',''
  ) );
#9508 = PCURVE('',#9036,#9509);
#9509 = DEFINITIONAL_REPRESENTATION('',(#9510),#9518);
#9510 = B_SPLINE_CURVE_WITH_KNOTS('',6,(#9511,#9512,#9513,#9514,#9515,
    #9516,#9517),.UNSPECIFIED.,.F.,.F.,(7,7),(1.570796326795,
    3.14159265359),.PIECEWISE_BEZIER_KNOTS.);
#9511 = CARTESIAN_POINT('',(1.1E-16,-0.2));
#9512 = CARTESIAN_POINT('',(-0.261799387799,-0.14764012244));
#9513 = CARTESIAN_POINT('',(-0.523597760808,-9.528418306218E-02));
#9514 = CARTESIAN_POINT('',(-0.785397946622,-4.936253123299E-02));
#9515 = CARTESIAN_POINT('',(-1.047198797763,-1.644547644031E-02));
#9516 = CARTESIAN_POINT('',(-1.308996938996,1.E-16));
#9517 = CARTESIAN_POINT('',(-1.570796326795,1.E-17));
#9518 = ( GEOMETRIC_REPRESENTATION_CONTEXT(2) 
PARAMETRIC_REPRESENTATION_CONTEXT() REPRESENTATION_CONTEXT('2D SPACE',''
  ) );
#9519 = ORIENTED_EDGE('',*,*,#8936,.F.);
#9520 = ADVANCED_FACE('',(#9521),#8982,.T.);
#9521 = FACE_BOUND('',#9522,.F.);
#9522 = EDGE_LOOP('',(#9523,#9555,#9581,#9582));
#9523 = ORIENTED_EDGE('',*,*,#9524,.T.);
#9524 = EDGE_CURVE('',#8967,#9525,#9527,.T.);
#9525 = VERTEX_POINT('',#9526);
#9526 = CARTESIAN_POINT('',(-2.05,-0.25,-44.1));
#9527 = SURFACE_CURVE('',#9528,(#9533,#9544),.PCURVE_S1.);
#9528 = ELLIPSE('',#9529,0.282842712475,0.2);
#9529 = AXIS2_PLACEMENT_3D('',#9530,#9531,#9532);
#9530 = CARTESIAN_POINT('',(-2.05,-0.45,-43.9));
#9531 = DIRECTION('',(-8.659560562355E-17,-0.707106781187,
    -0.707106781187));
#9532 = DIRECTION('',(8.659560562355E-17,0.707106781187,-0.707106781187)
  );
#9533 = PCURVE('',#8982,#9534);
#9534 = DEFINITIONAL_REPRESENTATION('',(#9535),#9543);
#9535 = B_SPLINE_CURVE_WITH_KNOTS('',6,(#9536,#9537,#9538,#9539,#9540,
    #9541,#9542),.UNSPECIFIED.,.F.,.F.,(7,7),(4.712389522795,
    6.28318530718),.PIECEWISE_BEZIER_KNOTS.);
#9536 = CARTESIAN_POINT('',(-5.42410454E-07,-0.199999891518));
#9537 = CARTESIAN_POINT('',(-0.261799839808,-0.147640032038));
#9538 = CARTESIAN_POINT('',(-0.523598122418,-9.528411965256E-02));
#9539 = CARTESIAN_POINT('',(-0.785398217828,-4.93624971133E-02));
#9540 = CARTESIAN_POINT('',(-1.047198978564,-1.644546509054E-02));
#9541 = CARTESIAN_POINT('',(-1.308997029397,-8.E-17));
#9542 = CARTESIAN_POINT('',(-1.570796326795,1.E-17));
#9543 = ( GEOMETRIC_REPRESENTATION_CONTEXT(2) 
PARAMETRIC_REPRESENTATION_CONTEXT() REPRESENTATION_CONTEXT('2D SPACE',''
  ) );
#9544 = PCURVE('',#9010,#9545);
#9545 = DEFINITIONAL_REPRESENTATION('',(#9546),#9554);
#9546 = B_SPLINE_CURVE_WITH_KNOTS('',6,(#9547,#9548,#9549,#9550,#9551,
    #9552,#9553),.UNSPECIFIED.,.F.,.F.,(7,7),(4.712389522795,
    6.28318530718),.PIECEWISE_BEZIER_KNOTS.);
#9547 = CARTESIAN_POINT('',(-5.42410454E-07,1.799999891518));
#9548 = CARTESIAN_POINT('',(-0.261799839808,1.747640032038));
#9549 = CARTESIAN_POINT('',(-0.523598122418,1.695284119653));
#9550 = CARTESIAN_POINT('',(-0.785398217828,1.649362497113));
#9551 = CARTESIAN_POINT('',(-1.047198978564,1.616445465091));
#9552 = CARTESIAN_POINT('',(-1.308997029397,1.6));
#9553 = CARTESIAN_POINT('',(-1.570796326795,1.6));
#9554 = ( GEOMETRIC_REPRESENTATION_CONTEXT(2) 
PARAMETRIC_REPRESENTATION_CONTEXT() REPRESENTATION_CONTEXT('2D SPACE',''
  ) );
#9555 = ORIENTED_EDGE('',*,*,#9556,.T.);
#9556 = EDGE_CURVE('',#9525,#9431,#9557,.T.);
#9557 = SURFACE_CURVE('',#9558,(#9562,#9569),.PCURVE_S1.);
#9558 = LINE('',#9559,#9560);
#9559 = CARTESIAN_POINT('',(-2.05,-0.25,-44.1));
#9560 = VECTOR('',#9561,1.);
#9561 = DIRECTION('',(1.224646799147E-16,1.,0.));
#9562 = PCURVE('',#8982,#9563);
#9563 = DEFINITIONAL_REPRESENTATION('',(#9564),#9568);
#9564 = LINE('',#9565,#9566);
#9565 = CARTESIAN_POINT('',(-1.570796326795,0.));
#9566 = VECTOR('',#9567,1.);
#9567 = DIRECTION('',(-0.,1.));
#9568 = ( GEOMETRIC_REPRESENTATION_CONTEXT(2) 
PARAMETRIC_REPRESENTATION_CONTEXT() REPRESENTATION_CONTEXT('2D SPACE',''
  ) );
#9569 = PCURVE('',#9570,#9575);
#9570 = PLANE('',#9571);
#9571 = AXIS2_PLACEMENT_3D('',#9572,#9573,#9574);
#9572 = CARTESIAN_POINT('',(-2.25,-0.25,-44.1));
#9573 = DIRECTION('',(0.,0.,1.));
#9574 = DIRECTION('',(1.224646799147E-16,1.,0.));
#9575 = DEFINITIONAL_REPRESENTATION('',(#9576),#9580);
#9576 = LINE('',#9577,#9578);
#9577 = CARTESIAN_POINT('',(2.449293598295E-17,-0.2));
#9578 = VECTOR('',#9579,1.);
#9579 = DIRECTION('',(1.,0.));
#9580 = ( GEOMETRIC_REPRESENTATION_CONTEXT(2) 
PARAMETRIC_REPRESENTATION_CONTEXT() REPRESENTATION_CONTEXT('2D SPACE',''
  ) );
#9581 = ORIENTED_EDGE('',*,*,#9430,.F.);
#9582 = ORIENTED_EDGE('',*,*,#8966,.F.);
#9583 = ADVANCED_FACE('',(#9584),#9036,.T.);
#9584 = FACE_BOUND('',#9585,.F.);
#9585 = EDGE_LOOP('',(#9586,#9587,#9615,#9645));
#9586 = ORIENTED_EDGE('',*,*,#9490,.T.);
#9587 = ORIENTED_EDGE('',*,*,#9588,.T.);
#9588 = EDGE_CURVE('',#9463,#9589,#9591,.T.);
#9589 = VERTEX_POINT('',#9590);
#9590 = CARTESIAN_POINT('',(-2.05,-0.25,-45.7));
#9591 = SURFACE_CURVE('',#9592,(#9596,#9603),.PCURVE_S1.);
#9592 = LINE('',#9593,#9594);
#9593 = CARTESIAN_POINT('',(-2.05,7.15,-45.7));
#9594 = VECTOR('',#9595,1.);
#9595 = DIRECTION('',(-1.224646799147E-16,-1.,0.));
#9596 = PCURVE('',#9036,#9597);
#9597 = DEFINITIONAL_REPRESENTATION('',(#9598),#9602);
#9598 = LINE('',#9599,#9600);
#9599 = CARTESIAN_POINT('',(-1.570796326795,0.));
#9600 = VECTOR('',#9601,1.);
#9601 = DIRECTION('',(-0.,1.));
#9602 = ( GEOMETRIC_REPRESENTATION_CONTEXT(2) 
PARAMETRIC_REPRESENTATION_CONTEXT() REPRESENTATION_CONTEXT('2D SPACE',''
  ) );
#9603 = PCURVE('',#9604,#9609);
#9604 = PLANE('',#9605);
#9605 = AXIS2_PLACEMENT_3D('',#9606,#9607,#9608);
#9606 = CARTESIAN_POINT('',(-2.25,7.15,-45.7));
#9607 = DIRECTION('',(0.,0.,-1.));
#9608 = DIRECTION('',(-1.224646799147E-16,-1.,0.));
#9609 = DEFINITIONAL_REPRESENTATION('',(#9610),#9614);
#9610 = LINE('',#9611,#9612);
#9611 = CARTESIAN_POINT('',(-2.449293598295E-17,-0.2));
#9612 = VECTOR('',#9613,1.);
#9613 = DIRECTION('',(1.,0.));
#9614 = ( GEOMETRIC_REPRESENTATION_CONTEXT(2) 
PARAMETRIC_REPRESENTATION_CONTEXT() REPRESENTATION_CONTEXT('2D SPACE',''
  ) );
#9615 = ORIENTED_EDGE('',*,*,#9616,.F.);
#9616 = EDGE_CURVE('',#8995,#9589,#9617,.T.);
#9617 = SURFACE_CURVE('',#9618,(#9623,#9634),.PCURVE_S1.);
#9618 = ELLIPSE('',#9619,0.282842712475,0.2);
#9619 = AXIS2_PLACEMENT_3D('',#9620,#9621,#9622);
#9620 = CARTESIAN_POINT('',(-2.05,-0.45,-45.9));
#9621 = DIRECTION('',(8.659560562355E-17,0.707106781187,-0.707106781187)
  );
#9622 = DIRECTION('',(-8.659560562355E-17,-0.707106781187,
    -0.707106781187));
#9623 = PCURVE('',#9036,#9624);
#9624 = DEFINITIONAL_REPRESENTATION('',(#9625),#9633);
#9625 = B_SPLINE_CURVE_WITH_KNOTS('',6,(#9626,#9627,#9628,#9629,#9630,
    #9631,#9632),.UNSPECIFIED.,.F.,.F.,(7,7),(1.570796326795,
    3.14159265359),.PIECEWISE_BEZIER_KNOTS.);
#9626 = CARTESIAN_POINT('',(-1.1E-16,7.6));
#9627 = CARTESIAN_POINT('',(-0.261799387799,7.54764012244));
#9628 = CARTESIAN_POINT('',(-0.523597760808,7.495284183062));
#9629 = CARTESIAN_POINT('',(-0.785397946622,7.449362531233));
#9630 = CARTESIAN_POINT('',(-1.047198797764,7.41644547644));
#9631 = CARTESIAN_POINT('',(-1.308996938996,7.4));
#9632 = CARTESIAN_POINT('',(-1.570796326795,7.4));
#9633 = ( GEOMETRIC_REPRESENTATION_CONTEXT(2) 
PARAMETRIC_REPRESENTATION_CONTEXT() REPRESENTATION_CONTEXT('2D SPACE',''
  ) );
#9634 = PCURVE('',#9010,#9635);
#9635 = DEFINITIONAL_REPRESENTATION('',(#9636),#9644);
#9636 = B_SPLINE_CURVE_WITH_KNOTS('',6,(#9637,#9638,#9639,#9640,#9641,
    #9642,#9643),.UNSPECIFIED.,.F.,.F.,(7,7),(1.570796326795,
    3.14159265359),.PIECEWISE_BEZIER_KNOTS.);
#9637 = CARTESIAN_POINT('',(1.1E-16,-0.2));
#9638 = CARTESIAN_POINT('',(-0.261799387799,-0.14764012244));
#9639 = CARTESIAN_POINT('',(-0.523597760808,-9.528418306218E-02));
#9640 = CARTESIAN_POINT('',(-0.785397946622,-4.936253123298E-02));
#9641 = CARTESIAN_POINT('',(-1.047198797763,-1.644547644032E-02));
#9642 = CARTESIAN_POINT('',(-1.308996938996,4.E-17));
#9643 = CARTESIAN_POINT('',(-1.570796326795,0.));
#9644 = ( GEOMETRIC_REPRESENTATION_CONTEXT(2) 
PARAMETRIC_REPRESENTATION_CONTEXT() REPRESENTATION_CONTEXT('2D SPACE',''
  ) );
#9645 = ORIENTED_EDGE('',*,*,#9022,.F.);
#9646 = ADVANCED_FACE('',(#9647),#9010,.T.);
#9647 = FACE_BOUND('',#9648,.F.);
#9648 = EDGE_LOOP('',(#9649,#9650,#9676,#9677));
#9649 = ORIENTED_EDGE('',*,*,#9616,.T.);
#9650 = ORIENTED_EDGE('',*,*,#9651,.T.);
#9651 = EDGE_CURVE('',#9589,#9525,#9652,.T.);
#9652 = SURFACE_CURVE('',#9653,(#9657,#9664),.PCURVE_S1.);
#9653 = LINE('',#9654,#9655);
#9654 = CARTESIAN_POINT('',(-2.05,-0.25,-45.7));
#9655 = VECTOR('',#9656,1.);
#9656 = DIRECTION('',(0.,0.,1.));
#9657 = PCURVE('',#9010,#9658);
#9658 = DEFINITIONAL_REPRESENTATION('',(#9659),#9663);
#9659 = LINE('',#9660,#9661);
#9660 = CARTESIAN_POINT('',(-1.570796326795,0.));
#9661 = VECTOR('',#9662,1.);
#9662 = DIRECTION('',(-0.,1.));
#9663 = ( GEOMETRIC_REPRESENTATION_CONTEXT(2) 
PARAMETRIC_REPRESENTATION_CONTEXT() REPRESENTATION_CONTEXT('2D SPACE',''
  ) );
#9664 = PCURVE('',#9665,#9670);
#9665 = PLANE('',#9666);
#9666 = AXIS2_PLACEMENT_3D('',#9667,#9668,#9669);
#9667 = CARTESIAN_POINT('',(-2.25,-0.25,-45.7));
#9668 = DIRECTION('',(-1.224646799147E-16,-1.,0.));
#9669 = DIRECTION('',(0.,0.,1.));
#9670 = DEFINITIONAL_REPRESENTATION('',(#9671),#9675);
#9671 = LINE('',#9672,#9673);
#9672 = CARTESIAN_POINT('',(0.,-0.2));
#9673 = VECTOR('',#9674,1.);
#9674 = DIRECTION('',(1.,0.));
#9675 = ( GEOMETRIC_REPRESENTATION_CONTEXT(2) 
PARAMETRIC_REPRESENTATION_CONTEXT() REPRESENTATION_CONTEXT('2D SPACE',''
  ) );
#9676 = ORIENTED_EDGE('',*,*,#9524,.F.);
#9677 = ORIENTED_EDGE('',*,*,#8994,.F.);
#9678 = ADVANCED_FACE('',(#9679),#9226,.F.);
#9679 = FACE_BOUND('',#9680,.F.);
#9680 = EDGE_LOOP('',(#9681,#9704,#9732,#9753));
#9681 = ORIENTED_EDGE('',*,*,#9682,.T.);
#9682 = EDGE_CURVE('',#9179,#9683,#9685,.T.);
#9683 = VERTEX_POINT('',#9684);
#9684 = CARTESIAN_POINT('',(3.75,-0.25,-60.3));
#9685 = SURFACE_CURVE('',#9686,(#9690,#9697),.PCURVE_S1.);
#9686 = LINE('',#9687,#9688);
#9687 = CARTESIAN_POINT('',(-2.25,-0.25,-60.3));
#9688 = VECTOR('',#9689,1.);
#9689 = DIRECTION('',(1.,-1.224646799147E-16,0.));
#9690 = PCURVE('',#9226,#9691);
#9691 = DEFINITIONAL_REPRESENTATION('',(#9692),#9696);
#9692 = LINE('',#9693,#9694);
#9693 = CARTESIAN_POINT('',(0.,0.));
#9694 = VECTOR('',#9695,1.);
#9695 = DIRECTION('',(0.,-1.));
#9696 = ( GEOMETRIC_REPRESENTATION_CONTEXT(2) 
PARAMETRIC_REPRESENTATION_CONTEXT() REPRESENTATION_CONTEXT('2D SPACE',''
  ) );
#9697 = PCURVE('',#9318,#9698);
#9698 = DEFINITIONAL_REPRESENTATION('',(#9699),#9703);
#9699 = LINE('',#9700,#9701);
#9700 = CARTESIAN_POINT('',(1.6,0.));
#9701 = VECTOR('',#9702,1.);
#9702 = DIRECTION('',(0.,-1.));
#9703 = ( GEOMETRIC_REPRESENTATION_CONTEXT(2) 
PARAMETRIC_REPRESENTATION_CONTEXT() REPRESENTATION_CONTEXT('2D SPACE',''
  ) );
#9704 = ORIENTED_EDGE('',*,*,#9705,.T.);
#9705 = EDGE_CURVE('',#9683,#9706,#9708,.T.);
#9706 = VERTEX_POINT('',#9707);
#9707 = CARTESIAN_POINT('',(3.75,7.15,-60.3));
#9708 = SURFACE_CURVE('',#9709,(#9713,#9720),.PCURVE_S1.);
#9709 = LINE('',#9710,#9711);
#9710 = CARTESIAN_POINT('',(3.75,-0.25,-60.3));
#9711 = VECTOR('',#9712,1.);
#9712 = DIRECTION('',(1.224646799147E-16,1.,0.));
#9713 = PCURVE('',#9226,#9714);
#9714 = DEFINITIONAL_REPRESENTATION('',(#9715),#9719);
#9715 = LINE('',#9716,#9717);
#9716 = CARTESIAN_POINT('',(7.347880794884E-16,-6.));
#9717 = VECTOR('',#9718,1.);
#9718 = DIRECTION('',(1.,0.));
#9719 = ( GEOMETRIC_REPRESENTATION_CONTEXT(2) 
PARAMETRIC_REPRESENTATION_CONTEXT() REPRESENTATION_CONTEXT('2D SPACE',''
  ) );
#9720 = PCURVE('',#9721,#9726);
#9721 = PLANE('',#9722);
#9722 = AXIS2_PLACEMENT_3D('',#9723,#9724,#9725);
#9723 = CARTESIAN_POINT('',(3.75,-6.35,-55.7));
#9724 = DIRECTION('',(-1.,1.224646799147E-16,0.));
#9725 = DIRECTION('',(0.,0.,1.));
#9726 = DEFINITIONAL_REPRESENTATION('',(#9727),#9731);
#9727 = LINE('',#9728,#9729);
#9728 = CARTESIAN_POINT('',(-4.6,6.1));
#9729 = VECTOR('',#9730,1.);
#9730 = DIRECTION('',(0.,1.));
#9731 = ( GEOMETRIC_REPRESENTATION_CONTEXT(2) 
PARAMETRIC_REPRESENTATION_CONTEXT() REPRESENTATION_CONTEXT('2D SPACE',''
  ) );
#9732 = ORIENTED_EDGE('',*,*,#9733,.F.);
#9733 = EDGE_CURVE('',#9211,#9706,#9734,.T.);
#9734 = SURFACE_CURVE('',#9735,(#9739,#9746),.PCURVE_S1.);
#9735 = LINE('',#9736,#9737);
#9736 = CARTESIAN_POINT('',(-2.25,7.15,-60.3));
#9737 = VECTOR('',#9738,1.);
#9738 = DIRECTION('',(1.,-1.224646799147E-16,0.));
#9739 = PCURVE('',#9226,#9740);
#9740 = DEFINITIONAL_REPRESENTATION('',(#9741),#9745);
#9741 = LINE('',#9742,#9743);
#9742 = CARTESIAN_POINT('',(7.4,9.06238631369E-16));
#9743 = VECTOR('',#9744,1.);
#9744 = DIRECTION('',(0.,-1.));
#9745 = ( GEOMETRIC_REPRESENTATION_CONTEXT(2) 
PARAMETRIC_REPRESENTATION_CONTEXT() REPRESENTATION_CONTEXT('2D SPACE',''
  ) );
#9746 = PCURVE('',#9352,#9747);
#9747 = DEFINITIONAL_REPRESENTATION('',(#9748),#9752);
#9748 = LINE('',#9749,#9750);
#9749 = CARTESIAN_POINT('',(0.,0.));
#9750 = VECTOR('',#9751,1.);
#9751 = DIRECTION('',(0.,-1.));
#9752 = ( GEOMETRIC_REPRESENTATION_CONTEXT(2) 
PARAMETRIC_REPRESENTATION_CONTEXT() REPRESENTATION_CONTEXT('2D SPACE',''
  ) );
#9753 = ORIENTED_EDGE('',*,*,#9210,.F.);
#9754 = ADVANCED_FACE('',(#9755),#9318,.F.);
#9755 = FACE_BOUND('',#9756,.F.);
#9756 = EDGE_LOOP('',(#9757,#9780,#9801,#9802));
#9757 = ORIENTED_EDGE('',*,*,#9758,.T.);
#9758 = EDGE_CURVE('',#9273,#9759,#9761,.T.);
#9759 = VERTEX_POINT('',#9760);
#9760 = CARTESIAN_POINT('',(3.75,-0.25,-61.9));
#9761 = SURFACE_CURVE('',#9762,(#9766,#9773),.PCURVE_S1.);
#9762 = LINE('',#9763,#9764);
#9763 = CARTESIAN_POINT('',(-2.25,-0.25,-61.9));
#9764 = VECTOR('',#9765,1.);
#9765 = DIRECTION('',(1.,-1.224646799147E-16,0.));
#9766 = PCURVE('',#9318,#9767);
#9767 = DEFINITIONAL_REPRESENTATION('',(#9768),#9772);
#9768 = LINE('',#9769,#9770);
#9769 = CARTESIAN_POINT('',(0.,0.));
#9770 = VECTOR('',#9771,1.);
#9771 = DIRECTION('',(0.,-1.));
#9772 = ( GEOMETRIC_REPRESENTATION_CONTEXT(2) 
PARAMETRIC_REPRESENTATION_CONTEXT() REPRESENTATION_CONTEXT('2D SPACE',''
  ) );
#9773 = PCURVE('',#9413,#9774);
#9774 = DEFINITIONAL_REPRESENTATION('',(#9775),#9779);
#9775 = LINE('',#9776,#9777);
#9776 = CARTESIAN_POINT('',(7.4,-9.06238631369E-16));
#9777 = VECTOR('',#9778,1.);
#9778 = DIRECTION('',(0.,-1.));
#9779 = ( GEOMETRIC_REPRESENTATION_CONTEXT(2) 
PARAMETRIC_REPRESENTATION_CONTEXT() REPRESENTATION_CONTEXT('2D SPACE',''
  ) );
#9780 = ORIENTED_EDGE('',*,*,#9781,.T.);
#9781 = EDGE_CURVE('',#9759,#9683,#9782,.T.);
#9782 = SURFACE_CURVE('',#9783,(#9787,#9794),.PCURVE_S1.);
#9783 = LINE('',#9784,#9785);
#9784 = CARTESIAN_POINT('',(3.75,-0.25,-61.9));
#9785 = VECTOR('',#9786,1.);
#9786 = DIRECTION('',(0.,0.,1.));
#9787 = PCURVE('',#9318,#9788);
#9788 = DEFINITIONAL_REPRESENTATION('',(#9789),#9793);
#9789 = LINE('',#9790,#9791);
#9790 = CARTESIAN_POINT('',(0.,-6.));
#9791 = VECTOR('',#9792,1.);
#9792 = DIRECTION('',(1.,0.));
#9793 = ( GEOMETRIC_REPRESENTATION_CONTEXT(2) 
PARAMETRIC_REPRESENTATION_CONTEXT() REPRESENTATION_CONTEXT('2D SPACE',''
  ) );
#9794 = PCURVE('',#9721,#9795);
#9795 = DEFINITIONAL_REPRESENTATION('',(#9796),#9800);
#9796 = LINE('',#9797,#9798);
#9797 = CARTESIAN_POINT('',(-6.2,6.1));
#9798 = VECTOR('',#9799,1.);
#9799 = DIRECTION('',(1.,0.));
#9800 = ( GEOMETRIC_REPRESENTATION_CONTEXT(2) 
PARAMETRIC_REPRESENTATION_CONTEXT() REPRESENTATION_CONTEXT('2D SPACE',''
  ) );
#9801 = ORIENTED_EDGE('',*,*,#9682,.F.);
#9802 = ORIENTED_EDGE('',*,*,#9304,.F.);
#9803 = ADVANCED_FACE('',(#9804),#9352,.F.);
#9804 = FACE_BOUND('',#9805,.F.);
#9805 = EDGE_LOOP('',(#9806,#9807,#9830,#9851));
#9806 = ORIENTED_EDGE('',*,*,#9733,.T.);
#9807 = ORIENTED_EDGE('',*,*,#9808,.T.);
#9808 = EDGE_CURVE('',#9706,#9809,#9811,.T.);
#9809 = VERTEX_POINT('',#9810);
#9810 = CARTESIAN_POINT('',(3.75,7.15,-61.9));
#9811 = SURFACE_CURVE('',#9812,(#9816,#9823),.PCURVE_S1.);
#9812 = LINE('',#9813,#9814);
#9813 = CARTESIAN_POINT('',(3.75,7.15,-60.3));
#9814 = VECTOR('',#9815,1.);
#9815 = DIRECTION('',(0.,0.,-1.));
#9816 = PCURVE('',#9352,#9817);
#9817 = DEFINITIONAL_REPRESENTATION('',(#9818),#9822);
#9818 = LINE('',#9819,#9820);
#9819 = CARTESIAN_POINT('',(-0.,-6.));
#9820 = VECTOR('',#9821,1.);
#9821 = DIRECTION('',(1.,0.));
#9822 = ( GEOMETRIC_REPRESENTATION_CONTEXT(2) 
PARAMETRIC_REPRESENTATION_CONTEXT() REPRESENTATION_CONTEXT('2D SPACE',''
  ) );
#9823 = PCURVE('',#9721,#9824);
#9824 = DEFINITIONAL_REPRESENTATION('',(#9825),#9829);
#9825 = LINE('',#9826,#9827);
#9826 = CARTESIAN_POINT('',(-4.6,13.5));
#9827 = VECTOR('',#9828,1.);
#9828 = DIRECTION('',(-1.,0.));
#9829 = ( GEOMETRIC_REPRESENTATION_CONTEXT(2) 
PARAMETRIC_REPRESENTATION_CONTEXT() REPRESENTATION_CONTEXT('2D SPACE',''
  ) );
#9830 = ORIENTED_EDGE('',*,*,#9831,.F.);
#9831 = EDGE_CURVE('',#9337,#9809,#9832,.T.);
#9832 = SURFACE_CURVE('',#9833,(#9837,#9844),.PCURVE_S1.);
#9833 = LINE('',#9834,#9835);
#9834 = CARTESIAN_POINT('',(-2.25,7.15,-61.9));
#9835 = VECTOR('',#9836,1.);
#9836 = DIRECTION('',(1.,-1.224646799147E-16,0.));
#9837 = PCURVE('',#9352,#9838);
#9838 = DEFINITIONAL_REPRESENTATION('',(#9839),#9843);
#9839 = LINE('',#9840,#9841);
#9840 = CARTESIAN_POINT('',(1.6,0.));
#9841 = VECTOR('',#9842,1.);
#9842 = DIRECTION('',(0.,-1.));
#9843 = ( GEOMETRIC_REPRESENTATION_CONTEXT(2) 
PARAMETRIC_REPRESENTATION_CONTEXT() REPRESENTATION_CONTEXT('2D SPACE',''
  ) );
#9844 = PCURVE('',#9413,#9845);
#9845 = DEFINITIONAL_REPRESENTATION('',(#9846),#9850);
#9846 = LINE('',#9847,#9848);
#9847 = CARTESIAN_POINT('',(0.,0.));
#9848 = VECTOR('',#9849,1.);
#9849 = DIRECTION('',(0.,-1.));
#9850 = ( GEOMETRIC_REPRESENTATION_CONTEXT(2) 
PARAMETRIC_REPRESENTATION_CONTEXT() REPRESENTATION_CONTEXT('2D SPACE',''
  ) );
#9851 = ORIENTED_EDGE('',*,*,#9336,.F.);
#9852 = ADVANCED_FACE('',(#9853),#9413,.F.);
#9853 = FACE_BOUND('',#9854,.F.);
#9854 = EDGE_LOOP('',(#9855,#9856,#9877,#9878));
#9855 = ORIENTED_EDGE('',*,*,#9831,.T.);
#9856 = ORIENTED_EDGE('',*,*,#9857,.T.);
#9857 = EDGE_CURVE('',#9809,#9759,#9858,.T.);
#9858 = SURFACE_CURVE('',#9859,(#9863,#9870),.PCURVE_S1.);
#9859 = LINE('',#9860,#9861);
#9860 = CARTESIAN_POINT('',(3.75,7.15,-61.9));
#9861 = VECTOR('',#9862,1.);
#9862 = DIRECTION('',(-1.224646799147E-16,-1.,0.));
#9863 = PCURVE('',#9413,#9864);
#9864 = DEFINITIONAL_REPRESENTATION('',(#9865),#9869);
#9865 = LINE('',#9866,#9867);
#9866 = CARTESIAN_POINT('',(-7.347880794884E-16,-6.));
#9867 = VECTOR('',#9868,1.);
#9868 = DIRECTION('',(1.,0.));
#9869 = ( GEOMETRIC_REPRESENTATION_CONTEXT(2) 
PARAMETRIC_REPRESENTATION_CONTEXT() REPRESENTATION_CONTEXT('2D SPACE',''
  ) );
#9870 = PCURVE('',#9721,#9871);
#9871 = DEFINITIONAL_REPRESENTATION('',(#9872),#9876);
#9872 = LINE('',#9873,#9874);
#9873 = CARTESIAN_POINT('',(-6.2,13.5));
#9874 = VECTOR('',#9875,1.);
#9875 = DIRECTION('',(0.,-1.));
#9876 = ( GEOMETRIC_REPRESENTATION_CONTEXT(2) 
PARAMETRIC_REPRESENTATION_CONTEXT() REPRESENTATION_CONTEXT('2D SPACE',''
  ) );
#9877 = ORIENTED_EDGE('',*,*,#9758,.F.);
#9878 = ORIENTED_EDGE('',*,*,#9399,.F.);
#9879 = ADVANCED_FACE('',(#9880),#9478,.F.);
#9880 = FACE_BOUND('',#9881,.F.);
#9881 = EDGE_LOOP('',(#9882,#9905,#9933,#9954));
#9882 = ORIENTED_EDGE('',*,*,#9883,.T.);
#9883 = EDGE_CURVE('',#9431,#9884,#9886,.T.);
#9884 = VERTEX_POINT('',#9885);
#9885 = CARTESIAN_POINT('',(3.75,7.15,-44.1));
#9886 = SURFACE_CURVE('',#9887,(#9891,#9898),.PCURVE_S1.);
#9887 = LINE('',#9888,#9889);
#9888 = CARTESIAN_POINT('',(-2.25,7.15,-44.1));
#9889 = VECTOR('',#9890,1.);
#9890 = DIRECTION('',(1.,-1.224646799147E-16,0.));
#9891 = PCURVE('',#9478,#9892);
#9892 = DEFINITIONAL_REPRESENTATION('',(#9893),#9897);
#9893 = LINE('',#9894,#9895);
#9894 = CARTESIAN_POINT('',(0.,0.));
#9895 = VECTOR('',#9896,1.);
#9896 = DIRECTION('',(0.,-1.));
#9897 = ( GEOMETRIC_REPRESENTATION_CONTEXT(2) 
PARAMETRIC_REPRESENTATION_CONTEXT() REPRESENTATION_CONTEXT('2D SPACE',''
  ) );
#9898 = PCURVE('',#9570,#9899);
#9899 = DEFINITIONAL_REPRESENTATION('',(#9900),#9904);
#9900 = LINE('',#9901,#9902);
#9901 = CARTESIAN_POINT('',(7.4,9.06238631369E-16));
#9902 = VECTOR('',#9903,1.);
#9903 = DIRECTION('',(0.,-1.));
#9904 = ( GEOMETRIC_REPRESENTATION_CONTEXT(2) 
PARAMETRIC_REPRESENTATION_CONTEXT() REPRESENTATION_CONTEXT('2D SPACE',''
  ) );
#9905 = ORIENTED_EDGE('',*,*,#9906,.T.);
#9906 = EDGE_CURVE('',#9884,#9907,#9909,.T.);
#9907 = VERTEX_POINT('',#9908);
#9908 = CARTESIAN_POINT('',(3.75,7.15,-45.7));
#9909 = SURFACE_CURVE('',#9910,(#9914,#9921),.PCURVE_S1.);
#9910 = LINE('',#9911,#9912);
#9911 = CARTESIAN_POINT('',(3.75,7.15,-44.1));
#9912 = VECTOR('',#9913,1.);
#9913 = DIRECTION('',(0.,0.,-1.));
#9914 = PCURVE('',#9478,#9915);
#9915 = DEFINITIONAL_REPRESENTATION('',(#9916),#9920);
#9916 = LINE('',#9917,#9918);
#9917 = CARTESIAN_POINT('',(-0.,-6.));
#9918 = VECTOR('',#9919,1.);
#9919 = DIRECTION('',(1.,0.));
#9920 = ( GEOMETRIC_REPRESENTATION_CONTEXT(2) 
PARAMETRIC_REPRESENTATION_CONTEXT() REPRESENTATION_CONTEXT('2D SPACE',''
  ) );
#9921 = PCURVE('',#9922,#9927);
#9922 = PLANE('',#9923);
#9923 = AXIS2_PLACEMENT_3D('',#9924,#9925,#9926);
#9924 = CARTESIAN_POINT('',(3.75,-6.35,-55.7));
#9925 = DIRECTION('',(-1.,1.224646799147E-16,0.));
#9926 = DIRECTION('',(0.,0.,1.));
#9927 = DEFINITIONAL_REPRESENTATION('',(#9928),#9932);
#9928 = LINE('',#9929,#9930);
#9929 = CARTESIAN_POINT('',(11.6,13.5));
#9930 = VECTOR('',#9931,1.);
#9931 = DIRECTION('',(-1.,0.));
#9932 = ( GEOMETRIC_REPRESENTATION_CONTEXT(2) 
PARAMETRIC_REPRESENTATION_CONTEXT() REPRESENTATION_CONTEXT('2D SPACE',''
  ) );
#9933 = ORIENTED_EDGE('',*,*,#9934,.F.);
#9934 = EDGE_CURVE('',#9463,#9907,#9935,.T.);
#9935 = SURFACE_CURVE('',#9936,(#9940,#9947),.PCURVE_S1.);
#9936 = LINE('',#9937,#9938);
#9937 = CARTESIAN_POINT('',(-2.25,7.15,-45.7));
#9938 = VECTOR('',#9939,1.);
#9939 = DIRECTION('',(1.,-1.224646799147E-16,0.));
#9940 = PCURVE('',#9478,#9941);
#9941 = DEFINITIONAL_REPRESENTATION('',(#9942),#9946);
#9942 = LINE('',#9943,#9944);
#9943 = CARTESIAN_POINT('',(1.6,0.));
#9944 = VECTOR('',#9945,1.);
#9945 = DIRECTION('',(0.,-1.));
#9946 = ( GEOMETRIC_REPRESENTATION_CONTEXT(2) 
PARAMETRIC_REPRESENTATION_CONTEXT() REPRESENTATION_CONTEXT('2D SPACE',''
  ) );
#9947 = PCURVE('',#9604,#9948);
#9948 = DEFINITIONAL_REPRESENTATION('',(#9949),#9953);
#9949 = LINE('',#9950,#9951);
#9950 = CARTESIAN_POINT('',(0.,0.));
#9951 = VECTOR('',#9952,1.);
#9952 = DIRECTION('',(0.,-1.));
#9953 = ( GEOMETRIC_REPRESENTATION_CONTEXT(2) 
PARAMETRIC_REPRESENTATION_CONTEXT() REPRESENTATION_CONTEXT('2D SPACE',''
  ) );
#9954 = ORIENTED_EDGE('',*,*,#9462,.F.);
#9955 = ADVANCED_FACE('',(#9956),#9570,.F.);
#9956 = FACE_BOUND('',#9957,.F.);
#9957 = EDGE_LOOP('',(#9958,#9981,#10002,#10003));
#9958 = ORIENTED_EDGE('',*,*,#9959,.T.);
#9959 = EDGE_CURVE('',#9525,#9960,#9962,.T.);
#9960 = VERTEX_POINT('',#9961);
#9961 = CARTESIAN_POINT('',(3.75,-0.25,-44.1));
#9962 = SURFACE_CURVE('',#9963,(#9967,#9974),.PCURVE_S1.);
#9963 = LINE('',#9964,#9965);
#9964 = CARTESIAN_POINT('',(-2.25,-0.25,-44.1));
#9965 = VECTOR('',#9966,1.);
#9966 = DIRECTION('',(1.,-1.224646799147E-16,0.));
#9967 = PCURVE('',#9570,#9968);
#9968 = DEFINITIONAL_REPRESENTATION('',(#9969),#9973);
#9969 = LINE('',#9970,#9971);
#9970 = CARTESIAN_POINT('',(0.,0.));
#9971 = VECTOR('',#9972,1.);
#9972 = DIRECTION('',(0.,-1.));
#9973 = ( GEOMETRIC_REPRESENTATION_CONTEXT(2) 
PARAMETRIC_REPRESENTATION_CONTEXT() REPRESENTATION_CONTEXT('2D SPACE',''
  ) );
#9974 = PCURVE('',#9665,#9975);
#9975 = DEFINITIONAL_REPRESENTATION('',(#9976),#9980);
#9976 = LINE('',#9977,#9978);
#9977 = CARTESIAN_POINT('',(1.6,0.));
#9978 = VECTOR('',#9979,1.);
#9979 = DIRECTION('',(0.,-1.));
#9980 = ( GEOMETRIC_REPRESENTATION_CONTEXT(2) 
PARAMETRIC_REPRESENTATION_CONTEXT() REPRESENTATION_CONTEXT('2D SPACE',''
  ) );
#9981 = ORIENTED_EDGE('',*,*,#9982,.T.);
#9982 = EDGE_CURVE('',#9960,#9884,#9983,.T.);
#9983 = SURFACE_CURVE('',#9984,(#9988,#9995),.PCURVE_S1.);
#9984 = LINE('',#9985,#9986);
#9985 = CARTESIAN_POINT('',(3.75,-0.25,-44.1));
#9986 = VECTOR('',#9987,1.);
#9987 = DIRECTION('',(1.224646799147E-16,1.,0.));
#9988 = PCURVE('',#9570,#9989);
#9989 = DEFINITIONAL_REPRESENTATION('',(#9990),#9994);
#9990 = LINE('',#9991,#9992);
#9991 = CARTESIAN_POINT('',(7.347880794884E-16,-6.));
#9992 = VECTOR('',#9993,1.);
#9993 = DIRECTION('',(1.,0.));
#9994 = ( GEOMETRIC_REPRESENTATION_CONTEXT(2) 
PARAMETRIC_REPRESENTATION_CONTEXT() REPRESENTATION_CONTEXT('2D SPACE',''
  ) );
#9995 = PCURVE('',#9922,#9996);
#9996 = DEFINITIONAL_REPRESENTATION('',(#9997),#10001);
#9997 = LINE('',#9998,#9999);
#9998 = CARTESIAN_POINT('',(11.6,6.1));
#9999 = VECTOR('',#10000,1.);
#10000 = DIRECTION('',(0.,1.));
#10001 = ( GEOMETRIC_REPRESENTATION_CONTEXT(2) 
PARAMETRIC_REPRESENTATION_CONTEXT() REPRESENTATION_CONTEXT('2D SPACE',''
  ) );
#10002 = ORIENTED_EDGE('',*,*,#9883,.F.);
#10003 = ORIENTED_EDGE('',*,*,#9556,.F.);
#10004 = ADVANCED_FACE('',(#10005),#9604,.F.);
#10005 = FACE_BOUND('',#10006,.F.);
#10006 = EDGE_LOOP('',(#10007,#10008,#10031,#10052));
#10007 = ORIENTED_EDGE('',*,*,#9934,.T.);
#10008 = ORIENTED_EDGE('',*,*,#10009,.T.);
#10009 = EDGE_CURVE('',#9907,#10010,#10012,.T.);
#10010 = VERTEX_POINT('',#10011);
#10011 = CARTESIAN_POINT('',(3.75,-0.25,-45.7));
#10012 = SURFACE_CURVE('',#10013,(#10017,#10024),.PCURVE_S1.);
#10013 = LINE('',#10014,#10015);
#10014 = CARTESIAN_POINT('',(3.75,7.15,-45.7));
#10015 = VECTOR('',#10016,1.);
#10016 = DIRECTION('',(-1.224646799147E-16,-1.,0.));
#10017 = PCURVE('',#9604,#10018);
#10018 = DEFINITIONAL_REPRESENTATION('',(#10019),#10023);
#10019 = LINE('',#10020,#10021);
#10020 = CARTESIAN_POINT('',(-7.347880794884E-16,-6.));
#10021 = VECTOR('',#10022,1.);
#10022 = DIRECTION('',(1.,0.));
#10023 = ( GEOMETRIC_REPRESENTATION_CONTEXT(2) 
PARAMETRIC_REPRESENTATION_CONTEXT() REPRESENTATION_CONTEXT('2D SPACE',''
  ) );
#10024 = PCURVE('',#9922,#10025);
#10025 = DEFINITIONAL_REPRESENTATION('',(#10026),#10030);
#10026 = LINE('',#10027,#10028);
#10027 = CARTESIAN_POINT('',(10.,13.5));
#10028 = VECTOR('',#10029,1.);
#10029 = DIRECTION('',(0.,-1.));
#10030 = ( GEOMETRIC_REPRESENTATION_CONTEXT(2) 
PARAMETRIC_REPRESENTATION_CONTEXT() REPRESENTATION_CONTEXT('2D SPACE',''
  ) );
#10031 = ORIENTED_EDGE('',*,*,#10032,.F.);
#10032 = EDGE_CURVE('',#9589,#10010,#10033,.T.);
#10033 = SURFACE_CURVE('',#10034,(#10038,#10045),.PCURVE_S1.);
#10034 = LINE('',#10035,#10036);
#10035 = CARTESIAN_POINT('',(-2.25,-0.25,-45.7));
#10036 = VECTOR('',#10037,1.);
#10037 = DIRECTION('',(1.,-1.224646799147E-16,0.));
#10038 = PCURVE('',#9604,#10039);
#10039 = DEFINITIONAL_REPRESENTATION('',(#10040),#10044);
#10040 = LINE('',#10041,#10042);
#10041 = CARTESIAN_POINT('',(7.4,-9.06238631369E-16));
#10042 = VECTOR('',#10043,1.);
#10043 = DIRECTION('',(0.,-1.));
#10044 = ( GEOMETRIC_REPRESENTATION_CONTEXT(2) 
PARAMETRIC_REPRESENTATION_CONTEXT() REPRESENTATION_CONTEXT('2D SPACE',''
  ) );
#10045 = PCURVE('',#9665,#10046);
#10046 = DEFINITIONAL_REPRESENTATION('',(#10047),#10051);
#10047 = LINE('',#10048,#10049);
#10048 = CARTESIAN_POINT('',(0.,0.));
#10049 = VECTOR('',#10050,1.);
#10050 = DIRECTION('',(0.,-1.));
#10051 = ( GEOMETRIC_REPRESENTATION_CONTEXT(2) 
PARAMETRIC_REPRESENTATION_CONTEXT() REPRESENTATION_CONTEXT('2D SPACE',''
  ) );
#10052 = ORIENTED_EDGE('',*,*,#9588,.F.);
#10053 = ADVANCED_FACE('',(#10054),#9665,.F.);
#10054 = FACE_BOUND('',#10055,.F.);
#10055 = EDGE_LOOP('',(#10056,#10057,#10078,#10079));
#10056 = ORIENTED_EDGE('',*,*,#10032,.T.);
#10057 = ORIENTED_EDGE('',*,*,#10058,.T.);
#10058 = EDGE_CURVE('',#10010,#9960,#10059,.T.);
#10059 = SURFACE_CURVE('',#10060,(#10064,#10071),.PCURVE_S1.);
#10060 = LINE('',#10061,#10062);
#10061 = CARTESIAN_POINT('',(3.75,-0.25,-45.7));
#10062 = VECTOR('',#10063,1.);
#10063 = DIRECTION('',(0.,0.,1.));
#10064 = PCURVE('',#9665,#10065);
#10065 = DEFINITIONAL_REPRESENTATION('',(#10066),#10070);
#10066 = LINE('',#10067,#10068);
#10067 = CARTESIAN_POINT('',(0.,-6.));
#10068 = VECTOR('',#10069,1.);
#10069 = DIRECTION('',(1.,0.));
#10070 = ( GEOMETRIC_REPRESENTATION_CONTEXT(2) 
PARAMETRIC_REPRESENTATION_CONTEXT() REPRESENTATION_CONTEXT('2D SPACE',''
  ) );
#10071 = PCURVE('',#9922,#10072);
#10072 = DEFINITIONAL_REPRESENTATION('',(#10073),#10077);
#10073 = LINE('',#10074,#10075);
#10074 = CARTESIAN_POINT('',(10.,6.1));
#10075 = VECTOR('',#10076,1.);
#10076 = DIRECTION('',(1.,0.));
#10077 = ( GEOMETRIC_REPRESENTATION_CONTEXT(2) 
PARAMETRIC_REPRESENTATION_CONTEXT() REPRESENTATION_CONTEXT('2D SPACE',''
  ) );
#10078 = ORIENTED_EDGE('',*,*,#9959,.F.);
#10079 = ORIENTED_EDGE('',*,*,#9651,.F.);
#10080 = ADVANCED_FACE('',(#10081),#9721,.T.);
#10081 = FACE_BOUND('',#10082,.T.);
#10082 = EDGE_LOOP('',(#10083,#10084,#10085,#10086));
#10083 = ORIENTED_EDGE('',*,*,#9808,.T.);
#10084 = ORIENTED_EDGE('',*,*,#9857,.T.);
#10085 = ORIENTED_EDGE('',*,*,#9781,.T.);
#10086 = ORIENTED_EDGE('',*,*,#9705,.T.);
#10087 = ADVANCED_FACE('',(#10088),#9922,.T.);
#10088 = FACE_BOUND('',#10089,.T.);
#10089 = EDGE_LOOP('',(#10090,#10091,#10092,#10093));
#10090 = ORIENTED_EDGE('',*,*,#9906,.T.);
#10091 = ORIENTED_EDGE('',*,*,#10009,.T.);
#10092 = ORIENTED_EDGE('',*,*,#10058,.T.);
#10093 = ORIENTED_EDGE('',*,*,#9982,.T.);
#10094 = ( GEOMETRIC_REPRESENTATION_CONTEXT(3) 
GLOBAL_UNCERTAINTY_ASSIGNED_CONTEXT((#10098)) 
GLOBAL_UNIT_ASSIGNED_CONTEXT((#10095,#10096,#10097)) 
REPRESENTATION_CONTEXT('Context #1',
  '3D Context with UNIT and UNCERTAINTY') );
#10095 = ( LENGTH_UNIT() NAMED_UNIT(*) SI_UNIT(.MILLI.,.METRE.) );
#10096 = ( NAMED_UNIT(*) PLANE_ANGLE_UNIT() SI_UNIT($,.RADIAN.) );
#10097 = ( NAMED_UNIT(*) SI_UNIT($,.STERADIAN.) SOLID_ANGLE_UNIT() );
#10098 = UNCERTAINTY_MEASURE_WITH_UNIT(LENGTH_MEASURE(2.E-05),#10095,
  'distance_accuracy_value','confusion accuracy');
#10099 = CONTEXT_DEPENDENT_SHAPE_REPRESENTATION(#10100,#10102);
#10100 = ( REPRESENTATION_RELATIONSHIP('','',#7354,#10) 
REPRESENTATION_RELATIONSHIP_WITH_TRANSFORMATION(#10101) 
SHAPE_REPRESENTATION_RELATIONSHIP() );
#10101 = ITEM_DEFINED_TRANSFORMATION('','',#11,#23);
#10102 = PRODUCT_DEFINITION_SHAPE('Placement','Placement of an item',
  #10103);
#10103 = NEXT_ASSEMBLY_USAGE_OCCURRENCE('3','Body012','',#5,#7349,$);
#10104 = PRODUCT_RELATED_PRODUCT_CATEGORY('part',$,(#7351));
#10105 = SHAPE_DEFINITION_REPRESENTATION(#10106,#10112);
#10106 = PRODUCT_DEFINITION_SHAPE('','',#10107);
#10107 = PRODUCT_DEFINITION('design','',#10108,#10111);
#10108 = PRODUCT_DEFINITION_FORMATION('','',#10109);
#10109 = PRODUCT('chestTwo','chestTwo','',(#10110));
#10110 = PRODUCT_CONTEXT('',#2,'mechanical');
#10111 = PRODUCT_DEFINITION_CONTEXT('part definition',#2,'design');
#10112 = ADVANCED_BREP_SHAPE_REPRESENTATION('',(#11,#10113),#15797);
#10113 = MANIFOLD_SOLID_BREP('',#10114);
#10114 = CLOSED_SHELL('',(#10115,#10235,#10346,#10689,#10783,#10846,
    #10909,#10941,#11045,#11322,#11395,#11489,#11552,#11615,#11647,
    #11723,#11772,#11821,#11848,#12392,#12399,#12475,#12617,#12748,
    #12775,#12851,#12997,#13124,#13151,#13262,#13333,#13409,#13458,
    #13507,#13534,#13541,#13646,#13700,#13772,#13849,#13925,#14090,
    #14137,#14164,#14191,#14198,#14245,#14322,#14349,#14376,#14383,
    #14410,#14437,#14464,#14471,#14498,#14524,#14550,#14557,#14832,
    #14839,#14933,#14996,#15059,#15091,#15185,#15248,#15311,#15343,
    #15419,#15468,#15517,#15544,#15620,#15669,#15718,#15745,#15752,
    #15759,#15778));
#10115 = ADVANCED_FACE('',(#10116),#10130,.T.);
#10116 = FACE_BOUND('',#10117,.T.);
#10117 = EDGE_LOOP('',(#10118,#10153,#10181,#10209));
#10118 = ORIENTED_EDGE('',*,*,#10119,.F.);
#10119 = EDGE_CURVE('',#10120,#10122,#10124,.T.);
#10120 = VERTEX_POINT('',#10121);
#10121 = CARTESIAN_POINT('',(-11.45,-29.65,-6.1));
#10122 = VERTEX_POINT('',#10123);
#10123 = CARTESIAN_POINT('',(-11.45,-29.65,6.1));
#10124 = SURFACE_CURVE('',#10125,(#10129,#10141),.PCURVE_S1.);
#10125 = LINE('',#10126,#10127);
#10126 = CARTESIAN_POINT('',(-11.45,-29.65,-6.1));
#10127 = VECTOR('',#10128,1.);
#10128 = DIRECTION('',(0.,0.,1.));
#10129 = PCURVE('',#10130,#10135);
#10130 = PLANE('',#10131);
#10131 = AXIS2_PLACEMENT_3D('',#10132,#10133,#10134);
#10132 = CARTESIAN_POINT('',(-11.45,-11.25,-8.2E-16));
#10133 = DIRECTION('',(1.,0.,0.));
#10134 = DIRECTION('',(0.,0.,1.));
#10135 = DEFINITIONAL_REPRESENTATION('',(#10136),#10140);
#10136 = LINE('',#10137,#10138);
#10137 = CARTESIAN_POINT('',(-6.1,18.4));
#10138 = VECTOR('',#10139,1.);
#10139 = DIRECTION('',(1.,0.));
#10140 = ( GEOMETRIC_REPRESENTATION_CONTEXT(2) 
PARAMETRIC_REPRESENTATION_CONTEXT() REPRESENTATION_CONTEXT('2D SPACE',''
  ) );
#10141 = PCURVE('',#10142,#10147);
#10142 = PLANE('',#10143);
#10143 = AXIS2_PLACEMENT_3D('',#10144,#10145,#10146);
#10144 = CARTESIAN_POINT('',(-17.25,-29.65,-6.1));
#10145 = DIRECTION('',(0.,1.,0.));
#10146 = DIRECTION('',(1.,0.,0.));
#10147 = DEFINITIONAL_REPRESENTATION('',(#10148),#10152);
#10148 = LINE('',#10149,#10150);
#10149 = CARTESIAN_POINT('',(5.8,0.));
#10150 = VECTOR('',#10151,1.);
#10151 = DIRECTION('',(0.,-1.));
#10152 = ( GEOMETRIC_REPRESENTATION_CONTEXT(2) 
PARAMETRIC_REPRESENTATION_CONTEXT() REPRESENTATION_CONTEXT('2D SPACE',''
  ) );
#10153 = ORIENTED_EDGE('',*,*,#10154,.T.);
#10154 = EDGE_CURVE('',#10120,#10155,#10157,.T.);
#10155 = VERTEX_POINT('',#10156);
#10156 = CARTESIAN_POINT('',(-11.45,-26.85,-6.1));
#10157 = SURFACE_CURVE('',#10158,(#10162,#10169),.PCURVE_S1.);
#10158 = LINE('',#10159,#10160);
#10159 = CARTESIAN_POINT('',(-11.45,7.15,-6.1));
#10160 = VECTOR('',#10161,1.);
#10161 = DIRECTION('',(0.,1.,0.));
#10162 = PCURVE('',#10130,#10163);
#10163 = DEFINITIONAL_REPRESENTATION('',(#10164),#10168);
#10164 = LINE('',#10165,#10166);
#10165 = CARTESIAN_POINT('',(-6.1,-18.4));
#10166 = VECTOR('',#10167,1.);
#10167 = DIRECTION('',(0.,-1.));
#10168 = ( GEOMETRIC_REPRESENTATION_CONTEXT(2) 
PARAMETRIC_REPRESENTATION_CONTEXT() REPRESENTATION_CONTEXT('2D SPACE',''
  ) );
#10169 = PCURVE('',#10170,#10175);
#10170 = PLANE('',#10171);
#10171 = AXIS2_PLACEMENT_3D('',#10172,#10173,#10174);
#10172 = CARTESIAN_POINT('',(-4.111214953271,-11.25,-6.1));
#10173 = DIRECTION('',(0.,0.,1.));
#10174 = DIRECTION('',(1.,0.,0.));
#10175 = DEFINITIONAL_REPRESENTATION('',(#10176),#10180);
#10176 = LINE('',#10177,#10178);
#10177 = CARTESIAN_POINT('',(-7.338785046729,18.4));
#10178 = VECTOR('',#10179,1.);
#10179 = DIRECTION('',(0.,1.));
#10180 = ( GEOMETRIC_REPRESENTATION_CONTEXT(2) 
PARAMETRIC_REPRESENTATION_CONTEXT() REPRESENTATION_CONTEXT('2D SPACE',''
  ) );
#10181 = ORIENTED_EDGE('',*,*,#10182,.F.);
#10182 = EDGE_CURVE('',#10183,#10155,#10185,.T.);
#10183 = VERTEX_POINT('',#10184);
#10184 = CARTESIAN_POINT('',(-11.45,-26.85,6.1));
#10185 = SURFACE_CURVE('',#10186,(#10190,#10197),.PCURVE_S1.);
#10186 = LINE('',#10187,#10188);
#10187 = CARTESIAN_POINT('',(-11.45,-26.85,-3.05));
#10188 = VECTOR('',#10189,1.);
#10189 = DIRECTION('',(0.,0.,-1.));
#10190 = PCURVE('',#10130,#10191);
#10191 = DEFINITIONAL_REPRESENTATION('',(#10192),#10196);
#10192 = LINE('',#10193,#10194);
#10193 = CARTESIAN_POINT('',(-3.05,15.6));
#10194 = VECTOR('',#10195,1.);
#10195 = DIRECTION('',(-1.,0.));
#10196 = ( GEOMETRIC_REPRESENTATION_CONTEXT(2) 
PARAMETRIC_REPRESENTATION_CONTEXT() REPRESENTATION_CONTEXT('2D SPACE',''
  ) );
#10197 = PCURVE('',#10198,#10203);
#10198 = PLANE('',#10199);
#10199 = AXIS2_PLACEMENT_3D('',#10200,#10201,#10202);
#10200 = CARTESIAN_POINT('',(-17.25,-26.85,-6.1));
#10201 = DIRECTION('',(0.,-1.,0.));
#10202 = DIRECTION('',(0.,0.,1.));
#10203 = DEFINITIONAL_REPRESENTATION('',(#10204),#10208);
#10204 = LINE('',#10205,#10206);
#10205 = CARTESIAN_POINT('',(3.05,-5.8));
#10206 = VECTOR('',#10207,1.);
#10207 = DIRECTION('',(-1.,0.));
#10208 = ( GEOMETRIC_REPRESENTATION_CONTEXT(2) 
PARAMETRIC_REPRESENTATION_CONTEXT() REPRESENTATION_CONTEXT('2D SPACE',''
  ) );
#10209 = ORIENTED_EDGE('',*,*,#10210,.T.);
#10210 = EDGE_CURVE('',#10183,#10122,#10211,.T.);
#10211 = SURFACE_CURVE('',#10212,(#10216,#10223),.PCURVE_S1.);
#10212 = LINE('',#10213,#10214);
#10213 = CARTESIAN_POINT('',(-11.45,-29.65,6.1));
#10214 = VECTOR('',#10215,1.);
#10215 = DIRECTION('',(0.,-1.,0.));
#10216 = PCURVE('',#10130,#10217);
#10217 = DEFINITIONAL_REPRESENTATION('',(#10218),#10222);
#10218 = LINE('',#10219,#10220);
#10219 = CARTESIAN_POINT('',(6.1,18.4));
#10220 = VECTOR('',#10221,1.);
#10221 = DIRECTION('',(0.,1.));
#10222 = ( GEOMETRIC_REPRESENTATION_CONTEXT(2) 
PARAMETRIC_REPRESENTATION_CONTEXT() REPRESENTATION_CONTEXT('2D SPACE',''
  ) );
#10223 = PCURVE('',#10224,#10229);
#10224 = PLANE('',#10225);
#10225 = AXIS2_PLACEMENT_3D('',#10226,#10227,#10228);
#10226 = CARTESIAN_POINT('',(-4.111214953271,-11.25,6.1));
#10227 = DIRECTION('',(-0.,-0.,-1.));
#10228 = DIRECTION('',(-1.,0.,0.));
#10229 = DEFINITIONAL_REPRESENTATION('',(#10230),#10234);
#10230 = LINE('',#10231,#10232);
#10231 = CARTESIAN_POINT('',(7.338785046729,-18.4));
#10232 = VECTOR('',#10233,1.);
#10233 = DIRECTION('',(0.,-1.));
#10234 = ( GEOMETRIC_REPRESENTATION_CONTEXT(2) 
PARAMETRIC_REPRESENTATION_CONTEXT() REPRESENTATION_CONTEXT('2D SPACE',''
  ) );
#10235 = ADVANCED_FACE('',(#10236,#10311),#10142,.F.);
#10236 = FACE_BOUND('',#10237,.F.);
#10237 = EDGE_LOOP('',(#10238,#10261,#10289,#10310));
#10238 = ORIENTED_EDGE('',*,*,#10239,.F.);
#10239 = EDGE_CURVE('',#10240,#10120,#10242,.T.);
#10240 = VERTEX_POINT('',#10241);
#10241 = CARTESIAN_POINT('',(-17.25,-29.65,-6.1));
#10242 = SURFACE_CURVE('',#10243,(#10247,#10254),.PCURVE_S1.);
#10243 = LINE('',#10244,#10245);
#10244 = CARTESIAN_POINT('',(-17.25,-29.65,-6.1));
#10245 = VECTOR('',#10246,1.);
#10246 = DIRECTION('',(1.,0.,0.));
#10247 = PCURVE('',#10142,#10248);
#10248 = DEFINITIONAL_REPRESENTATION('',(#10249),#10253);
#10249 = LINE('',#10250,#10251);
#10250 = CARTESIAN_POINT('',(0.,0.));
#10251 = VECTOR('',#10252,1.);
#10252 = DIRECTION('',(1.,0.));
#10253 = ( GEOMETRIC_REPRESENTATION_CONTEXT(2) 
PARAMETRIC_REPRESENTATION_CONTEXT() REPRESENTATION_CONTEXT('2D SPACE',''
  ) );
#10254 = PCURVE('',#10170,#10255);
#10255 = DEFINITIONAL_REPRESENTATION('',(#10256),#10260);
#10256 = LINE('',#10257,#10258);
#10257 = CARTESIAN_POINT('',(-13.13878504672,-18.4));
#10258 = VECTOR('',#10259,1.);
#10259 = DIRECTION('',(1.,0.));
#10260 = ( GEOMETRIC_REPRESENTATION_CONTEXT(2) 
PARAMETRIC_REPRESENTATION_CONTEXT() REPRESENTATION_CONTEXT('2D SPACE',''
  ) );
#10261 = ORIENTED_EDGE('',*,*,#10262,.T.);
#10262 = EDGE_CURVE('',#10240,#10263,#10265,.T.);
#10263 = VERTEX_POINT('',#10264);
#10264 = CARTESIAN_POINT('',(-17.25,-29.65,6.1));
#10265 = SURFACE_CURVE('',#10266,(#10270,#10277),.PCURVE_S1.);
#10266 = LINE('',#10267,#10268);
#10267 = CARTESIAN_POINT('',(-17.25,-29.65,-6.1));
#10268 = VECTOR('',#10269,1.);
#10269 = DIRECTION('',(0.,0.,1.));
#10270 = PCURVE('',#10142,#10271);
#10271 = DEFINITIONAL_REPRESENTATION('',(#10272),#10276);
#10272 = LINE('',#10273,#10274);
#10273 = CARTESIAN_POINT('',(0.,0.));
#10274 = VECTOR('',#10275,1.);
#10275 = DIRECTION('',(0.,-1.));
#10276 = ( GEOMETRIC_REPRESENTATION_CONTEXT(2) 
PARAMETRIC_REPRESENTATION_CONTEXT() REPRESENTATION_CONTEXT('2D SPACE',''
  ) );
#10277 = PCURVE('',#10278,#10283);
#10278 = PLANE('',#10279);
#10279 = AXIS2_PLACEMENT_3D('',#10280,#10281,#10282);
#10280 = CARTESIAN_POINT('',(-17.25,-10.58416458852,-4.E-16));
#10281 = DIRECTION('',(-1.,-0.,-0.));
#10282 = DIRECTION('',(0.,0.,-1.));
#10283 = DEFINITIONAL_REPRESENTATION('',(#10284),#10288);
#10284 = LINE('',#10285,#10286);
#10285 = CARTESIAN_POINT('',(6.1,19.065835411471));
#10286 = VECTOR('',#10287,1.);
#10287 = DIRECTION('',(-1.,0.));
#10288 = ( GEOMETRIC_REPRESENTATION_CONTEXT(2) 
PARAMETRIC_REPRESENTATION_CONTEXT() REPRESENTATION_CONTEXT('2D SPACE',''
  ) );
#10289 = ORIENTED_EDGE('',*,*,#10290,.T.);
#10290 = EDGE_CURVE('',#10263,#10122,#10291,.T.);
#10291 = SURFACE_CURVE('',#10292,(#10296,#10303),.PCURVE_S1.);
#10292 = LINE('',#10293,#10294);
#10293 = CARTESIAN_POINT('',(-17.25,-29.65,6.1));
#10294 = VECTOR('',#10295,1.);
#10295 = DIRECTION('',(1.,0.,0.));
#10296 = PCURVE('',#10142,#10297);
#10297 = DEFINITIONAL_REPRESENTATION('',(#10298),#10302);
#10298 = LINE('',#10299,#10300);
#10299 = CARTESIAN_POINT('',(0.,-12.2));
#10300 = VECTOR('',#10301,1.);
#10301 = DIRECTION('',(1.,0.));
#10302 = ( GEOMETRIC_REPRESENTATION_CONTEXT(2) 
PARAMETRIC_REPRESENTATION_CONTEXT() REPRESENTATION_CONTEXT('2D SPACE',''
  ) );
#10303 = PCURVE('',#10224,#10304);
#10304 = DEFINITIONAL_REPRESENTATION('',(#10305),#10309);
#10305 = LINE('',#10306,#10307);
#10306 = CARTESIAN_POINT('',(13.138785046729,-18.4));
#10307 = VECTOR('',#10308,1.);
#10308 = DIRECTION('',(-1.,0.));
#10309 = ( GEOMETRIC_REPRESENTATION_CONTEXT(2) 
PARAMETRIC_REPRESENTATION_CONTEXT() REPRESENTATION_CONTEXT('2D SPACE',''
  ) );
#10310 = ORIENTED_EDGE('',*,*,#10119,.F.);
#10311 = FACE_BOUND('',#10312,.F.);
#10312 = EDGE_LOOP('',(#10313));
#10313 = ORIENTED_EDGE('',*,*,#10314,.T.);
#10314 = EDGE_CURVE('',#10315,#10315,#10317,.T.);
#10315 = VERTEX_POINT('',#10316);
#10316 = CARTESIAN_POINT('',(-13.00000006778,-29.65,3.E-15));
#10317 = SURFACE_CURVE('',#10318,(#10323,#10334),.PCURVE_S1.);
#10318 = CIRCLE('',#10319,0.9);
#10319 = AXIS2_PLACEMENT_3D('',#10320,#10321,#10322);
#10320 = CARTESIAN_POINT('',(-13.90000006778,-29.65,2.7E-15));
#10321 = DIRECTION('',(0.,-1.,2.2E-16));
#10322 = DIRECTION('',(1.,0.,0.));
#10323 = PCURVE('',#10142,#10324);
#10324 = DEFINITIONAL_REPRESENTATION('',(#10325),#10333);
#10325 = ( BOUNDED_CURVE() B_SPLINE_CURVE(2,(#10326,#10327,#10328,#10329
    ,#10330,#10331,#10332),.UNSPECIFIED.,.T.,.F.) 
B_SPLINE_CURVE_WITH_KNOTS((1,2,2,2,2,1),(-2.094395102393,0.,
    2.094395102393,4.188790204786,6.28318530718,8.377580409573),
.UNSPECIFIED.) CURVE() GEOMETRIC_REPRESENTATION_ITEM() 
RATIONAL_B_SPLINE_CURVE((1.,0.5,1.,0.5,1.,0.5,1.)) REPRESENTATION_ITEM(
  '') );
#10326 = CARTESIAN_POINT('',(4.249999932218,-6.1));
#10327 = CARTESIAN_POINT('',(4.249999932218,-7.658845726812));
#10328 = CARTESIAN_POINT('',(2.899999932218,-6.879422863406));
#10329 = CARTESIAN_POINT('',(1.549999932218,-6.1));
#10330 = CARTESIAN_POINT('',(2.899999932218,-5.320577136594));
#10331 = CARTESIAN_POINT('',(4.249999932218,-4.541154273188));
#10332 = CARTESIAN_POINT('',(4.249999932218,-6.1));
#10333 = ( GEOMETRIC_REPRESENTATION_CONTEXT(2) 
PARAMETRIC_REPRESENTATION_CONTEXT() REPRESENTATION_CONTEXT('2D SPACE',''
  ) );
#10334 = PCURVE('',#10335,#10340);
#10335 = CYLINDRICAL_SURFACE('',#10336,0.9);
#10336 = AXIS2_PLACEMENT_3D('',#10337,#10338,#10339);
#10337 = CARTESIAN_POINT('',(-13.90000006778,-29.65,2.7E-15));
#10338 = DIRECTION('',(0.,1.,-2.2E-16));
#10339 = DIRECTION('',(1.,0.,0.));
#10340 = DEFINITIONAL_REPRESENTATION('',(#10341),#10345);
#10341 = LINE('',#10342,#10343);
#10342 = CARTESIAN_POINT('',(-0.,0.));
#10343 = VECTOR('',#10344,1.);
#10344 = DIRECTION('',(-1.,0.));
#10345 = ( GEOMETRIC_REPRESENTATION_CONTEXT(2) 
PARAMETRIC_REPRESENTATION_CONTEXT() REPRESENTATION_CONTEXT('2D SPACE',''
  ) );
#10346 = ADVANCED_FACE('',(#10347,#10466,#10575),#10361,.T.);
#10347 = FACE_BOUND('',#10348,.T.);
#10348 = EDGE_LOOP('',(#10349,#10384,#10412,#10440));
#10349 = ORIENTED_EDGE('',*,*,#10350,.F.);
#10350 = EDGE_CURVE('',#10351,#10353,#10355,.T.);
#10351 = VERTEX_POINT('',#10352);
#10352 = CARTESIAN_POINT('',(11.25,-29.85,9.1));
#10353 = VERTEX_POINT('',#10354);
#10354 = CARTESIAN_POINT('',(11.25,-29.85,7.1));
#10355 = SURFACE_CURVE('',#10356,(#10360,#10372),.PCURVE_S1.);
#10356 = LINE('',#10357,#10358);
#10357 = CARTESIAN_POINT('',(11.25,-29.85,8.9));
#10358 = VECTOR('',#10359,1.);
#10359 = DIRECTION('',(0.,0.,-1.));
#10360 = PCURVE('',#10361,#10366);
#10361 = PLANE('',#10362);
#10362 = AXIS2_PLACEMENT_3D('',#10363,#10364,#10365);
#10363 = CARTESIAN_POINT('',(11.25,-10.75,8.1));
#10364 = DIRECTION('',(1.,0.,0.));
#10365 = DIRECTION('',(0.,0.,1.));
#10366 = DEFINITIONAL_REPRESENTATION('',(#10367),#10371);
#10367 = LINE('',#10368,#10369);
#10368 = CARTESIAN_POINT('',(0.8,19.1));
#10369 = VECTOR('',#10370,1.);
#10370 = DIRECTION('',(-1.,0.));
#10371 = ( GEOMETRIC_REPRESENTATION_CONTEXT(2) 
PARAMETRIC_REPRESENTATION_CONTEXT() REPRESENTATION_CONTEXT('2D SPACE',''
  ) );
#10372 = PCURVE('',#10373,#10378);
#10373 = CYLINDRICAL_SURFACE('',#10374,0.2);
#10374 = AXIS2_PLACEMENT_3D('',#10375,#10376,#10377);
#10375 = CARTESIAN_POINT('',(11.05,-29.85,8.9));
#10376 = DIRECTION('',(0.,0.,-1.));
#10377 = DIRECTION('',(1.,0.,0.));
#10378 = DEFINITIONAL_REPRESENTATION('',(#10379),#10383);
#10379 = LINE('',#10380,#10381);
#10380 = CARTESIAN_POINT('',(-0.,0.));
#10381 = VECTOR('',#10382,1.);
#10382 = DIRECTION('',(-0.,1.));
#10383 = ( GEOMETRIC_REPRESENTATION_CONTEXT(2) 
PARAMETRIC_REPRESENTATION_CONTEXT() REPRESENTATION_CONTEXT('2D SPACE',''
  ) );
#10384 = ORIENTED_EDGE('',*,*,#10385,.F.);
#10385 = EDGE_CURVE('',#10386,#10351,#10388,.T.);
#10386 = VERTEX_POINT('',#10387);
#10387 = CARTESIAN_POINT('',(11.25,-22.05,9.1));
#10388 = SURFACE_CURVE('',#10389,(#10393,#10400),.PCURVE_S1.);
#10389 = LINE('',#10390,#10391);
#10390 = CARTESIAN_POINT('',(11.25,-22.25,9.1));
#10391 = VECTOR('',#10392,1.);
#10392 = DIRECTION('',(0.,-1.,0.));
#10393 = PCURVE('',#10361,#10394);
#10394 = DEFINITIONAL_REPRESENTATION('',(#10395),#10399);
#10395 = LINE('',#10396,#10397);
#10396 = CARTESIAN_POINT('',(1.,11.5));
#10397 = VECTOR('',#10398,1.);
#10398 = DIRECTION('',(0.,1.));
#10399 = ( GEOMETRIC_REPRESENTATION_CONTEXT(2) 
PARAMETRIC_REPRESENTATION_CONTEXT() REPRESENTATION_CONTEXT('2D SPACE',''
  ) );
#10400 = PCURVE('',#10401,#10406);
#10401 = CYLINDRICAL_SURFACE('',#10402,0.2);
#10402 = AXIS2_PLACEMENT_3D('',#10403,#10404,#10405);
#10403 = CARTESIAN_POINT('',(11.05,-22.25,9.1));
#10404 = DIRECTION('',(0.,-1.,0.));
#10405 = DIRECTION('',(1.,0.,0.));
#10406 = DEFINITIONAL_REPRESENTATION('',(#10407),#10411);
#10407 = LINE('',#10408,#10409);
#10408 = CARTESIAN_POINT('',(-0.,0.));
#10409 = VECTOR('',#10410,1.);
#10410 = DIRECTION('',(-0.,1.));
#10411 = ( GEOMETRIC_REPRESENTATION_CONTEXT(2) 
PARAMETRIC_REPRESENTATION_CONTEXT() REPRESENTATION_CONTEXT('2D SPACE',''
  ) );
#10412 = ORIENTED_EDGE('',*,*,#10413,.F.);
#10413 = EDGE_CURVE('',#10414,#10386,#10416,.T.);
#10414 = VERTEX_POINT('',#10415);
#10415 = CARTESIAN_POINT('',(11.25,-22.05,7.1));
#10416 = SURFACE_CURVE('',#10417,(#10421,#10428),.PCURVE_S1.);
#10417 = LINE('',#10418,#10419);
#10418 = CARTESIAN_POINT('',(11.25,-22.05,7.3));
#10419 = VECTOR('',#10420,1.);
#10420 = DIRECTION('',(0.,0.,1.));
#10421 = PCURVE('',#10361,#10422);
#10422 = DEFINITIONAL_REPRESENTATION('',(#10423),#10427);
#10423 = LINE('',#10424,#10425);
#10424 = CARTESIAN_POINT('',(-0.8,11.3));
#10425 = VECTOR('',#10426,1.);
#10426 = DIRECTION('',(1.,0.));
#10427 = ( GEOMETRIC_REPRESENTATION_CONTEXT(2) 
PARAMETRIC_REPRESENTATION_CONTEXT() REPRESENTATION_CONTEXT('2D SPACE',''
  ) );
#10428 = PCURVE('',#10429,#10434);
#10429 = CYLINDRICAL_SURFACE('',#10430,0.2);
#10430 = AXIS2_PLACEMENT_3D('',#10431,#10432,#10433);
#10431 = CARTESIAN_POINT('',(11.05,-22.05,7.3));
#10432 = DIRECTION('',(0.,0.,1.));
#10433 = DIRECTION('',(1.,0.,0.));
#10434 = DEFINITIONAL_REPRESENTATION('',(#10435),#10439);
#10435 = LINE('',#10436,#10437);
#10436 = CARTESIAN_POINT('',(-0.,0.));
#10437 = VECTOR('',#10438,1.);
#10438 = DIRECTION('',(-0.,1.));
#10439 = ( GEOMETRIC_REPRESENTATION_CONTEXT(2) 
PARAMETRIC_REPRESENTATION_CONTEXT() REPRESENTATION_CONTEXT('2D SPACE',''
  ) );
#10440 = ORIENTED_EDGE('',*,*,#10441,.F.);
#10441 = EDGE_CURVE('',#10353,#10414,#10442,.T.);
#10442 = SURFACE_CURVE('',#10443,(#10447,#10454),.PCURVE_S1.);
#10443 = LINE('',#10444,#10445);
#10444 = CARTESIAN_POINT('',(11.25,-29.65,7.1));
#10445 = VECTOR('',#10446,1.);
#10446 = DIRECTION('',(0.,1.,0.));
#10447 = PCURVE('',#10361,#10448);
#10448 = DEFINITIONAL_REPRESENTATION('',(#10449),#10453);
#10449 = LINE('',#10450,#10451);
#10450 = CARTESIAN_POINT('',(-1.,18.9));
#10451 = VECTOR('',#10452,1.);
#10452 = DIRECTION('',(0.,-1.));
#10453 = ( GEOMETRIC_REPRESENTATION_CONTEXT(2) 
PARAMETRIC_REPRESENTATION_CONTEXT() REPRESENTATION_CONTEXT('2D SPACE',''
  ) );
#10454 = PCURVE('',#10455,#10460);
#10455 = CYLINDRICAL_SURFACE('',#10456,0.2);
#10456 = AXIS2_PLACEMENT_3D('',#10457,#10458,#10459);
#10457 = CARTESIAN_POINT('',(11.05,-29.65,7.1));
#10458 = DIRECTION('',(0.,1.,0.));
#10459 = DIRECTION('',(1.,0.,0.));
#10460 = DEFINITIONAL_REPRESENTATION('',(#10461),#10465);
#10461 = LINE('',#10462,#10463);
#10462 = CARTESIAN_POINT('',(-0.,0.));
#10463 = VECTOR('',#10464,1.);
#10464 = DIRECTION('',(-0.,1.));
#10465 = ( GEOMETRIC_REPRESENTATION_CONTEXT(2) 
PARAMETRIC_REPRESENTATION_CONTEXT() REPRESENTATION_CONTEXT('2D SPACE',''
  ) );
#10466 = FACE_BOUND('',#10467,.T.);
#10467 = EDGE_LOOP('',(#10468,#10498,#10521,#10549));
#10468 = ORIENTED_EDGE('',*,*,#10469,.T.);
#10469 = EDGE_CURVE('',#10470,#10472,#10474,.T.);
#10470 = VERTEX_POINT('',#10471);
#10471 = CARTESIAN_POINT('',(11.25,-36.45,10.1));
#10472 = VERTEX_POINT('',#10473);
#10473 = CARTESIAN_POINT('',(11.25,-36.45,6.1));
#10474 = SURFACE_CURVE('',#10475,(#10479,#10486),.PCURVE_S1.);
#10475 = LINE('',#10476,#10477);
#10476 = CARTESIAN_POINT('',(11.25,-36.45,10.1));
#10477 = VECTOR('',#10478,1.);
#10478 = DIRECTION('',(0.,0.,-1.));
#10479 = PCURVE('',#10361,#10480);
#10480 = DEFINITIONAL_REPRESENTATION('',(#10481),#10485);
#10481 = LINE('',#10482,#10483);
#10482 = CARTESIAN_POINT('',(2.,25.7));
#10483 = VECTOR('',#10484,1.);
#10484 = DIRECTION('',(-1.,0.));
#10485 = ( GEOMETRIC_REPRESENTATION_CONTEXT(2) 
PARAMETRIC_REPRESENTATION_CONTEXT() REPRESENTATION_CONTEXT('2D SPACE',''
  ) );
#10486 = PCURVE('',#10487,#10492);
#10487 = PLANE('',#10488);
#10488 = AXIS2_PLACEMENT_3D('',#10489,#10490,#10491);
#10489 = CARTESIAN_POINT('',(-2.795808004317,-36.45,8.06667546862));
#10490 = DIRECTION('',(-0.,-1.,-1.53E-15));
#10491 = DIRECTION('',(0.,1.53E-15,-1.));
#10492 = DEFINITIONAL_REPRESENTATION('',(#10493),#10497);
#10493 = LINE('',#10494,#10495);
#10494 = CARTESIAN_POINT('',(-2.03332453138,14.045808004317));
#10495 = VECTOR('',#10496,1.);
#10496 = DIRECTION('',(1.,0.));
#10497 = ( GEOMETRIC_REPRESENTATION_CONTEXT(2) 
PARAMETRIC_REPRESENTATION_CONTEXT() REPRESENTATION_CONTEXT('2D SPACE',''
  ) );
#10498 = ORIENTED_EDGE('',*,*,#10499,.T.);
#10499 = EDGE_CURVE('',#10472,#10500,#10502,.T.);
#10500 = VERTEX_POINT('',#10501);
#10501 = CARTESIAN_POINT('',(11.25,13.95,6.1));
#10502 = SURFACE_CURVE('',#10503,(#10507,#10514),.PCURVE_S1.);
#10503 = LINE('',#10504,#10505);
#10504 = CARTESIAN_POINT('',(11.25,-36.45,6.1));
#10505 = VECTOR('',#10506,1.);
#10506 = DIRECTION('',(0.,1.,0.));
#10507 = PCURVE('',#10361,#10508);
#10508 = DEFINITIONAL_REPRESENTATION('',(#10509),#10513);
#10509 = LINE('',#10510,#10511);
#10510 = CARTESIAN_POINT('',(-2.,25.7));
#10511 = VECTOR('',#10512,1.);
#10512 = DIRECTION('',(0.,-1.));
#10513 = ( GEOMETRIC_REPRESENTATION_CONTEXT(2) 
PARAMETRIC_REPRESENTATION_CONTEXT() REPRESENTATION_CONTEXT('2D SPACE',''
  ) );
#10514 = PCURVE('',#10224,#10515);
#10515 = DEFINITIONAL_REPRESENTATION('',(#10516),#10520);
#10516 = LINE('',#10517,#10518);
#10517 = CARTESIAN_POINT('',(-15.36121495327,-25.2));
#10518 = VECTOR('',#10519,1.);
#10519 = DIRECTION('',(0.,1.));
#10520 = ( GEOMETRIC_REPRESENTATION_CONTEXT(2) 
PARAMETRIC_REPRESENTATION_CONTEXT() REPRESENTATION_CONTEXT('2D SPACE',''
  ) );
#10521 = ORIENTED_EDGE('',*,*,#10522,.T.);
#10522 = EDGE_CURVE('',#10500,#10523,#10525,.T.);
#10523 = VERTEX_POINT('',#10524);
#10524 = CARTESIAN_POINT('',(11.25,13.95,10.1));
#10525 = SURFACE_CURVE('',#10526,(#10530,#10537),.PCURVE_S1.);
#10526 = LINE('',#10527,#10528);
#10527 = CARTESIAN_POINT('',(11.25,13.95,6.1));
#10528 = VECTOR('',#10529,1.);
#10529 = DIRECTION('',(0.,0.,1.));
#10530 = PCURVE('',#10361,#10531);
#10531 = DEFINITIONAL_REPRESENTATION('',(#10532),#10536);
#10532 = LINE('',#10533,#10534);
#10533 = CARTESIAN_POINT('',(-2.,-24.7));
#10534 = VECTOR('',#10535,1.);
#10535 = DIRECTION('',(1.,0.));
#10536 = ( GEOMETRIC_REPRESENTATION_CONTEXT(2) 
PARAMETRIC_REPRESENTATION_CONTEXT() REPRESENTATION_CONTEXT('2D SPACE',''
  ) );
#10537 = PCURVE('',#10538,#10543);
#10538 = PLANE('',#10539);
#10539 = AXIS2_PLACEMENT_3D('',#10540,#10541,#10542);
#10540 = CARTESIAN_POINT('',(-2.795808004317,13.95,8.06667546862));
#10541 = DIRECTION('',(0.,1.,3.7E-16));
#10542 = DIRECTION('',(0.,-3.7E-16,1.));
#10543 = DEFINITIONAL_REPRESENTATION('',(#10544),#10548);
#10544 = LINE('',#10545,#10546);
#10545 = CARTESIAN_POINT('',(-1.96667546862,14.045808004317));
#10546 = VECTOR('',#10547,1.);
#10547 = DIRECTION('',(1.,0.));
#10548 = ( GEOMETRIC_REPRESENTATION_CONTEXT(2) 
PARAMETRIC_REPRESENTATION_CONTEXT() REPRESENTATION_CONTEXT('2D SPACE',''
  ) );
#10549 = ORIENTED_EDGE('',*,*,#10550,.F.);
#10550 = EDGE_CURVE('',#10470,#10523,#10551,.T.);
#10551 = SURFACE_CURVE('',#10552,(#10556,#10563),.PCURVE_S1.);
#10552 = LINE('',#10553,#10554);
#10553 = CARTESIAN_POINT('',(11.25,13.95,10.1));
#10554 = VECTOR('',#10555,1.);
#10555 = DIRECTION('',(0.,1.,3.7E-16));
#10556 = PCURVE('',#10361,#10557);
#10557 = DEFINITIONAL_REPRESENTATION('',(#10558),#10562);
#10558 = LINE('',#10559,#10560);
#10559 = CARTESIAN_POINT('',(2.,-24.7));
#10560 = VECTOR('',#10561,1.);
#10561 = DIRECTION('',(3.7E-16,-1.));
#10562 = ( GEOMETRIC_REPRESENTATION_CONTEXT(2) 
PARAMETRIC_REPRESENTATION_CONTEXT() REPRESENTATION_CONTEXT('2D SPACE',''
  ) );
#10563 = PCURVE('',#10564,#10569);
#10564 = PLANE('',#10565);
#10565 = AXIS2_PLACEMENT_3D('',#10566,#10567,#10568);
#10566 = CARTESIAN_POINT('',(-2.,-10.75,10.1));
#10567 = DIRECTION('',(0.,0.,1.));
#10568 = DIRECTION('',(1.,0.,0.));
#10569 = DEFINITIONAL_REPRESENTATION('',(#10570),#10574);
#10570 = LINE('',#10571,#10572);
#10571 = CARTESIAN_POINT('',(13.25,24.7));
#10572 = VECTOR('',#10573,1.);
#10573 = DIRECTION('',(0.,1.));
#10574 = ( GEOMETRIC_REPRESENTATION_CONTEXT(2) 
PARAMETRIC_REPRESENTATION_CONTEXT() REPRESENTATION_CONTEXT('2D SPACE',''
  ) );
#10575 = FACE_BOUND('',#10576,.T.);
#10576 = EDGE_LOOP('',(#10577,#10607,#10635,#10663));
#10577 = ORIENTED_EDGE('',*,*,#10578,.F.);
#10578 = EDGE_CURVE('',#10579,#10581,#10583,.T.);
#10579 = VERTEX_POINT('',#10580);
#10580 = CARTESIAN_POINT('',(11.25,7.35,9.1));
#10581 = VERTEX_POINT('',#10582);
#10582 = CARTESIAN_POINT('',(11.25,-0.45,9.1));
#10583 = SURFACE_CURVE('',#10584,(#10588,#10595),.PCURVE_S1.);
#10584 = LINE('',#10585,#10586);
#10585 = CARTESIAN_POINT('',(11.25,7.15,9.1));
#10586 = VECTOR('',#10587,1.);
#10587 = DIRECTION('',(0.,-1.,0.));
#10588 = PCURVE('',#10361,#10589);
#10589 = DEFINITIONAL_REPRESENTATION('',(#10590),#10594);
#10590 = LINE('',#10591,#10592);
#10591 = CARTESIAN_POINT('',(1.,-17.9));
#10592 = VECTOR('',#10593,1.);
#10593 = DIRECTION('',(0.,1.));
#10594 = ( GEOMETRIC_REPRESENTATION_CONTEXT(2) 
PARAMETRIC_REPRESENTATION_CONTEXT() REPRESENTATION_CONTEXT('2D SPACE',''
  ) );
#10595 = PCURVE('',#10596,#10601);
#10596 = CYLINDRICAL_SURFACE('',#10597,0.2);
#10597 = AXIS2_PLACEMENT_3D('',#10598,#10599,#10600);
#10598 = CARTESIAN_POINT('',(11.05,7.15,9.1));
#10599 = DIRECTION('',(0.,-1.,0.));
#10600 = DIRECTION('',(1.,0.,0.));
#10601 = DEFINITIONAL_REPRESENTATION('',(#10602),#10606);
#10602 = LINE('',#10603,#10604);
#10603 = CARTESIAN_POINT('',(-0.,0.));
#10604 = VECTOR('',#10605,1.);
#10605 = DIRECTION('',(-0.,1.));
#10606 = ( GEOMETRIC_REPRESENTATION_CONTEXT(2) 
PARAMETRIC_REPRESENTATION_CONTEXT() REPRESENTATION_CONTEXT('2D SPACE',''
  ) );
#10607 = ORIENTED_EDGE('',*,*,#10608,.F.);
#10608 = EDGE_CURVE('',#10609,#10579,#10611,.T.);
#10609 = VERTEX_POINT('',#10610);
#10610 = CARTESIAN_POINT('',(11.25,7.35,7.1));
#10611 = SURFACE_CURVE('',#10612,(#10616,#10623),.PCURVE_S1.);
#10612 = LINE('',#10613,#10614);
#10613 = CARTESIAN_POINT('',(11.25,7.35,7.3));
#10614 = VECTOR('',#10615,1.);
#10615 = DIRECTION('',(0.,0.,1.));
#10616 = PCURVE('',#10361,#10617);
#10617 = DEFINITIONAL_REPRESENTATION('',(#10618),#10622);
#10618 = LINE('',#10619,#10620);
#10619 = CARTESIAN_POINT('',(-0.8,-18.1));
#10620 = VECTOR('',#10621,1.);
#10621 = DIRECTION('',(1.,0.));
#10622 = ( GEOMETRIC_REPRESENTATION_CONTEXT(2) 
PARAMETRIC_REPRESENTATION_CONTEXT() REPRESENTATION_CONTEXT('2D SPACE',''
  ) );
#10623 = PCURVE('',#10624,#10629);
#10624 = CYLINDRICAL_SURFACE('',#10625,0.2);
#10625 = AXIS2_PLACEMENT_3D('',#10626,#10627,#10628);
#10626 = CARTESIAN_POINT('',(11.05,7.35,7.3));
#10627 = DIRECTION('',(0.,0.,1.));
#10628 = DIRECTION('',(1.,0.,0.));
#10629 = DEFINITIONAL_REPRESENTATION('',(#10630),#10634);
#10630 = LINE('',#10631,#10632);
#10631 = CARTESIAN_POINT('',(-0.,0.));
#10632 = VECTOR('',#10633,1.);
#10633 = DIRECTION('',(-0.,1.));
#10634 = ( GEOMETRIC_REPRESENTATION_CONTEXT(2) 
PARAMETRIC_REPRESENTATION_CONTEXT() REPRESENTATION_CONTEXT('2D SPACE',''
  ) );
#10635 = ORIENTED_EDGE('',*,*,#10636,.F.);
#10636 = EDGE_CURVE('',#10637,#10609,#10639,.T.);
#10637 = VERTEX_POINT('',#10638);
#10638 = CARTESIAN_POINT('',(11.25,-0.45,7.1));
#10639 = SURFACE_CURVE('',#10640,(#10644,#10651),.PCURVE_S1.);
#10640 = LINE('',#10641,#10642);
#10641 = CARTESIAN_POINT('',(11.25,-0.25,7.1));
#10642 = VECTOR('',#10643,1.);
#10643 = DIRECTION('',(0.,1.,0.));
#10644 = PCURVE('',#10361,#10645);
#10645 = DEFINITIONAL_REPRESENTATION('',(#10646),#10650);
#10646 = LINE('',#10647,#10648);
#10647 = CARTESIAN_POINT('',(-1.,-10.5));
#10648 = VECTOR('',#10649,1.);
#10649 = DIRECTION('',(0.,-1.));
#10650 = ( GEOMETRIC_REPRESENTATION_CONTEXT(2) 
PARAMETRIC_REPRESENTATION_CONTEXT() REPRESENTATION_CONTEXT('2D SPACE',''
  ) );
#10651 = PCURVE('',#10652,#10657);
#10652 = CYLINDRICAL_SURFACE('',#10653,0.2);
#10653 = AXIS2_PLACEMENT_3D('',#10654,#10655,#10656);
#10654 = CARTESIAN_POINT('',(11.05,-0.25,7.1));
#10655 = DIRECTION('',(0.,1.,0.));
#10656 = DIRECTION('',(1.,0.,0.));
#10657 = DEFINITIONAL_REPRESENTATION('',(#10658),#10662);
#10658 = LINE('',#10659,#10660);
#10659 = CARTESIAN_POINT('',(-0.,0.));
#10660 = VECTOR('',#10661,1.);
#10661 = DIRECTION('',(-0.,1.));
#10662 = ( GEOMETRIC_REPRESENTATION_CONTEXT(2) 
PARAMETRIC_REPRESENTATION_CONTEXT() REPRESENTATION_CONTEXT('2D SPACE',''
  ) );
#10663 = ORIENTED_EDGE('',*,*,#10664,.F.);
#10664 = EDGE_CURVE('',#10581,#10637,#10665,.T.);
#10665 = SURFACE_CURVE('',#10666,(#10670,#10677),.PCURVE_S1.);
#10666 = LINE('',#10667,#10668);
#10667 = CARTESIAN_POINT('',(11.25,-0.45,8.9));
#10668 = VECTOR('',#10669,1.);
#10669 = DIRECTION('',(0.,0.,-1.));
#10670 = PCURVE('',#10361,#10671);
#10671 = DEFINITIONAL_REPRESENTATION('',(#10672),#10676);
#10672 = LINE('',#10673,#10674);
#10673 = CARTESIAN_POINT('',(0.8,-10.3));
#10674 = VECTOR('',#10675,1.);
#10675 = DIRECTION('',(-1.,0.));
#10676 = ( GEOMETRIC_REPRESENTATION_CONTEXT(2) 
PARAMETRIC_REPRESENTATION_CONTEXT() REPRESENTATION_CONTEXT('2D SPACE',''
  ) );
#10677 = PCURVE('',#10678,#10683);
#10678 = CYLINDRICAL_SURFACE('',#10679,0.2);
#10679 = AXIS2_PLACEMENT_3D('',#10680,#10681,#10682);
#10680 = CARTESIAN_POINT('',(11.05,-0.45,8.9));
#10681 = DIRECTION('',(0.,0.,-1.));
#10682 = DIRECTION('',(1.,0.,0.));
#10683 = DEFINITIONAL_REPRESENTATION('',(#10684),#10688);
#10684 = LINE('',#10685,#10686);
#10685 = CARTESIAN_POINT('',(-0.,0.));
#10686 = VECTOR('',#10687,1.);
#10687 = DIRECTION('',(-0.,1.));
#10688 = ( GEOMETRIC_REPRESENTATION_CONTEXT(2) 
PARAMETRIC_REPRESENTATION_CONTEXT() REPRESENTATION_CONTEXT('2D SPACE',''
  ) );
#10689 = ADVANCED_FACE('',(#10690),#10373,.T.);
#10690 = FACE_BOUND('',#10691,.F.);
#10691 = EDGE_LOOP('',(#10692,#10724,#10752,#10782));
#10692 = ORIENTED_EDGE('',*,*,#10693,.T.);
#10693 = EDGE_CURVE('',#10351,#10694,#10696,.T.);
#10694 = VERTEX_POINT('',#10695);
#10695 = CARTESIAN_POINT('',(11.05,-29.65,8.9));
#10696 = SURFACE_CURVE('',#10697,(#10702,#10713),.PCURVE_S1.);
#10697 = ELLIPSE('',#10698,0.282842712475,0.2);
#10698 = AXIS2_PLACEMENT_3D('',#10699,#10700,#10701);
#10699 = CARTESIAN_POINT('',(11.05,-29.85,9.1));
#10700 = DIRECTION('',(0.,0.707106781187,0.707106781187));
#10701 = DIRECTION('',(0.,0.707106781187,-0.707106781187));
#10702 = PCURVE('',#10373,#10703);
#10703 = DEFINITIONAL_REPRESENTATION('',(#10704),#10712);
#10704 = B_SPLINE_CURVE_WITH_KNOTS('',6,(#10705,#10706,#10707,#10708,
    #10709,#10710,#10711),.UNSPECIFIED.,.F.,.F.,(7,7),(4.712388980385,
    6.28318530718),.PIECEWISE_BEZIER_KNOTS.);
#10705 = CARTESIAN_POINT('',(2.2E-16,-0.2));
#10706 = CARTESIAN_POINT('',(-0.261799387799,-0.14764012244));
#10707 = CARTESIAN_POINT('',(-0.523597760808,-9.528418306218E-02));
#10708 = CARTESIAN_POINT('',(-0.785397946623,-4.936253123299E-02));
#10709 = CARTESIAN_POINT('',(-1.047198797763,-1.644547644031E-02));
#10710 = CARTESIAN_POINT('',(-1.308996938996,8.E-17));
#10711 = CARTESIAN_POINT('',(-1.570796326795,1.E-17));
#10712 = ( GEOMETRIC_REPRESENTATION_CONTEXT(2) 
PARAMETRIC_REPRESENTATION_CONTEXT() REPRESENTATION_CONTEXT('2D SPACE',''
  ) );
#10713 = PCURVE('',#10401,#10714);
#10714 = DEFINITIONAL_REPRESENTATION('',(#10715),#10723);
#10715 = B_SPLINE_CURVE_WITH_KNOTS('',6,(#10716,#10717,#10718,#10719,
    #10720,#10721,#10722),.UNSPECIFIED.,.F.,.F.,(7,7),(4.712388980385,
    6.28318530718),.PIECEWISE_BEZIER_KNOTS.);
#10716 = CARTESIAN_POINT('',(2.2E-16,7.6));
#10717 = CARTESIAN_POINT('',(-0.261799387799,7.54764012244));
#10718 = CARTESIAN_POINT('',(-0.523597760808,7.495284183062));
#10719 = CARTESIAN_POINT('',(-0.785397946622,7.449362531233));
#10720 = CARTESIAN_POINT('',(-1.047198797763,7.41644547644));
#10721 = CARTESIAN_POINT('',(-1.308996938996,7.4));
#10722 = CARTESIAN_POINT('',(-1.570796326795,7.4));
#10723 = ( GEOMETRIC_REPRESENTATION_CONTEXT(2) 
PARAMETRIC_REPRESENTATION_CONTEXT() REPRESENTATION_CONTEXT('2D SPACE',''
  ) );
#10724 = ORIENTED_EDGE('',*,*,#10725,.T.);
#10725 = EDGE_CURVE('',#10694,#10726,#10728,.T.);
#10726 = VERTEX_POINT('',#10727);
#10727 = CARTESIAN_POINT('',(11.05,-29.65,7.3));
#10728 = SURFACE_CURVE('',#10729,(#10733,#10740),.PCURVE_S1.);
#10729 = LINE('',#10730,#10731);
#10730 = CARTESIAN_POINT('',(11.05,-29.65,8.9));
#10731 = VECTOR('',#10732,1.);
#10732 = DIRECTION('',(0.,0.,-1.));
#10733 = PCURVE('',#10373,#10734);
#10734 = DEFINITIONAL_REPRESENTATION('',(#10735),#10739);
#10735 = LINE('',#10736,#10737);
#10736 = CARTESIAN_POINT('',(-1.570796326795,0.));
#10737 = VECTOR('',#10738,1.);
#10738 = DIRECTION('',(-0.,1.));
#10739 = ( GEOMETRIC_REPRESENTATION_CONTEXT(2) 
PARAMETRIC_REPRESENTATION_CONTEXT() REPRESENTATION_CONTEXT('2D SPACE',''
  ) );
#10740 = PCURVE('',#10741,#10746);
#10741 = PLANE('',#10742);
#10742 = AXIS2_PLACEMENT_3D('',#10743,#10744,#10745);
#10743 = CARTESIAN_POINT('',(11.25,-29.65,8.9));
#10744 = DIRECTION('',(0.,-1.,0.));
#10745 = DIRECTION('',(0.,0.,-1.));
#10746 = DEFINITIONAL_REPRESENTATION('',(#10747),#10751);
#10747 = LINE('',#10748,#10749);
#10748 = CARTESIAN_POINT('',(0.,-0.2));
#10749 = VECTOR('',#10750,1.);
#10750 = DIRECTION('',(1.,0.));
#10751 = ( GEOMETRIC_REPRESENTATION_CONTEXT(2) 
PARAMETRIC_REPRESENTATION_CONTEXT() REPRESENTATION_CONTEXT('2D SPACE',''
  ) );
#10752 = ORIENTED_EDGE('',*,*,#10753,.F.);
#10753 = EDGE_CURVE('',#10353,#10726,#10754,.T.);
#10754 = SURFACE_CURVE('',#10755,(#10760,#10771),.PCURVE_S1.);
#10755 = ELLIPSE('',#10756,0.282842712475,0.2);
#10756 = AXIS2_PLACEMENT_3D('',#10757,#10758,#10759);
#10757 = CARTESIAN_POINT('',(11.05,-29.85,7.1));
#10758 = DIRECTION('',(0.,-0.707106781187,0.707106781187));
#10759 = DIRECTION('',(0.,-0.707106781187,-0.707106781187));
#10760 = PCURVE('',#10373,#10761);
#10761 = DEFINITIONAL_REPRESENTATION('',(#10762),#10770);
#10762 = B_SPLINE_CURVE_WITH_KNOTS('',6,(#10763,#10764,#10765,#10766,
    #10767,#10768,#10769),.UNSPECIFIED.,.F.,.F.,(7,7),(1.570796326795,
    3.14159265359),.PIECEWISE_BEZIER_KNOTS.);
#10763 = CARTESIAN_POINT('',(1.1E-16,1.8));
#10764 = CARTESIAN_POINT('',(-0.261799387799,1.74764012244));
#10765 = CARTESIAN_POINT('',(-0.523597760808,1.695284183062));
#10766 = CARTESIAN_POINT('',(-0.785397946622,1.649362531233));
#10767 = CARTESIAN_POINT('',(-1.047198797763,1.61644547644));
#10768 = CARTESIAN_POINT('',(-1.308996938996,1.6));
#10769 = CARTESIAN_POINT('',(-1.570796326795,1.6));
#10770 = ( GEOMETRIC_REPRESENTATION_CONTEXT(2) 
PARAMETRIC_REPRESENTATION_CONTEXT() REPRESENTATION_CONTEXT('2D SPACE',''
  ) );
#10771 = PCURVE('',#10455,#10772);
#10772 = DEFINITIONAL_REPRESENTATION('',(#10773),#10781);
#10773 = B_SPLINE_CURVE_WITH_KNOTS('',6,(#10774,#10775,#10776,#10777,
    #10778,#10779,#10780),.UNSPECIFIED.,.F.,.F.,(7,7),(1.570796326795,
    3.14159265359),.PIECEWISE_BEZIER_KNOTS.);
#10774 = CARTESIAN_POINT('',(1.1E-16,-0.2));
#10775 = CARTESIAN_POINT('',(-0.261799387799,-0.14764012244));
#10776 = CARTESIAN_POINT('',(-0.523597760808,-9.528418306218E-02));
#10777 = CARTESIAN_POINT('',(-0.785397946622,-4.936253123299E-02));
#10778 = CARTESIAN_POINT('',(-1.047198797763,-1.644547644031E-02));
#10779 = CARTESIAN_POINT('',(-1.308996938996,1.E-16));
#10780 = CARTESIAN_POINT('',(-1.570796326795,1.E-17));
#10781 = ( GEOMETRIC_REPRESENTATION_CONTEXT(2) 
PARAMETRIC_REPRESENTATION_CONTEXT() REPRESENTATION_CONTEXT('2D SPACE',''
  ) );
#10782 = ORIENTED_EDGE('',*,*,#10350,.F.);
#10783 = ADVANCED_FACE('',(#10784),#10401,.T.);
#10784 = FACE_BOUND('',#10785,.F.);
#10785 = EDGE_LOOP('',(#10786,#10818,#10844,#10845));
#10786 = ORIENTED_EDGE('',*,*,#10787,.T.);
#10787 = EDGE_CURVE('',#10386,#10788,#10790,.T.);
#10788 = VERTEX_POINT('',#10789);
#10789 = CARTESIAN_POINT('',(11.05,-22.25,8.9));
#10790 = SURFACE_CURVE('',#10791,(#10796,#10807),.PCURVE_S1.);
#10791 = ELLIPSE('',#10792,0.282842712475,0.2);
#10792 = AXIS2_PLACEMENT_3D('',#10793,#10794,#10795);
#10793 = CARTESIAN_POINT('',(11.05,-22.05,9.1));
#10794 = DIRECTION('',(0.,0.707106781187,-0.707106781187));
#10795 = DIRECTION('',(0.,-0.707106781187,-0.707106781187));
#10796 = PCURVE('',#10401,#10797);
#10797 = DEFINITIONAL_REPRESENTATION('',(#10798),#10806);
#10798 = B_SPLINE_CURVE_WITH_KNOTS('',6,(#10799,#10800,#10801,#10802,
    #10803,#10804,#10805),.UNSPECIFIED.,.F.,.F.,(7,7),(4.712389522795,
    6.28318530718),.PIECEWISE_BEZIER_KNOTS.);
#10799 = CARTESIAN_POINT('',(-5.42410454E-07,-0.199999891518));
#10800 = CARTESIAN_POINT('',(-0.261799839808,-0.147640032038));
#10801 = CARTESIAN_POINT('',(-0.523598122418,-9.528411965256E-02));
#10802 = CARTESIAN_POINT('',(-0.785398217828,-4.93624971133E-02));
#10803 = CARTESIAN_POINT('',(-1.047198978564,-1.644546509054E-02));
#10804 = CARTESIAN_POINT('',(-1.308997029397,-8.E-17));
#10805 = CARTESIAN_POINT('',(-1.570796326795,1.E-17));
#10806 = ( GEOMETRIC_REPRESENTATION_CONTEXT(2) 
PARAMETRIC_REPRESENTATION_CONTEXT() REPRESENTATION_CONTEXT('2D SPACE',''
  ) );
#10807 = PCURVE('',#10429,#10808);
#10808 = DEFINITIONAL_REPRESENTATION('',(#10809),#10817);
#10809 = B_SPLINE_CURVE_WITH_KNOTS('',6,(#10810,#10811,#10812,#10813,
    #10814,#10815,#10816),.UNSPECIFIED.,.F.,.F.,(7,7),(4.712389522795,
    6.28318530718),.PIECEWISE_BEZIER_KNOTS.);
#10810 = CARTESIAN_POINT('',(-5.42410454E-07,1.799999891518));
#10811 = CARTESIAN_POINT('',(-0.261799839808,1.747640032038));
#10812 = CARTESIAN_POINT('',(-0.523598122418,1.695284119653));
#10813 = CARTESIAN_POINT('',(-0.785398217828,1.649362497113));
#10814 = CARTESIAN_POINT('',(-1.047198978564,1.616445465091));
#10815 = CARTESIAN_POINT('',(-1.308997029397,1.6));
#10816 = CARTESIAN_POINT('',(-1.570796326795,1.6));
#10817 = ( GEOMETRIC_REPRESENTATION_CONTEXT(2) 
PARAMETRIC_REPRESENTATION_CONTEXT() REPRESENTATION_CONTEXT('2D SPACE',''
  ) );
#10818 = ORIENTED_EDGE('',*,*,#10819,.T.);
#10819 = EDGE_CURVE('',#10788,#10694,#10820,.T.);
#10820 = SURFACE_CURVE('',#10821,(#10825,#10832),.PCURVE_S1.);
#10821 = LINE('',#10822,#10823);
#10822 = CARTESIAN_POINT('',(11.05,-22.25,8.9));
#10823 = VECTOR('',#10824,1.);
#10824 = DIRECTION('',(0.,-1.,0.));
#10825 = PCURVE('',#10401,#10826);
#10826 = DEFINITIONAL_REPRESENTATION('',(#10827),#10831);
#10827 = LINE('',#10828,#10829);
#10828 = CARTESIAN_POINT('',(-1.570796326795,0.));
#10829 = VECTOR('',#10830,1.);
#10830 = DIRECTION('',(-0.,1.));
#10831 = ( GEOMETRIC_REPRESENTATION_CONTEXT(2) 
PARAMETRIC_REPRESENTATION_CONTEXT() REPRESENTATION_CONTEXT('2D SPACE',''
  ) );
#10832 = PCURVE('',#10833,#10838);
#10833 = PLANE('',#10834);
#10834 = AXIS2_PLACEMENT_3D('',#10835,#10836,#10837);
#10835 = CARTESIAN_POINT('',(11.25,-22.25,8.9));
#10836 = DIRECTION('',(0.,0.,1.));
#10837 = DIRECTION('',(0.,-1.,0.));
#10838 = DEFINITIONAL_REPRESENTATION('',(#10839),#10843);
#10839 = LINE('',#10840,#10841);
#10840 = CARTESIAN_POINT('',(0.,-0.2));
#10841 = VECTOR('',#10842,1.);
#10842 = DIRECTION('',(1.,0.));
#10843 = ( GEOMETRIC_REPRESENTATION_CONTEXT(2) 
PARAMETRIC_REPRESENTATION_CONTEXT() REPRESENTATION_CONTEXT('2D SPACE',''
  ) );
#10844 = ORIENTED_EDGE('',*,*,#10693,.F.);
#10845 = ORIENTED_EDGE('',*,*,#10385,.F.);
#10846 = ADVANCED_FACE('',(#10847),#10455,.T.);
#10847 = FACE_BOUND('',#10848,.F.);
#10848 = EDGE_LOOP('',(#10849,#10850,#10878,#10908));
#10849 = ORIENTED_EDGE('',*,*,#10753,.T.);
#10850 = ORIENTED_EDGE('',*,*,#10851,.T.);
#10851 = EDGE_CURVE('',#10726,#10852,#10854,.T.);
#10852 = VERTEX_POINT('',#10853);
#10853 = CARTESIAN_POINT('',(11.05,-22.25,7.3));
#10854 = SURFACE_CURVE('',#10855,(#10859,#10866),.PCURVE_S1.);
#10855 = LINE('',#10856,#10857);
#10856 = CARTESIAN_POINT('',(11.05,-29.65,7.3));
#10857 = VECTOR('',#10858,1.);
#10858 = DIRECTION('',(0.,1.,0.));
#10859 = PCURVE('',#10455,#10860);
#10860 = DEFINITIONAL_REPRESENTATION('',(#10861),#10865);
#10861 = LINE('',#10862,#10863);
#10862 = CARTESIAN_POINT('',(-1.570796326795,0.));
#10863 = VECTOR('',#10864,1.);
#10864 = DIRECTION('',(-0.,1.));
#10865 = ( GEOMETRIC_REPRESENTATION_CONTEXT(2) 
PARAMETRIC_REPRESENTATION_CONTEXT() REPRESENTATION_CONTEXT('2D SPACE',''
  ) );
#10866 = PCURVE('',#10867,#10872);
#10867 = PLANE('',#10868);
#10868 = AXIS2_PLACEMENT_3D('',#10869,#10870,#10871);
#10869 = CARTESIAN_POINT('',(11.25,-29.65,7.3));
#10870 = DIRECTION('',(0.,0.,-1.));
#10871 = DIRECTION('',(0.,1.,0.));
#10872 = DEFINITIONAL_REPRESENTATION('',(#10873),#10877);
#10873 = LINE('',#10874,#10875);
#10874 = CARTESIAN_POINT('',(0.,-0.2));
#10875 = VECTOR('',#10876,1.);
#10876 = DIRECTION('',(1.,0.));
#10877 = ( GEOMETRIC_REPRESENTATION_CONTEXT(2) 
PARAMETRIC_REPRESENTATION_CONTEXT() REPRESENTATION_CONTEXT('2D SPACE',''
  ) );
#10878 = ORIENTED_EDGE('',*,*,#10879,.F.);
#10879 = EDGE_CURVE('',#10414,#10852,#10880,.T.);
#10880 = SURFACE_CURVE('',#10881,(#10886,#10897),.PCURVE_S1.);
#10881 = ELLIPSE('',#10882,0.282842712475,0.2);
#10882 = AXIS2_PLACEMENT_3D('',#10883,#10884,#10885);
#10883 = CARTESIAN_POINT('',(11.05,-22.05,7.1));
#10884 = DIRECTION('',(0.,-0.707106781187,-0.707106781187));
#10885 = DIRECTION('',(0.,0.707106781187,-0.707106781187));
#10886 = PCURVE('',#10455,#10887);
#10887 = DEFINITIONAL_REPRESENTATION('',(#10888),#10896);
#10888 = B_SPLINE_CURVE_WITH_KNOTS('',6,(#10889,#10890,#10891,#10892,
    #10893,#10894,#10895),.UNSPECIFIED.,.F.,.F.,(7,7),(1.570796326795,
    3.14159265359),.PIECEWISE_BEZIER_KNOTS.);
#10889 = CARTESIAN_POINT('',(-1.1E-16,7.6));
#10890 = CARTESIAN_POINT('',(-0.261799387799,7.54764012244));
#10891 = CARTESIAN_POINT('',(-0.523597760808,7.495284183062));
#10892 = CARTESIAN_POINT('',(-0.785397946622,7.449362531233));
#10893 = CARTESIAN_POINT('',(-1.047198797764,7.41644547644));
#10894 = CARTESIAN_POINT('',(-1.308996938996,7.4));
#10895 = CARTESIAN_POINT('',(-1.570796326795,7.4));
#10896 = ( GEOMETRIC_REPRESENTATION_CONTEXT(2) 
PARAMETRIC_REPRESENTATION_CONTEXT() REPRESENTATION_CONTEXT('2D SPACE',''
  ) );
#10897 = PCURVE('',#10429,#10898);
#10898 = DEFINITIONAL_REPRESENTATION('',(#10899),#10907);
#10899 = B_SPLINE_CURVE_WITH_KNOTS('',6,(#10900,#10901,#10902,#10903,
    #10904,#10905,#10906),.UNSPECIFIED.,.F.,.F.,(7,7),(1.570796326795,
    3.14159265359),.PIECEWISE_BEZIER_KNOTS.);
#10900 = CARTESIAN_POINT('',(1.1E-16,-0.2));
#10901 = CARTESIAN_POINT('',(-0.261799387799,-0.14764012244));
#10902 = CARTESIAN_POINT('',(-0.523597760808,-9.528418306218E-02));
#10903 = CARTESIAN_POINT('',(-0.785397946622,-4.936253123298E-02));
#10904 = CARTESIAN_POINT('',(-1.047198797763,-1.644547644032E-02));
#10905 = CARTESIAN_POINT('',(-1.308996938996,4.E-17));
#10906 = CARTESIAN_POINT('',(-1.570796326795,0.));
#10907 = ( GEOMETRIC_REPRESENTATION_CONTEXT(2) 
PARAMETRIC_REPRESENTATION_CONTEXT() REPRESENTATION_CONTEXT('2D SPACE',''
  ) );
#10908 = ORIENTED_EDGE('',*,*,#10441,.F.);
#10909 = ADVANCED_FACE('',(#10910),#10429,.T.);
#10910 = FACE_BOUND('',#10911,.F.);
#10911 = EDGE_LOOP('',(#10912,#10913,#10939,#10940));
#10912 = ORIENTED_EDGE('',*,*,#10879,.T.);
#10913 = ORIENTED_EDGE('',*,*,#10914,.T.);
#10914 = EDGE_CURVE('',#10852,#10788,#10915,.T.);
#10915 = SURFACE_CURVE('',#10916,(#10920,#10927),.PCURVE_S1.);
#10916 = LINE('',#10917,#10918);
#10917 = CARTESIAN_POINT('',(11.05,-22.25,7.3));
#10918 = VECTOR('',#10919,1.);
#10919 = DIRECTION('',(0.,0.,1.));
#10920 = PCURVE('',#10429,#10921);
#10921 = DEFINITIONAL_REPRESENTATION('',(#10922),#10926);
#10922 = LINE('',#10923,#10924);
#10923 = CARTESIAN_POINT('',(-1.570796326795,0.));
#10924 = VECTOR('',#10925,1.);
#10925 = DIRECTION('',(-0.,1.));
#10926 = ( GEOMETRIC_REPRESENTATION_CONTEXT(2) 
PARAMETRIC_REPRESENTATION_CONTEXT() REPRESENTATION_CONTEXT('2D SPACE',''
  ) );
#10927 = PCURVE('',#10928,#10933);
#10928 = PLANE('',#10929);
#10929 = AXIS2_PLACEMENT_3D('',#10930,#10931,#10932);
#10930 = CARTESIAN_POINT('',(11.25,-22.25,7.3));
#10931 = DIRECTION('',(0.,1.,0.));
#10932 = DIRECTION('',(0.,0.,1.));
#10933 = DEFINITIONAL_REPRESENTATION('',(#10934),#10938);
#10934 = LINE('',#10935,#10936);
#10935 = CARTESIAN_POINT('',(0.,-0.2));
#10936 = VECTOR('',#10937,1.);
#10937 = DIRECTION('',(1.,0.));
#10938 = ( GEOMETRIC_REPRESENTATION_CONTEXT(2) 
PARAMETRIC_REPRESENTATION_CONTEXT() REPRESENTATION_CONTEXT('2D SPACE',''
  ) );
#10939 = ORIENTED_EDGE('',*,*,#10787,.F.);
#10940 = ORIENTED_EDGE('',*,*,#10413,.F.);
#10941 = ADVANCED_FACE('',(#10942),#10487,.T.);
#10942 = FACE_BOUND('',#10943,.T.);
#10943 = EDGE_LOOP('',(#10944,#10969,#10990,#10991,#11014));
#10944 = ORIENTED_EDGE('',*,*,#10945,.F.);
#10945 = EDGE_CURVE('',#10946,#10948,#10950,.T.);
#10946 = VERTEX_POINT('',#10947);
#10947 = CARTESIAN_POINT('',(-17.25,-36.45,6.1));
#10948 = VERTEX_POINT('',#10949);
#10949 = CARTESIAN_POINT('',(-17.25,-36.45,8.1));
#10950 = SURFACE_CURVE('',#10951,(#10955,#10962),.PCURVE_S1.);
#10951 = LINE('',#10952,#10953);
#10952 = CARTESIAN_POINT('',(-17.25,-36.45,6.1));
#10953 = VECTOR('',#10954,1.);
#10954 = DIRECTION('',(0.,0.,1.));
#10955 = PCURVE('',#10487,#10956);
#10956 = DEFINITIONAL_REPRESENTATION('',(#10957),#10961);
#10957 = LINE('',#10958,#10959);
#10958 = CARTESIAN_POINT('',(1.96667546862,-14.45419199568));
#10959 = VECTOR('',#10960,1.);
#10960 = DIRECTION('',(-1.,0.));
#10961 = ( GEOMETRIC_REPRESENTATION_CONTEXT(2) 
PARAMETRIC_REPRESENTATION_CONTEXT() REPRESENTATION_CONTEXT('2D SPACE',''
  ) );
#10962 = PCURVE('',#10278,#10963);
#10963 = DEFINITIONAL_REPRESENTATION('',(#10964),#10968);
#10964 = LINE('',#10965,#10966);
#10965 = CARTESIAN_POINT('',(-6.1,25.865835411471));
#10966 = VECTOR('',#10967,1.);
#10967 = DIRECTION('',(-1.,0.));
#10968 = ( GEOMETRIC_REPRESENTATION_CONTEXT(2) 
PARAMETRIC_REPRESENTATION_CONTEXT() REPRESENTATION_CONTEXT('2D SPACE',''
  ) );
#10969 = ORIENTED_EDGE('',*,*,#10970,.T.);
#10970 = EDGE_CURVE('',#10946,#10472,#10971,.T.);
#10971 = SURFACE_CURVE('',#10972,(#10976,#10983),.PCURVE_S1.);
#10972 = LINE('',#10973,#10974);
#10973 = CARTESIAN_POINT('',(-17.25,-36.45,6.1));
#10974 = VECTOR('',#10975,1.);
#10975 = DIRECTION('',(1.,0.,0.));
#10976 = PCURVE('',#10487,#10977);
#10977 = DEFINITIONAL_REPRESENTATION('',(#10978),#10982);
#10978 = LINE('',#10979,#10980);
#10979 = CARTESIAN_POINT('',(1.96667546862,-14.45419199568));
#10980 = VECTOR('',#10981,1.);
#10981 = DIRECTION('',(0.,1.));
#10982 = ( GEOMETRIC_REPRESENTATION_CONTEXT(2) 
PARAMETRIC_REPRESENTATION_CONTEXT() REPRESENTATION_CONTEXT('2D SPACE',''
  ) );
#10983 = PCURVE('',#10224,#10984);
#10984 = DEFINITIONAL_REPRESENTATION('',(#10985),#10989);
#10985 = LINE('',#10986,#10987);
#10986 = CARTESIAN_POINT('',(13.138785046729,-25.2));
#10987 = VECTOR('',#10988,1.);
#10988 = DIRECTION('',(-1.,0.));
#10989 = ( GEOMETRIC_REPRESENTATION_CONTEXT(2) 
PARAMETRIC_REPRESENTATION_CONTEXT() REPRESENTATION_CONTEXT('2D SPACE',''
  ) );
#10990 = ORIENTED_EDGE('',*,*,#10469,.F.);
#10991 = ORIENTED_EDGE('',*,*,#10992,.F.);
#10992 = EDGE_CURVE('',#10993,#10470,#10995,.T.);
#10993 = VERTEX_POINT('',#10994);
#10994 = CARTESIAN_POINT('',(-15.25,-36.45,10.1));
#10995 = SURFACE_CURVE('',#10996,(#11000,#11007),.PCURVE_S1.);
#10996 = LINE('',#10997,#10998);
#10997 = CARTESIAN_POINT('',(-11.25,-36.45,10.1));
#10998 = VECTOR('',#10999,1.);
#10999 = DIRECTION('',(1.,0.,0.));
#11000 = PCURVE('',#10487,#11001);
#11001 = DEFINITIONAL_REPRESENTATION('',(#11002),#11006);
#11002 = LINE('',#11003,#11004);
#11003 = CARTESIAN_POINT('',(-2.03332453138,-8.454191995683));
#11004 = VECTOR('',#11005,1.);
#11005 = DIRECTION('',(0.,1.));
#11006 = ( GEOMETRIC_REPRESENTATION_CONTEXT(2) 
PARAMETRIC_REPRESENTATION_CONTEXT() REPRESENTATION_CONTEXT('2D SPACE',''
  ) );
#11007 = PCURVE('',#10564,#11008);
#11008 = DEFINITIONAL_REPRESENTATION('',(#11009),#11013);
#11009 = LINE('',#11010,#11011);
#11010 = CARTESIAN_POINT('',(-9.25,-25.7));
#11011 = VECTOR('',#11012,1.);
#11012 = DIRECTION('',(1.,0.));
#11013 = ( GEOMETRIC_REPRESENTATION_CONTEXT(2) 
PARAMETRIC_REPRESENTATION_CONTEXT() REPRESENTATION_CONTEXT('2D SPACE',''
  ) );
#11014 = ORIENTED_EDGE('',*,*,#11015,.F.);
#11015 = EDGE_CURVE('',#10948,#10993,#11016,.T.);
#11016 = SURFACE_CURVE('',#11017,(#11022,#11033),.PCURVE_S1.);
#11017 = CIRCLE('',#11018,2.);
#11018 = AXIS2_PLACEMENT_3D('',#11019,#11020,#11021);
#11019 = CARTESIAN_POINT('',(-15.25,-36.45,8.1));
#11020 = DIRECTION('',(-0.,1.,0.));
#11021 = DIRECTION('',(0.,0.,-1.));
#11022 = PCURVE('',#10487,#11023);
#11023 = DEFINITIONAL_REPRESENTATION('',(#11024),#11032);
#11024 = ( BOUNDED_CURVE() B_SPLINE_CURVE(2,(#11025,#11026,#11027,#11028
    ,#11029,#11030,#11031),.UNSPECIFIED.,.T.,.F.) 
B_SPLINE_CURVE_WITH_KNOTS((1,2,2,2,2,1),(-2.094395102393,0.,
    2.094395102393,4.188790204786,6.28318530718,8.377580409573),
.UNSPECIFIED.) CURVE() GEOMETRIC_REPRESENTATION_ITEM() 
RATIONAL_B_SPLINE_CURVE((1.,0.5,1.,0.5,1.,0.5,1.)) REPRESENTATION_ITEM(
  '') );
#11025 = CARTESIAN_POINT('',(1.96667546862,-12.45419199568));
#11026 = CARTESIAN_POINT('',(1.96667546862,-15.91829361082));
#11027 = CARTESIAN_POINT('',(-1.03332453138,-14.18624280325));
#11028 = CARTESIAN_POINT('',(-4.03332453138,-12.45419199568));
#11029 = CARTESIAN_POINT('',(-1.03332453138,-10.72214118811));
#11030 = CARTESIAN_POINT('',(1.96667546862,-8.990090380546));
#11031 = CARTESIAN_POINT('',(1.96667546862,-12.45419199568));
#11032 = ( GEOMETRIC_REPRESENTATION_CONTEXT(2) 
PARAMETRIC_REPRESENTATION_CONTEXT() REPRESENTATION_CONTEXT('2D SPACE',''
  ) );
#11033 = PCURVE('',#11034,#11039);
#11034 = CYLINDRICAL_SURFACE('',#11035,2.);
#11035 = AXIS2_PLACEMENT_3D('',#11036,#11037,#11038);
#11036 = CARTESIAN_POINT('',(-15.25,13.95,8.1));
#11037 = DIRECTION('',(0.,-1.,0.));
#11038 = DIRECTION('',(-1.,0.,0.));
#11039 = DEFINITIONAL_REPRESENTATION('',(#11040),#11044);
#11040 = LINE('',#11041,#11042);
#11041 = CARTESIAN_POINT('',(1.570796326795,50.4));
#11042 = VECTOR('',#11043,1.);
#11043 = DIRECTION('',(-1.,0.));
#11044 = ( GEOMETRIC_REPRESENTATION_CONTEXT(2) 
PARAMETRIC_REPRESENTATION_CONTEXT() REPRESENTATION_CONTEXT('2D SPACE',''
  ) );
#11045 = ADVANCED_FACE('',(#11046,#11094,#11208),#10564,.T.);
#11046 = FACE_BOUND('',#11047,.T.);
#11047 = EDGE_LOOP('',(#11048,#11071,#11072,#11073));
#11048 = ORIENTED_EDGE('',*,*,#11049,.F.);
#11049 = EDGE_CURVE('',#10993,#11050,#11052,.T.);
#11050 = VERTEX_POINT('',#11051);
#11051 = CARTESIAN_POINT('',(-15.25,13.95,10.1));
#11052 = SURFACE_CURVE('',#11053,(#11057,#11064),.PCURVE_S1.);
#11053 = LINE('',#11054,#11055);
#11054 = CARTESIAN_POINT('',(-15.25,13.95,10.1));
#11055 = VECTOR('',#11056,1.);
#11056 = DIRECTION('',(0.,1.,3.7E-16));
#11057 = PCURVE('',#10564,#11058);
#11058 = DEFINITIONAL_REPRESENTATION('',(#11059),#11063);
#11059 = LINE('',#11060,#11061);
#11060 = CARTESIAN_POINT('',(-13.25,24.7));
#11061 = VECTOR('',#11062,1.);
#11062 = DIRECTION('',(0.,1.));
#11063 = ( GEOMETRIC_REPRESENTATION_CONTEXT(2) 
PARAMETRIC_REPRESENTATION_CONTEXT() REPRESENTATION_CONTEXT('2D SPACE',''
  ) );
#11064 = PCURVE('',#11034,#11065);
#11065 = DEFINITIONAL_REPRESENTATION('',(#11066),#11070);
#11066 = LINE('',#11067,#11068);
#11067 = CARTESIAN_POINT('',(-1.570796326795,0.));
#11068 = VECTOR('',#11069,1.);
#11069 = DIRECTION('',(-0.,-1.));
#11070 = ( GEOMETRIC_REPRESENTATION_CONTEXT(2) 
PARAMETRIC_REPRESENTATION_CONTEXT() REPRESENTATION_CONTEXT('2D SPACE',''
  ) );
#11071 = ORIENTED_EDGE('',*,*,#10992,.T.);
#11072 = ORIENTED_EDGE('',*,*,#10550,.T.);
#11073 = ORIENTED_EDGE('',*,*,#11074,.F.);
#11074 = EDGE_CURVE('',#11050,#10523,#11075,.T.);
#11075 = SURFACE_CURVE('',#11076,(#11080,#11087),.PCURVE_S1.);
#11076 = LINE('',#11077,#11078);
#11077 = CARTESIAN_POINT('',(10.75,13.95,10.1));
#11078 = VECTOR('',#11079,1.);
#11079 = DIRECTION('',(1.,0.,0.));
#11080 = PCURVE('',#10564,#11081);
#11081 = DEFINITIONAL_REPRESENTATION('',(#11082),#11086);
#11082 = LINE('',#11083,#11084);
#11083 = CARTESIAN_POINT('',(12.75,24.7));
#11084 = VECTOR('',#11085,1.);
#11085 = DIRECTION('',(1.,0.));
#11086 = ( GEOMETRIC_REPRESENTATION_CONTEXT(2) 
PARAMETRIC_REPRESENTATION_CONTEXT() REPRESENTATION_CONTEXT('2D SPACE',''
  ) );
#11087 = PCURVE('',#10538,#11088);
#11088 = DEFINITIONAL_REPRESENTATION('',(#11089),#11093);
#11089 = LINE('',#11090,#11091);
#11090 = CARTESIAN_POINT('',(2.03332453138,13.545808004317));
#11091 = VECTOR('',#11092,1.);
#11092 = DIRECTION('',(0.,1.));
#11093 = ( GEOMETRIC_REPRESENTATION_CONTEXT(2) 
PARAMETRIC_REPRESENTATION_CONTEXT() REPRESENTATION_CONTEXT('2D SPACE',''
  ) );
#11094 = FACE_BOUND('',#11095,.T.);
#11095 = EDGE_LOOP('',(#11096,#11126,#11154,#11182));
#11096 = ORIENTED_EDGE('',*,*,#11097,.F.);
#11097 = EDGE_CURVE('',#11098,#11100,#11102,.T.);
#11098 = VERTEX_POINT('',#11099);
#11099 = CARTESIAN_POINT('',(-6.25,-16.75,10.1));
#11100 = VERTEX_POINT('',#11101);
#11101 = CARTESIAN_POINT('',(-6.25,-20.75,10.1));
#11102 = SURFACE_CURVE('',#11103,(#11107,#11114),.PCURVE_S1.);
#11103 = LINE('',#11104,#11105);
#11104 = CARTESIAN_POINT('',(-6.25,-1.75,10.1));
#11105 = VECTOR('',#11106,1.);
#11106 = DIRECTION('',(0.,-1.,0.));
#11107 = PCURVE('',#10564,#11108);
#11108 = DEFINITIONAL_REPRESENTATION('',(#11109),#11113);
#11109 = LINE('',#11110,#11111);
#11110 = CARTESIAN_POINT('',(-4.25,9.));
#11111 = VECTOR('',#11112,1.);
#11112 = DIRECTION('',(0.,-1.));
#11113 = ( GEOMETRIC_REPRESENTATION_CONTEXT(2) 
PARAMETRIC_REPRESENTATION_CONTEXT() REPRESENTATION_CONTEXT('2D SPACE',''
  ) );
#11114 = PCURVE('',#11115,#11120);
#11115 = PLANE('',#11116);
#11116 = AXIS2_PLACEMENT_3D('',#11117,#11118,#11119);
#11117 = CARTESIAN_POINT('',(-6.25,-1.75,10.1));
#11118 = DIRECTION('',(1.,0.,0.));
#11119 = DIRECTION('',(0.,-1.,0.));
#11120 = DEFINITIONAL_REPRESENTATION('',(#11121),#11125);
#11121 = LINE('',#11122,#11123);
#11122 = CARTESIAN_POINT('',(0.,0.));
#11123 = VECTOR('',#11124,1.);
#11124 = DIRECTION('',(1.,0.));
#11125 = ( GEOMETRIC_REPRESENTATION_CONTEXT(2) 
PARAMETRIC_REPRESENTATION_CONTEXT() REPRESENTATION_CONTEXT('2D SPACE',''
  ) );
#11126 = ORIENTED_EDGE('',*,*,#11127,.T.);
#11127 = EDGE_CURVE('',#11098,#11128,#11130,.T.);
#11128 = VERTEX_POINT('',#11129);
#11129 = CARTESIAN_POINT('',(1.75,-16.75,10.1));
#11130 = SURFACE_CURVE('',#11131,(#11135,#11142),.PCURVE_S1.);
#11131 = LINE('',#11132,#11133);
#11132 = CARTESIAN_POINT('',(-6.25,-16.75,10.1));
#11133 = VECTOR('',#11134,1.);
#11134 = DIRECTION('',(1.,0.,0.));
#11135 = PCURVE('',#10564,#11136);
#11136 = DEFINITIONAL_REPRESENTATION('',(#11137),#11141);
#11137 = LINE('',#11138,#11139);
#11138 = CARTESIAN_POINT('',(-4.25,-6.));
#11139 = VECTOR('',#11140,1.);
#11140 = DIRECTION('',(1.,0.));
#11141 = ( GEOMETRIC_REPRESENTATION_CONTEXT(2) 
PARAMETRIC_REPRESENTATION_CONTEXT() REPRESENTATION_CONTEXT('2D SPACE',''
  ) );
#11142 = PCURVE('',#11143,#11148);
#11143 = PLANE('',#11144);
#11144 = AXIS2_PLACEMENT_3D('',#11145,#11146,#11147);
#11145 = CARTESIAN_POINT('',(-6.25,-16.75,17.1));
#11146 = DIRECTION('',(0.,-1.,0.));
#11147 = DIRECTION('',(1.,0.,0.));
#11148 = DEFINITIONAL_REPRESENTATION('',(#11149),#11153);
#11149 = LINE('',#11150,#11151);
#11150 = CARTESIAN_POINT('',(0.,-7.));
#11151 = VECTOR('',#11152,1.);
#11152 = DIRECTION('',(1.,0.));
#11153 = ( GEOMETRIC_REPRESENTATION_CONTEXT(2) 
PARAMETRIC_REPRESENTATION_CONTEXT() REPRESENTATION_CONTEXT('2D SPACE',''
  ) );
#11154 = ORIENTED_EDGE('',*,*,#11155,.F.);
#11155 = EDGE_CURVE('',#11156,#11128,#11158,.T.);
#11156 = VERTEX_POINT('',#11157);
#11157 = CARTESIAN_POINT('',(1.75,-20.75,10.1));
#11158 = SURFACE_CURVE('',#11159,(#11163,#11170),.PCURVE_S1.);
#11159 = LINE('',#11160,#11161);
#11160 = CARTESIAN_POINT('',(1.75,-20.75,10.1));
#11161 = VECTOR('',#11162,1.);
#11162 = DIRECTION('',(0.,1.,0.));
#11163 = PCURVE('',#10564,#11164);
#11164 = DEFINITIONAL_REPRESENTATION('',(#11165),#11169);
#11165 = LINE('',#11166,#11167);
#11166 = CARTESIAN_POINT('',(3.75,-10.));
#11167 = VECTOR('',#11168,1.);
#11168 = DIRECTION('',(0.,1.));
#11169 = ( GEOMETRIC_REPRESENTATION_CONTEXT(2) 
PARAMETRIC_REPRESENTATION_CONTEXT() REPRESENTATION_CONTEXT('2D SPACE',''
  ) );
#11170 = PCURVE('',#11171,#11176);
#11171 = PLANE('',#11172);
#11172 = AXIS2_PLACEMENT_3D('',#11173,#11174,#11175);
#11173 = CARTESIAN_POINT('',(1.75,-20.75,10.1));
#11174 = DIRECTION('',(-1.,0.,0.));
#11175 = DIRECTION('',(0.,1.,0.));
#11176 = DEFINITIONAL_REPRESENTATION('',(#11177),#11181);
#11177 = LINE('',#11178,#11179);
#11178 = CARTESIAN_POINT('',(0.,0.));
#11179 = VECTOR('',#11180,1.);
#11180 = DIRECTION('',(1.,0.));
#11181 = ( GEOMETRIC_REPRESENTATION_CONTEXT(2) 
PARAMETRIC_REPRESENTATION_CONTEXT() REPRESENTATION_CONTEXT('2D SPACE',''
  ) );
#11182 = ORIENTED_EDGE('',*,*,#11183,.F.);
#11183 = EDGE_CURVE('',#11100,#11156,#11184,.T.);
#11184 = SURFACE_CURVE('',#11185,(#11189,#11196),.PCURVE_S1.);
#11185 = LINE('',#11186,#11187);
#11186 = CARTESIAN_POINT('',(-6.25,-20.75,10.1));
#11187 = VECTOR('',#11188,1.);
#11188 = DIRECTION('',(1.,0.,0.));
#11189 = PCURVE('',#10564,#11190);
#11190 = DEFINITIONAL_REPRESENTATION('',(#11191),#11195);
#11191 = LINE('',#11192,#11193);
#11192 = CARTESIAN_POINT('',(-4.25,-10.));
#11193 = VECTOR('',#11194,1.);
#11194 = DIRECTION('',(1.,0.));
#11195 = ( GEOMETRIC_REPRESENTATION_CONTEXT(2) 
PARAMETRIC_REPRESENTATION_CONTEXT() REPRESENTATION_CONTEXT('2D SPACE',''
  ) );
#11196 = PCURVE('',#11197,#11202);
#11197 = PLANE('',#11198);
#11198 = AXIS2_PLACEMENT_3D('',#11199,#11200,#11201);
#11199 = CARTESIAN_POINT('',(-6.25,-20.75,10.1));
#11200 = DIRECTION('',(0.,1.,0.));
#11201 = DIRECTION('',(1.,0.,0.));
#11202 = DEFINITIONAL_REPRESENTATION('',(#11203),#11207);
#11203 = LINE('',#11204,#11205);
#11204 = CARTESIAN_POINT('',(0.,0.));
#11205 = VECTOR('',#11206,1.);
#11206 = DIRECTION('',(1.,0.));
#11207 = ( GEOMETRIC_REPRESENTATION_CONTEXT(2) 
PARAMETRIC_REPRESENTATION_CONTEXT() REPRESENTATION_CONTEXT('2D SPACE',''
  ) );
#11208 = FACE_BOUND('',#11209,.T.);
#11209 = EDGE_LOOP('',(#11210,#11240,#11268,#11296));
#11210 = ORIENTED_EDGE('',*,*,#11211,.F.);
#11211 = EDGE_CURVE('',#11212,#11214,#11216,.T.);
#11212 = VERTEX_POINT('',#11213);
#11213 = CARTESIAN_POINT('',(-6.25,-1.75,10.1));
#11214 = VERTEX_POINT('',#11215);
#11215 = CARTESIAN_POINT('',(-6.25,-5.75,10.1));
#11216 = SURFACE_CURVE('',#11217,(#11221,#11228),.PCURVE_S1.);
#11217 = LINE('',#11218,#11219);
#11218 = CARTESIAN_POINT('',(-6.25,-1.75,10.1));
#11219 = VECTOR('',#11220,1.);
#11220 = DIRECTION('',(0.,-1.,0.));
#11221 = PCURVE('',#10564,#11222);
#11222 = DEFINITIONAL_REPRESENTATION('',(#11223),#11227);
#11223 = LINE('',#11224,#11225);
#11224 = CARTESIAN_POINT('',(-4.25,9.));
#11225 = VECTOR('',#11226,1.);
#11226 = DIRECTION('',(0.,-1.));
#11227 = ( GEOMETRIC_REPRESENTATION_CONTEXT(2) 
PARAMETRIC_REPRESENTATION_CONTEXT() REPRESENTATION_CONTEXT('2D SPACE',''
  ) );
#11228 = PCURVE('',#11229,#11234);
#11229 = PLANE('',#11230);
#11230 = AXIS2_PLACEMENT_3D('',#11231,#11232,#11233);
#11231 = CARTESIAN_POINT('',(-6.25,-1.75,10.1));
#11232 = DIRECTION('',(1.,0.,0.));
#11233 = DIRECTION('',(0.,-1.,0.));
#11234 = DEFINITIONAL_REPRESENTATION('',(#11235),#11239);
#11235 = LINE('',#11236,#11237);
#11236 = CARTESIAN_POINT('',(0.,0.));
#11237 = VECTOR('',#11238,1.);
#11238 = DIRECTION('',(1.,0.));
#11239 = ( GEOMETRIC_REPRESENTATION_CONTEXT(2) 
PARAMETRIC_REPRESENTATION_CONTEXT() REPRESENTATION_CONTEXT('2D SPACE',''
  ) );
#11240 = ORIENTED_EDGE('',*,*,#11241,.F.);
#11241 = EDGE_CURVE('',#11242,#11212,#11244,.T.);
#11242 = VERTEX_POINT('',#11243);
#11243 = CARTESIAN_POINT('',(1.75,-1.75,10.1));
#11244 = SURFACE_CURVE('',#11245,(#11249,#11256),.PCURVE_S1.);
#11245 = LINE('',#11246,#11247);
#11246 = CARTESIAN_POINT('',(1.75,-1.75,10.1));
#11247 = VECTOR('',#11248,1.);
#11248 = DIRECTION('',(-1.,0.,0.));
#11249 = PCURVE('',#10564,#11250);
#11250 = DEFINITIONAL_REPRESENTATION('',(#11251),#11255);
#11251 = LINE('',#11252,#11253);
#11252 = CARTESIAN_POINT('',(3.75,9.));
#11253 = VECTOR('',#11254,1.);
#11254 = DIRECTION('',(-1.,0.));
#11255 = ( GEOMETRIC_REPRESENTATION_CONTEXT(2) 
PARAMETRIC_REPRESENTATION_CONTEXT() REPRESENTATION_CONTEXT('2D SPACE',''
  ) );
#11256 = PCURVE('',#11257,#11262);
#11257 = PLANE('',#11258);
#11258 = AXIS2_PLACEMENT_3D('',#11259,#11260,#11261);
#11259 = CARTESIAN_POINT('',(1.75,-1.75,10.1));
#11260 = DIRECTION('',(0.,-1.,0.));
#11261 = DIRECTION('',(-1.,0.,0.));
#11262 = DEFINITIONAL_REPRESENTATION('',(#11263),#11267);
#11263 = LINE('',#11264,#11265);
#11264 = CARTESIAN_POINT('',(0.,-0.));
#11265 = VECTOR('',#11266,1.);
#11266 = DIRECTION('',(1.,0.));
#11267 = ( GEOMETRIC_REPRESENTATION_CONTEXT(2) 
PARAMETRIC_REPRESENTATION_CONTEXT() REPRESENTATION_CONTEXT('2D SPACE',''
  ) );
#11268 = ORIENTED_EDGE('',*,*,#11269,.F.);
#11269 = EDGE_CURVE('',#11270,#11242,#11272,.T.);
#11270 = VERTEX_POINT('',#11271);
#11271 = CARTESIAN_POINT('',(1.75,-5.75,10.1));
#11272 = SURFACE_CURVE('',#11273,(#11277,#11284),.PCURVE_S1.);
#11273 = LINE('',#11274,#11275);
#11274 = CARTESIAN_POINT('',(1.75,-20.75,10.1));
#11275 = VECTOR('',#11276,1.);
#11276 = DIRECTION('',(0.,1.,0.));
#11277 = PCURVE('',#10564,#11278);
#11278 = DEFINITIONAL_REPRESENTATION('',(#11279),#11283);
#11279 = LINE('',#11280,#11281);
#11280 = CARTESIAN_POINT('',(3.75,-10.));
#11281 = VECTOR('',#11282,1.);
#11282 = DIRECTION('',(0.,1.));
#11283 = ( GEOMETRIC_REPRESENTATION_CONTEXT(2) 
PARAMETRIC_REPRESENTATION_CONTEXT() REPRESENTATION_CONTEXT('2D SPACE',''
  ) );
#11284 = PCURVE('',#11285,#11290);
#11285 = PLANE('',#11286);
#11286 = AXIS2_PLACEMENT_3D('',#11287,#11288,#11289);
#11287 = CARTESIAN_POINT('',(1.75,-20.75,10.1));
#11288 = DIRECTION('',(-1.,0.,0.));
#11289 = DIRECTION('',(0.,1.,0.));
#11290 = DEFINITIONAL_REPRESENTATION('',(#11291),#11295);
#11291 = LINE('',#11292,#11293);
#11292 = CARTESIAN_POINT('',(0.,0.));
#11293 = VECTOR('',#11294,1.);
#11294 = DIRECTION('',(1.,0.));
#11295 = ( GEOMETRIC_REPRESENTATION_CONTEXT(2) 
PARAMETRIC_REPRESENTATION_CONTEXT() REPRESENTATION_CONTEXT('2D SPACE',''
  ) );
#11296 = ORIENTED_EDGE('',*,*,#11297,.T.);
#11297 = EDGE_CURVE('',#11270,#11214,#11298,.T.);
#11298 = SURFACE_CURVE('',#11299,(#11303,#11310),.PCURVE_S1.);
#11299 = LINE('',#11300,#11301);
#11300 = CARTESIAN_POINT('',(1.75,-5.75,10.1));
#11301 = VECTOR('',#11302,1.);
#11302 = DIRECTION('',(-1.,0.,0.));
#11303 = PCURVE('',#10564,#11304);
#11304 = DEFINITIONAL_REPRESENTATION('',(#11305),#11309);
#11305 = LINE('',#11306,#11307);
#11306 = CARTESIAN_POINT('',(3.75,5.));
#11307 = VECTOR('',#11308,1.);
#11308 = DIRECTION('',(-1.,0.));
#11309 = ( GEOMETRIC_REPRESENTATION_CONTEXT(2) 
PARAMETRIC_REPRESENTATION_CONTEXT() REPRESENTATION_CONTEXT('2D SPACE',''
  ) );
#11310 = PCURVE('',#11311,#11316);
#11311 = PLANE('',#11312);
#11312 = AXIS2_PLACEMENT_3D('',#11313,#11314,#11315);
#11313 = CARTESIAN_POINT('',(1.75,-5.75,17.1));
#11314 = DIRECTION('',(0.,1.,0.));
#11315 = DIRECTION('',(-1.,0.,0.));
#11316 = DEFINITIONAL_REPRESENTATION('',(#11317),#11321);
#11317 = LINE('',#11318,#11319);
#11318 = CARTESIAN_POINT('',(0.,-7.));
#11319 = VECTOR('',#11320,1.);
#11320 = DIRECTION('',(1.,0.));
#11321 = ( GEOMETRIC_REPRESENTATION_CONTEXT(2) 
PARAMETRIC_REPRESENTATION_CONTEXT() REPRESENTATION_CONTEXT('2D SPACE',''
  ) );
#11322 = ADVANCED_FACE('',(#11323),#10538,.T.);
#11323 = FACE_BOUND('',#11324,.T.);
#11324 = EDGE_LOOP('',(#11325,#11350,#11372,#11373,#11374));
#11325 = ORIENTED_EDGE('',*,*,#11326,.T.);
#11326 = EDGE_CURVE('',#11327,#11329,#11331,.T.);
#11327 = VERTEX_POINT('',#11328);
#11328 = CARTESIAN_POINT('',(-17.25,13.95,6.1));
#11329 = VERTEX_POINT('',#11330);
#11330 = CARTESIAN_POINT('',(-17.25,13.95,8.1));
#11331 = SURFACE_CURVE('',#11332,(#11336,#11343),.PCURVE_S1.);
#11332 = LINE('',#11333,#11334);
#11333 = CARTESIAN_POINT('',(-17.25,13.95,6.1));
#11334 = VECTOR('',#11335,1.);
#11335 = DIRECTION('',(0.,0.,1.));
#11336 = PCURVE('',#10538,#11337);
#11337 = DEFINITIONAL_REPRESENTATION('',(#11338),#11342);
#11338 = LINE('',#11339,#11340);
#11339 = CARTESIAN_POINT('',(-1.96667546862,-14.45419199568));
#11340 = VECTOR('',#11341,1.);
#11341 = DIRECTION('',(1.,0.));
#11342 = ( GEOMETRIC_REPRESENTATION_CONTEXT(2) 
PARAMETRIC_REPRESENTATION_CONTEXT() REPRESENTATION_CONTEXT('2D SPACE',''
  ) );
#11343 = PCURVE('',#10278,#11344);
#11344 = DEFINITIONAL_REPRESENTATION('',(#11345),#11349);
#11345 = LINE('',#11346,#11347);
#11346 = CARTESIAN_POINT('',(-6.1,-24.53416458852));
#11347 = VECTOR('',#11348,1.);
#11348 = DIRECTION('',(-1.,0.));
#11349 = ( GEOMETRIC_REPRESENTATION_CONTEXT(2) 
PARAMETRIC_REPRESENTATION_CONTEXT() REPRESENTATION_CONTEXT('2D SPACE',''
  ) );
#11350 = ORIENTED_EDGE('',*,*,#11351,.T.);
#11351 = EDGE_CURVE('',#11329,#11050,#11352,.T.);
#11352 = SURFACE_CURVE('',#11353,(#11358,#11365),.PCURVE_S1.);
#11353 = CIRCLE('',#11354,2.);
#11354 = AXIS2_PLACEMENT_3D('',#11355,#11356,#11357);
#11355 = CARTESIAN_POINT('',(-15.25,13.95,8.1));
#11356 = DIRECTION('',(-0.,1.,0.));
#11357 = DIRECTION('',(0.,0.,-1.));
#11358 = PCURVE('',#10538,#11359);
#11359 = DEFINITIONAL_REPRESENTATION('',(#11360),#11364);
#11360 = CIRCLE('',#11361,2.);
#11361 = AXIS2_PLACEMENT_2D('',#11362,#11363);
#11362 = CARTESIAN_POINT('',(3.33245313797E-02,-12.45419199568));
#11363 = DIRECTION('',(-1.,0.));
#11364 = ( GEOMETRIC_REPRESENTATION_CONTEXT(2) 
PARAMETRIC_REPRESENTATION_CONTEXT() REPRESENTATION_CONTEXT('2D SPACE',''
  ) );
#11365 = PCURVE('',#11034,#11366);
#11366 = DEFINITIONAL_REPRESENTATION('',(#11367),#11371);
#11367 = LINE('',#11368,#11369);
#11368 = CARTESIAN_POINT('',(1.570796326795,-1.78E-15));
#11369 = VECTOR('',#11370,1.);
#11370 = DIRECTION('',(-1.,0.));
#11371 = ( GEOMETRIC_REPRESENTATION_CONTEXT(2) 
PARAMETRIC_REPRESENTATION_CONTEXT() REPRESENTATION_CONTEXT('2D SPACE',''
  ) );
#11372 = ORIENTED_EDGE('',*,*,#11074,.T.);
#11373 = ORIENTED_EDGE('',*,*,#10522,.F.);
#11374 = ORIENTED_EDGE('',*,*,#11375,.F.);
#11375 = EDGE_CURVE('',#11327,#10500,#11376,.T.);
#11376 = SURFACE_CURVE('',#11377,(#11381,#11388),.PCURVE_S1.);
#11377 = LINE('',#11378,#11379);
#11378 = CARTESIAN_POINT('',(10.75,13.95,6.1));
#11379 = VECTOR('',#11380,1.);
#11380 = DIRECTION('',(1.,0.,0.));
#11381 = PCURVE('',#10538,#11382);
#11382 = DEFINITIONAL_REPRESENTATION('',(#11383),#11387);
#11383 = LINE('',#11384,#11385);
#11384 = CARTESIAN_POINT('',(-1.96667546862,13.545808004317));
#11385 = VECTOR('',#11386,1.);
#11386 = DIRECTION('',(0.,1.));
#11387 = ( GEOMETRIC_REPRESENTATION_CONTEXT(2) 
PARAMETRIC_REPRESENTATION_CONTEXT() REPRESENTATION_CONTEXT('2D SPACE',''
  ) );
#11388 = PCURVE('',#10224,#11389);
#11389 = DEFINITIONAL_REPRESENTATION('',(#11390),#11394);
#11390 = LINE('',#11391,#11392);
#11391 = CARTESIAN_POINT('',(-14.86121495327,25.2));
#11392 = VECTOR('',#11393,1.);
#11393 = DIRECTION('',(-1.,0.));
#11394 = ( GEOMETRIC_REPRESENTATION_CONTEXT(2) 
PARAMETRIC_REPRESENTATION_CONTEXT() REPRESENTATION_CONTEXT('2D SPACE',''
  ) );
#11395 = ADVANCED_FACE('',(#11396),#10596,.T.);
#11396 = FACE_BOUND('',#11397,.F.);
#11397 = EDGE_LOOP('',(#11398,#11430,#11458,#11488));
#11398 = ORIENTED_EDGE('',*,*,#11399,.T.);
#11399 = EDGE_CURVE('',#10579,#11400,#11402,.T.);
#11400 = VERTEX_POINT('',#11401);
#11401 = CARTESIAN_POINT('',(11.05,7.15,8.9));
#11402 = SURFACE_CURVE('',#11403,(#11408,#11419),.PCURVE_S1.);
#11403 = ELLIPSE('',#11404,0.282842712475,0.2);
#11404 = AXIS2_PLACEMENT_3D('',#11405,#11406,#11407);
#11405 = CARTESIAN_POINT('',(11.05,7.35,9.1));
#11406 = DIRECTION('',(0.,0.707106781187,-0.707106781187));
#11407 = DIRECTION('',(0.,-0.707106781187,-0.707106781187));
#11408 = PCURVE('',#10596,#11409);
#11409 = DEFINITIONAL_REPRESENTATION('',(#11410),#11418);
#11410 = B_SPLINE_CURVE_WITH_KNOTS('',6,(#11411,#11412,#11413,#11414,
    #11415,#11416,#11417),.UNSPECIFIED.,.F.,.F.,(7,7),(4.712388980385,
    6.28318530718),.PIECEWISE_BEZIER_KNOTS.);
#11411 = CARTESIAN_POINT('',(4.4E-16,-0.2));
#11412 = CARTESIAN_POINT('',(-0.261799387799,-0.14764012244));
#11413 = CARTESIAN_POINT('',(-0.523597760808,-9.528418306219E-02));
#11414 = CARTESIAN_POINT('',(-0.785397946622,-4.936253123298E-02));
#11415 = CARTESIAN_POINT('',(-1.047198797763,-1.644547644032E-02));
#11416 = CARTESIAN_POINT('',(-1.308996938996,2.2E-16));
#11417 = CARTESIAN_POINT('',(-1.570796326795,-1.E-17));
#11418 = ( GEOMETRIC_REPRESENTATION_CONTEXT(2) 
PARAMETRIC_REPRESENTATION_CONTEXT() REPRESENTATION_CONTEXT('2D SPACE',''
  ) );
#11419 = PCURVE('',#10624,#11420);
#11420 = DEFINITIONAL_REPRESENTATION('',(#11421),#11429);
#11421 = B_SPLINE_CURVE_WITH_KNOTS('',6,(#11422,#11423,#11424,#11425,
    #11426,#11427,#11428),.UNSPECIFIED.,.F.,.F.,(7,7),(4.712388980385,
    6.28318530718),.PIECEWISE_BEZIER_KNOTS.);
#11422 = CARTESIAN_POINT('',(3.3E-16,1.8));
#11423 = CARTESIAN_POINT('',(-0.261799387799,1.74764012244));
#11424 = CARTESIAN_POINT('',(-0.523597760808,1.695284183062));
#11425 = CARTESIAN_POINT('',(-0.785397946622,1.649362531233));
#11426 = CARTESIAN_POINT('',(-1.047198797763,1.61644547644));
#11427 = CARTESIAN_POINT('',(-1.308996938996,1.6));
#11428 = CARTESIAN_POINT('',(-1.570796326795,1.6));
#11429 = ( GEOMETRIC_REPRESENTATION_CONTEXT(2) 
PARAMETRIC_REPRESENTATION_CONTEXT() REPRESENTATION_CONTEXT('2D SPACE',''
  ) );
#11430 = ORIENTED_EDGE('',*,*,#11431,.T.);
#11431 = EDGE_CURVE('',#11400,#11432,#11434,.T.);
#11432 = VERTEX_POINT('',#11433);
#11433 = CARTESIAN_POINT('',(11.05,-0.25,8.9));
#11434 = SURFACE_CURVE('',#11435,(#11439,#11446),.PCURVE_S1.);
#11435 = LINE('',#11436,#11437);
#11436 = CARTESIAN_POINT('',(11.05,7.15,8.9));
#11437 = VECTOR('',#11438,1.);
#11438 = DIRECTION('',(0.,-1.,0.));
#11439 = PCURVE('',#10596,#11440);
#11440 = DEFINITIONAL_REPRESENTATION('',(#11441),#11445);
#11441 = LINE('',#11442,#11443);
#11442 = CARTESIAN_POINT('',(-1.570796326795,0.));
#11443 = VECTOR('',#11444,1.);
#11444 = DIRECTION('',(-0.,1.));
#11445 = ( GEOMETRIC_REPRESENTATION_CONTEXT(2) 
PARAMETRIC_REPRESENTATION_CONTEXT() REPRESENTATION_CONTEXT('2D SPACE',''
  ) );
#11446 = PCURVE('',#11447,#11452);
#11447 = PLANE('',#11448);
#11448 = AXIS2_PLACEMENT_3D('',#11449,#11450,#11451);
#11449 = CARTESIAN_POINT('',(11.25,7.15,8.9));
#11450 = DIRECTION('',(0.,0.,1.));
#11451 = DIRECTION('',(0.,-1.,0.));
#11452 = DEFINITIONAL_REPRESENTATION('',(#11453),#11457);
#11453 = LINE('',#11454,#11455);
#11454 = CARTESIAN_POINT('',(0.,-0.2));
#11455 = VECTOR('',#11456,1.);
#11456 = DIRECTION('',(1.,0.));
#11457 = ( GEOMETRIC_REPRESENTATION_CONTEXT(2) 
PARAMETRIC_REPRESENTATION_CONTEXT() REPRESENTATION_CONTEXT('2D SPACE',''
  ) );
#11458 = ORIENTED_EDGE('',*,*,#11459,.F.);
#11459 = EDGE_CURVE('',#10581,#11432,#11460,.T.);
#11460 = SURFACE_CURVE('',#11461,(#11466,#11477),.PCURVE_S1.);
#11461 = ELLIPSE('',#11462,0.282842712475,0.2);
#11462 = AXIS2_PLACEMENT_3D('',#11463,#11464,#11465);
#11463 = CARTESIAN_POINT('',(11.05,-0.45,9.1));
#11464 = DIRECTION('',(-0.,0.707106781187,0.707106781187));
#11465 = DIRECTION('',(0.,-0.707106781187,0.707106781187));
#11466 = PCURVE('',#10596,#11467);
#11467 = DEFINITIONAL_REPRESENTATION('',(#11468),#11476);
#11468 = B_SPLINE_CURVE_WITH_KNOTS('',6,(#11469,#11470,#11471,#11472,
    #11473,#11474,#11475),.UNSPECIFIED.,.F.,.F.,(7,7),(1.570796326795,
    3.14159265359),.PIECEWISE_BEZIER_KNOTS.);
#11469 = CARTESIAN_POINT('',(0.,7.6));
#11470 = CARTESIAN_POINT('',(-0.261799387799,7.54764012244));
#11471 = CARTESIAN_POINT('',(-0.523597760808,7.495284183062));
#11472 = CARTESIAN_POINT('',(-0.785397946623,7.449362531233));
#11473 = CARTESIAN_POINT('',(-1.047198797763,7.41644547644));
#11474 = CARTESIAN_POINT('',(-1.308996938996,7.4));
#11475 = CARTESIAN_POINT('',(-1.570796326795,7.4));
#11476 = ( GEOMETRIC_REPRESENTATION_CONTEXT(2) 
PARAMETRIC_REPRESENTATION_CONTEXT() REPRESENTATION_CONTEXT('2D SPACE',''
  ) );
#11477 = PCURVE('',#10678,#11478);
#11478 = DEFINITIONAL_REPRESENTATION('',(#11479),#11487);
#11479 = B_SPLINE_CURVE_WITH_KNOTS('',6,(#11480,#11481,#11482,#11483,
    #11484,#11485,#11486),.UNSPECIFIED.,.F.,.F.,(7,7),(1.570796326795,
    3.14159265359),.PIECEWISE_BEZIER_KNOTS.);
#11480 = CARTESIAN_POINT('',(1.1E-16,-0.2));
#11481 = CARTESIAN_POINT('',(-0.261799387799,-0.14764012244));
#11482 = CARTESIAN_POINT('',(-0.523597760808,-9.528418306218E-02));
#11483 = CARTESIAN_POINT('',(-0.785397946622,-4.936253123299E-02));
#11484 = CARTESIAN_POINT('',(-1.047198797763,-1.644547644031E-02));
#11485 = CARTESIAN_POINT('',(-1.308996938996,-4.E-17));
#11486 = CARTESIAN_POINT('',(-1.570796326795,1.E-17));
#11487 = ( GEOMETRIC_REPRESENTATION_CONTEXT(2) 
PARAMETRIC_REPRESENTATION_CONTEXT() REPRESENTATION_CONTEXT('2D SPACE',''
  ) );
#11488 = ORIENTED_EDGE('',*,*,#10578,.F.);
#11489 = ADVANCED_FACE('',(#11490),#10624,.T.);
#11490 = FACE_BOUND('',#11491,.F.);
#11491 = EDGE_LOOP('',(#11492,#11524,#11550,#11551));
#11492 = ORIENTED_EDGE('',*,*,#11493,.T.);
#11493 = EDGE_CURVE('',#10609,#11494,#11496,.T.);
#11494 = VERTEX_POINT('',#11495);
#11495 = CARTESIAN_POINT('',(11.05,7.15,7.3));
#11496 = SURFACE_CURVE('',#11497,(#11502,#11513),.PCURVE_S1.);
#11497 = ELLIPSE('',#11498,0.282842712475,0.2);
#11498 = AXIS2_PLACEMENT_3D('',#11499,#11500,#11501);
#11499 = CARTESIAN_POINT('',(11.05,7.35,7.1));
#11500 = DIRECTION('',(0.,-0.707106781187,-0.707106781187));
#11501 = DIRECTION('',(0.,0.707106781187,-0.707106781187));
#11502 = PCURVE('',#10624,#11503);
#11503 = DEFINITIONAL_REPRESENTATION('',(#11504),#11512);
#11504 = B_SPLINE_CURVE_WITH_KNOTS('',6,(#11505,#11506,#11507,#11508,
    #11509,#11510,#11511),.UNSPECIFIED.,.F.,.F.,(7,7),(1.570796326795,
    3.14159265359),.PIECEWISE_BEZIER_KNOTS.);
#11505 = CARTESIAN_POINT('',(-2.2E-16,-0.2));
#11506 = CARTESIAN_POINT('',(-0.261799387799,-0.14764012244));
#11507 = CARTESIAN_POINT('',(-0.523597760808,-9.528418306218E-02));
#11508 = CARTESIAN_POINT('',(-0.785397946622,-4.936253123299E-02));
#11509 = CARTESIAN_POINT('',(-1.047198797763,-1.644547644032E-02));
#11510 = CARTESIAN_POINT('',(-1.308996938996,1.1E-16));
#11511 = CARTESIAN_POINT('',(-1.570796326795,0.));
#11512 = ( GEOMETRIC_REPRESENTATION_CONTEXT(2) 
PARAMETRIC_REPRESENTATION_CONTEXT() REPRESENTATION_CONTEXT('2D SPACE',''
  ) );
#11513 = PCURVE('',#10652,#11514);
#11514 = DEFINITIONAL_REPRESENTATION('',(#11515),#11523);
#11515 = B_SPLINE_CURVE_WITH_KNOTS('',6,(#11516,#11517,#11518,#11519,
    #11520,#11521,#11522),.UNSPECIFIED.,.F.,.F.,(7,7),(1.570796326795,
    3.14159265359),.PIECEWISE_BEZIER_KNOTS.);
#11516 = CARTESIAN_POINT('',(0.,7.6));
#11517 = CARTESIAN_POINT('',(-0.261799387799,7.54764012244));
#11518 = CARTESIAN_POINT('',(-0.523597760808,7.495284183062));
#11519 = CARTESIAN_POINT('',(-0.785397946623,7.449362531233));
#11520 = CARTESIAN_POINT('',(-1.047198797763,7.41644547644));
#11521 = CARTESIAN_POINT('',(-1.308996938996,7.4));
#11522 = CARTESIAN_POINT('',(-1.570796326795,7.4));
#11523 = ( GEOMETRIC_REPRESENTATION_CONTEXT(2) 
PARAMETRIC_REPRESENTATION_CONTEXT() REPRESENTATION_CONTEXT('2D SPACE',''
  ) );
#11524 = ORIENTED_EDGE('',*,*,#11525,.T.);
#11525 = EDGE_CURVE('',#11494,#11400,#11526,.T.);
#11526 = SURFACE_CURVE('',#11527,(#11531,#11538),.PCURVE_S1.);
#11527 = LINE('',#11528,#11529);
#11528 = CARTESIAN_POINT('',(11.05,7.15,7.3));
#11529 = VECTOR('',#11530,1.);
#11530 = DIRECTION('',(0.,0.,1.));
#11531 = PCURVE('',#10624,#11532);
#11532 = DEFINITIONAL_REPRESENTATION('',(#11533),#11537);
#11533 = LINE('',#11534,#11535);
#11534 = CARTESIAN_POINT('',(-1.570796326795,0.));
#11535 = VECTOR('',#11536,1.);
#11536 = DIRECTION('',(-0.,1.));
#11537 = ( GEOMETRIC_REPRESENTATION_CONTEXT(2) 
PARAMETRIC_REPRESENTATION_CONTEXT() REPRESENTATION_CONTEXT('2D SPACE',''
  ) );
#11538 = PCURVE('',#11539,#11544);
#11539 = PLANE('',#11540);
#11540 = AXIS2_PLACEMENT_3D('',#11541,#11542,#11543);
#11541 = CARTESIAN_POINT('',(11.25,7.15,7.3));
#11542 = DIRECTION('',(0.,1.,0.));
#11543 = DIRECTION('',(0.,0.,1.));
#11544 = DEFINITIONAL_REPRESENTATION('',(#11545),#11549);
#11545 = LINE('',#11546,#11547);
#11546 = CARTESIAN_POINT('',(0.,-0.2));
#11547 = VECTOR('',#11548,1.);
#11548 = DIRECTION('',(1.,0.));
#11549 = ( GEOMETRIC_REPRESENTATION_CONTEXT(2) 
PARAMETRIC_REPRESENTATION_CONTEXT() REPRESENTATION_CONTEXT('2D SPACE',''
  ) );
#11550 = ORIENTED_EDGE('',*,*,#11399,.F.);
#11551 = ORIENTED_EDGE('',*,*,#10608,.F.);
#11552 = ADVANCED_FACE('',(#11553),#10678,.T.);
#11553 = FACE_BOUND('',#11554,.F.);
#11554 = EDGE_LOOP('',(#11555,#11556,#11584,#11614));
#11555 = ORIENTED_EDGE('',*,*,#11459,.T.);
#11556 = ORIENTED_EDGE('',*,*,#11557,.T.);
#11557 = EDGE_CURVE('',#11432,#11558,#11560,.T.);
#11558 = VERTEX_POINT('',#11559);
#11559 = CARTESIAN_POINT('',(11.05,-0.25,7.3));
#11560 = SURFACE_CURVE('',#11561,(#11565,#11572),.PCURVE_S1.);
#11561 = LINE('',#11562,#11563);
#11562 = CARTESIAN_POINT('',(11.05,-0.25,8.9));
#11563 = VECTOR('',#11564,1.);
#11564 = DIRECTION('',(0.,0.,-1.));
#11565 = PCURVE('',#10678,#11566);
#11566 = DEFINITIONAL_REPRESENTATION('',(#11567),#11571);
#11567 = LINE('',#11568,#11569);
#11568 = CARTESIAN_POINT('',(-1.570796326795,0.));
#11569 = VECTOR('',#11570,1.);
#11570 = DIRECTION('',(-0.,1.));
#11571 = ( GEOMETRIC_REPRESENTATION_CONTEXT(2) 
PARAMETRIC_REPRESENTATION_CONTEXT() REPRESENTATION_CONTEXT('2D SPACE',''
  ) );
#11572 = PCURVE('',#11573,#11578);
#11573 = PLANE('',#11574);
#11574 = AXIS2_PLACEMENT_3D('',#11575,#11576,#11577);
#11575 = CARTESIAN_POINT('',(11.25,-0.25,8.9));
#11576 = DIRECTION('',(0.,-1.,0.));
#11577 = DIRECTION('',(0.,0.,-1.));
#11578 = DEFINITIONAL_REPRESENTATION('',(#11579),#11583);
#11579 = LINE('',#11580,#11581);
#11580 = CARTESIAN_POINT('',(0.,-0.2));
#11581 = VECTOR('',#11582,1.);
#11582 = DIRECTION('',(1.,0.));
#11583 = ( GEOMETRIC_REPRESENTATION_CONTEXT(2) 
PARAMETRIC_REPRESENTATION_CONTEXT() REPRESENTATION_CONTEXT('2D SPACE',''
  ) );
#11584 = ORIENTED_EDGE('',*,*,#11585,.F.);
#11585 = EDGE_CURVE('',#10637,#11558,#11586,.T.);
#11586 = SURFACE_CURVE('',#11587,(#11592,#11603),.PCURVE_S1.);
#11587 = ELLIPSE('',#11588,0.282842712475,0.2);
#11588 = AXIS2_PLACEMENT_3D('',#11589,#11590,#11591);
#11589 = CARTESIAN_POINT('',(11.05,-0.45,7.1));
#11590 = DIRECTION('',(0.,-0.707106781187,0.707106781187));
#11591 = DIRECTION('',(0.,-0.707106781187,-0.707106781187));
#11592 = PCURVE('',#10678,#11593);
#11593 = DEFINITIONAL_REPRESENTATION('',(#11594),#11602);
#11594 = B_SPLINE_CURVE_WITH_KNOTS('',6,(#11595,#11596,#11597,#11598,
    #11599,#11600,#11601),.UNSPECIFIED.,.F.,.F.,(7,7),(1.570796326795,
    3.14159265359),.PIECEWISE_BEZIER_KNOTS.);
#11595 = CARTESIAN_POINT('',(0.,1.8));
#11596 = CARTESIAN_POINT('',(-0.261799387799,1.74764012244));
#11597 = CARTESIAN_POINT('',(-0.523597760808,1.695284183062));
#11598 = CARTESIAN_POINT('',(-0.785397946622,1.649362531233));
#11599 = CARTESIAN_POINT('',(-1.047198797763,1.61644547644));
#11600 = CARTESIAN_POINT('',(-1.308996938996,1.6));
#11601 = CARTESIAN_POINT('',(-1.570796326795,1.6));
#11602 = ( GEOMETRIC_REPRESENTATION_CONTEXT(2) 
PARAMETRIC_REPRESENTATION_CONTEXT() REPRESENTATION_CONTEXT('2D SPACE',''
  ) );
#11603 = PCURVE('',#10652,#11604);
#11604 = DEFINITIONAL_REPRESENTATION('',(#11605),#11613);
#11605 = B_SPLINE_CURVE_WITH_KNOTS('',6,(#11606,#11607,#11608,#11609,
    #11610,#11611,#11612),.UNSPECIFIED.,.F.,.F.,(7,7),(1.570796326795,
    3.14159265359),.PIECEWISE_BEZIER_KNOTS.);
#11606 = CARTESIAN_POINT('',(1.1E-16,-0.2));
#11607 = CARTESIAN_POINT('',(-0.261799387799,-0.14764012244));
#11608 = CARTESIAN_POINT('',(-0.523597760808,-9.528418306218E-02));
#11609 = CARTESIAN_POINT('',(-0.785397946622,-4.936253123299E-02));
#11610 = CARTESIAN_POINT('',(-1.047198797763,-1.644547644031E-02));
#11611 = CARTESIAN_POINT('',(-1.308996938996,-1.E-16));
#11612 = CARTESIAN_POINT('',(-1.570796326795,-1.2E-16));
#11613 = ( GEOMETRIC_REPRESENTATION_CONTEXT(2) 
PARAMETRIC_REPRESENTATION_CONTEXT() REPRESENTATION_CONTEXT('2D SPACE',''
  ) );
#11614 = ORIENTED_EDGE('',*,*,#10664,.F.);
#11615 = ADVANCED_FACE('',(#11616),#10652,.T.);
#11616 = FACE_BOUND('',#11617,.F.);
#11617 = EDGE_LOOP('',(#11618,#11619,#11645,#11646));
#11618 = ORIENTED_EDGE('',*,*,#11585,.T.);
#11619 = ORIENTED_EDGE('',*,*,#11620,.T.);
#11620 = EDGE_CURVE('',#11558,#11494,#11621,.T.);
#11621 = SURFACE_CURVE('',#11622,(#11626,#11633),.PCURVE_S1.);
#11622 = LINE('',#11623,#11624);
#11623 = CARTESIAN_POINT('',(11.05,-0.25,7.3));
#11624 = VECTOR('',#11625,1.);
#11625 = DIRECTION('',(0.,1.,0.));
#11626 = PCURVE('',#10652,#11627);
#11627 = DEFINITIONAL_REPRESENTATION('',(#11628),#11632);
#11628 = LINE('',#11629,#11630);
#11629 = CARTESIAN_POINT('',(-1.570796326795,0.));
#11630 = VECTOR('',#11631,1.);
#11631 = DIRECTION('',(-0.,1.));
#11632 = ( GEOMETRIC_REPRESENTATION_CONTEXT(2) 
PARAMETRIC_REPRESENTATION_CONTEXT() REPRESENTATION_CONTEXT('2D SPACE',''
  ) );
#11633 = PCURVE('',#11634,#11639);
#11634 = PLANE('',#11635);
#11635 = AXIS2_PLACEMENT_3D('',#11636,#11637,#11638);
#11636 = CARTESIAN_POINT('',(11.25,-0.25,7.3));
#11637 = DIRECTION('',(0.,0.,-1.));
#11638 = DIRECTION('',(0.,1.,0.));
#11639 = DEFINITIONAL_REPRESENTATION('',(#11640),#11644);
#11640 = LINE('',#11641,#11642);
#11641 = CARTESIAN_POINT('',(1.110223024625E-16,-0.2));
#11642 = VECTOR('',#11643,1.);
#11643 = DIRECTION('',(1.,0.));
#11644 = ( GEOMETRIC_REPRESENTATION_CONTEXT(2) 
PARAMETRIC_REPRESENTATION_CONTEXT() REPRESENTATION_CONTEXT('2D SPACE',''
  ) );
#11645 = ORIENTED_EDGE('',*,*,#11493,.F.);
#11646 = ORIENTED_EDGE('',*,*,#10636,.F.);
#11647 = ADVANCED_FACE('',(#11648),#10741,.F.);
#11648 = FACE_BOUND('',#11649,.F.);
#11649 = EDGE_LOOP('',(#11650,#11673,#11701,#11722));
#11650 = ORIENTED_EDGE('',*,*,#11651,.T.);
#11651 = EDGE_CURVE('',#10694,#11652,#11654,.T.);
#11652 = VERTEX_POINT('',#11653);
#11653 = CARTESIAN_POINT('',(5.25,-29.65,8.9));
#11654 = SURFACE_CURVE('',#11655,(#11659,#11666),.PCURVE_S1.);
#11655 = LINE('',#11656,#11657);
#11656 = CARTESIAN_POINT('',(11.25,-29.65,8.9));
#11657 = VECTOR('',#11658,1.);
#11658 = DIRECTION('',(-1.,-0.,-0.));
#11659 = PCURVE('',#10741,#11660);
#11660 = DEFINITIONAL_REPRESENTATION('',(#11661),#11665);
#11661 = LINE('',#11662,#11663);
#11662 = CARTESIAN_POINT('',(0.,0.));
#11663 = VECTOR('',#11664,1.);
#11664 = DIRECTION('',(0.,-1.));
#11665 = ( GEOMETRIC_REPRESENTATION_CONTEXT(2) 
PARAMETRIC_REPRESENTATION_CONTEXT() REPRESENTATION_CONTEXT('2D SPACE',''
  ) );
#11666 = PCURVE('',#10833,#11667);
#11667 = DEFINITIONAL_REPRESENTATION('',(#11668),#11672);
#11668 = LINE('',#11669,#11670);
#11669 = CARTESIAN_POINT('',(7.4,0.));
#11670 = VECTOR('',#11671,1.);
#11671 = DIRECTION('',(0.,-1.));
#11672 = ( GEOMETRIC_REPRESENTATION_CONTEXT(2) 
PARAMETRIC_REPRESENTATION_CONTEXT() REPRESENTATION_CONTEXT('2D SPACE',''
  ) );
#11673 = ORIENTED_EDGE('',*,*,#11674,.T.);
#11674 = EDGE_CURVE('',#11652,#11675,#11677,.T.);
#11675 = VERTEX_POINT('',#11676);
#11676 = CARTESIAN_POINT('',(5.25,-29.65,7.3));
#11677 = SURFACE_CURVE('',#11678,(#11682,#11689),.PCURVE_S1.);
#11678 = LINE('',#11679,#11680);
#11679 = CARTESIAN_POINT('',(5.25,-29.65,8.9));
#11680 = VECTOR('',#11681,1.);
#11681 = DIRECTION('',(0.,0.,-1.));
#11682 = PCURVE('',#10741,#11683);
#11683 = DEFINITIONAL_REPRESENTATION('',(#11684),#11688);
#11684 = LINE('',#11685,#11686);
#11685 = CARTESIAN_POINT('',(0.,-6.));
#11686 = VECTOR('',#11687,1.);
#11687 = DIRECTION('',(1.,0.));
#11688 = ( GEOMETRIC_REPRESENTATION_CONTEXT(2) 
PARAMETRIC_REPRESENTATION_CONTEXT() REPRESENTATION_CONTEXT('2D SPACE',''
  ) );
#11689 = PCURVE('',#11690,#11695);
#11690 = PLANE('',#11691);
#11691 = AXIS2_PLACEMENT_3D('',#11692,#11693,#11694);
#11692 = CARTESIAN_POINT('',(5.25,-16.15,-2.7));
#11693 = DIRECTION('',(1.,0.,0.));
#11694 = DIRECTION('',(0.,0.,1.));
#11695 = DEFINITIONAL_REPRESENTATION('',(#11696),#11700);
#11696 = LINE('',#11697,#11698);
#11697 = CARTESIAN_POINT('',(11.6,13.5));
#11698 = VECTOR('',#11699,1.);
#11699 = DIRECTION('',(-1.,0.));
#11700 = ( GEOMETRIC_REPRESENTATION_CONTEXT(2) 
PARAMETRIC_REPRESENTATION_CONTEXT() REPRESENTATION_CONTEXT('2D SPACE',''
  ) );
#11701 = ORIENTED_EDGE('',*,*,#11702,.F.);
#11702 = EDGE_CURVE('',#10726,#11675,#11703,.T.);
#11703 = SURFACE_CURVE('',#11704,(#11708,#11715),.PCURVE_S1.);
#11704 = LINE('',#11705,#11706);
#11705 = CARTESIAN_POINT('',(11.25,-29.65,7.3));
#11706 = VECTOR('',#11707,1.);
#11707 = DIRECTION('',(-1.,-0.,-0.));
#11708 = PCURVE('',#10741,#11709);
#11709 = DEFINITIONAL_REPRESENTATION('',(#11710),#11714);
#11710 = LINE('',#11711,#11712);
#11711 = CARTESIAN_POINT('',(1.6,0.));
#11712 = VECTOR('',#11713,1.);
#11713 = DIRECTION('',(0.,-1.));
#11714 = ( GEOMETRIC_REPRESENTATION_CONTEXT(2) 
PARAMETRIC_REPRESENTATION_CONTEXT() REPRESENTATION_CONTEXT('2D SPACE',''
  ) );
#11715 = PCURVE('',#10867,#11716);
#11716 = DEFINITIONAL_REPRESENTATION('',(#11717),#11721);
#11717 = LINE('',#11718,#11719);
#11718 = CARTESIAN_POINT('',(0.,0.));
#11719 = VECTOR('',#11720,1.);
#11720 = DIRECTION('',(0.,-1.));
#11721 = ( GEOMETRIC_REPRESENTATION_CONTEXT(2) 
PARAMETRIC_REPRESENTATION_CONTEXT() REPRESENTATION_CONTEXT('2D SPACE',''
  ) );
#11722 = ORIENTED_EDGE('',*,*,#10725,.F.);
#11723 = ADVANCED_FACE('',(#11724),#10833,.F.);
#11724 = FACE_BOUND('',#11725,.F.);
#11725 = EDGE_LOOP('',(#11726,#11749,#11770,#11771));
#11726 = ORIENTED_EDGE('',*,*,#11727,.T.);
#11727 = EDGE_CURVE('',#10788,#11728,#11730,.T.);
#11728 = VERTEX_POINT('',#11729);
#11729 = CARTESIAN_POINT('',(5.25,-22.25,8.9));
#11730 = SURFACE_CURVE('',#11731,(#11735,#11742),.PCURVE_S1.);
#11731 = LINE('',#11732,#11733);
#11732 = CARTESIAN_POINT('',(11.25,-22.25,8.9));
#11733 = VECTOR('',#11734,1.);
#11734 = DIRECTION('',(-1.,-0.,-0.));
#11735 = PCURVE('',#10833,#11736);
#11736 = DEFINITIONAL_REPRESENTATION('',(#11737),#11741);
#11737 = LINE('',#11738,#11739);
#11738 = CARTESIAN_POINT('',(0.,0.));
#11739 = VECTOR('',#11740,1.);
#11740 = DIRECTION('',(0.,-1.));
#11741 = ( GEOMETRIC_REPRESENTATION_CONTEXT(2) 
PARAMETRIC_REPRESENTATION_CONTEXT() REPRESENTATION_CONTEXT('2D SPACE',''
  ) );
#11742 = PCURVE('',#10928,#11743);
#11743 = DEFINITIONAL_REPRESENTATION('',(#11744),#11748);
#11744 = LINE('',#11745,#11746);
#11745 = CARTESIAN_POINT('',(1.6,0.));
#11746 = VECTOR('',#11747,1.);
#11747 = DIRECTION('',(0.,-1.));
#11748 = ( GEOMETRIC_REPRESENTATION_CONTEXT(2) 
PARAMETRIC_REPRESENTATION_CONTEXT() REPRESENTATION_CONTEXT('2D SPACE',''
  ) );
#11749 = ORIENTED_EDGE('',*,*,#11750,.T.);
#11750 = EDGE_CURVE('',#11728,#11652,#11751,.T.);
#11751 = SURFACE_CURVE('',#11752,(#11756,#11763),.PCURVE_S1.);
#11752 = LINE('',#11753,#11754);
#11753 = CARTESIAN_POINT('',(5.25,-22.25,8.9));
#11754 = VECTOR('',#11755,1.);
#11755 = DIRECTION('',(0.,-1.,0.));
#11756 = PCURVE('',#10833,#11757);
#11757 = DEFINITIONAL_REPRESENTATION('',(#11758),#11762);
#11758 = LINE('',#11759,#11760);
#11759 = CARTESIAN_POINT('',(0.,-6.));
#11760 = VECTOR('',#11761,1.);
#11761 = DIRECTION('',(1.,0.));
#11762 = ( GEOMETRIC_REPRESENTATION_CONTEXT(2) 
PARAMETRIC_REPRESENTATION_CONTEXT() REPRESENTATION_CONTEXT('2D SPACE',''
  ) );
#11763 = PCURVE('',#11690,#11764);
#11764 = DEFINITIONAL_REPRESENTATION('',(#11765),#11769);
#11765 = LINE('',#11766,#11767);
#11766 = CARTESIAN_POINT('',(11.6,6.1));
#11767 = VECTOR('',#11768,1.);
#11768 = DIRECTION('',(0.,1.));
#11769 = ( GEOMETRIC_REPRESENTATION_CONTEXT(2) 
PARAMETRIC_REPRESENTATION_CONTEXT() REPRESENTATION_CONTEXT('2D SPACE',''
  ) );
#11770 = ORIENTED_EDGE('',*,*,#11651,.F.);
#11771 = ORIENTED_EDGE('',*,*,#10819,.F.);
#11772 = ADVANCED_FACE('',(#11773),#10867,.F.);
#11773 = FACE_BOUND('',#11774,.F.);
#11774 = EDGE_LOOP('',(#11775,#11776,#11799,#11820));
#11775 = ORIENTED_EDGE('',*,*,#11702,.T.);
#11776 = ORIENTED_EDGE('',*,*,#11777,.T.);
#11777 = EDGE_CURVE('',#11675,#11778,#11780,.T.);
#11778 = VERTEX_POINT('',#11779);
#11779 = CARTESIAN_POINT('',(5.25,-22.25,7.3));
#11780 = SURFACE_CURVE('',#11781,(#11785,#11792),.PCURVE_S1.);
#11781 = LINE('',#11782,#11783);
#11782 = CARTESIAN_POINT('',(5.25,-29.65,7.3));
#11783 = VECTOR('',#11784,1.);
#11784 = DIRECTION('',(0.,1.,0.));
#11785 = PCURVE('',#10867,#11786);
#11786 = DEFINITIONAL_REPRESENTATION('',(#11787),#11791);
#11787 = LINE('',#11788,#11789);
#11788 = CARTESIAN_POINT('',(0.,-6.));
#11789 = VECTOR('',#11790,1.);
#11790 = DIRECTION('',(1.,0.));
#11791 = ( GEOMETRIC_REPRESENTATION_CONTEXT(2) 
PARAMETRIC_REPRESENTATION_CONTEXT() REPRESENTATION_CONTEXT('2D SPACE',''
  ) );
#11792 = PCURVE('',#11690,#11793);
#11793 = DEFINITIONAL_REPRESENTATION('',(#11794),#11798);
#11794 = LINE('',#11795,#11796);
#11795 = CARTESIAN_POINT('',(10.,13.5));
#11796 = VECTOR('',#11797,1.);
#11797 = DIRECTION('',(0.,-1.));
#11798 = ( GEOMETRIC_REPRESENTATION_CONTEXT(2) 
PARAMETRIC_REPRESENTATION_CONTEXT() REPRESENTATION_CONTEXT('2D SPACE',''
  ) );
#11799 = ORIENTED_EDGE('',*,*,#11800,.F.);
#11800 = EDGE_CURVE('',#10852,#11778,#11801,.T.);
#11801 = SURFACE_CURVE('',#11802,(#11806,#11813),.PCURVE_S1.);
#11802 = LINE('',#11803,#11804);
#11803 = CARTESIAN_POINT('',(11.25,-22.25,7.3));
#11804 = VECTOR('',#11805,1.);
#11805 = DIRECTION('',(-1.,-0.,-0.));
#11806 = PCURVE('',#10867,#11807);
#11807 = DEFINITIONAL_REPRESENTATION('',(#11808),#11812);
#11808 = LINE('',#11809,#11810);
#11809 = CARTESIAN_POINT('',(7.4,0.));
#11810 = VECTOR('',#11811,1.);
#11811 = DIRECTION('',(0.,-1.));
#11812 = ( GEOMETRIC_REPRESENTATION_CONTEXT(2) 
PARAMETRIC_REPRESENTATION_CONTEXT() REPRESENTATION_CONTEXT('2D SPACE',''
  ) );
#11813 = PCURVE('',#10928,#11814);
#11814 = DEFINITIONAL_REPRESENTATION('',(#11815),#11819);
#11815 = LINE('',#11816,#11817);
#11816 = CARTESIAN_POINT('',(0.,0.));
#11817 = VECTOR('',#11818,1.);
#11818 = DIRECTION('',(0.,-1.));
#11819 = ( GEOMETRIC_REPRESENTATION_CONTEXT(2) 
PARAMETRIC_REPRESENTATION_CONTEXT() REPRESENTATION_CONTEXT('2D SPACE',''
  ) );
#11820 = ORIENTED_EDGE('',*,*,#10851,.F.);
#11821 = ADVANCED_FACE('',(#11822),#10928,.F.);
#11822 = FACE_BOUND('',#11823,.F.);
#11823 = EDGE_LOOP('',(#11824,#11825,#11846,#11847));
#11824 = ORIENTED_EDGE('',*,*,#11800,.T.);
#11825 = ORIENTED_EDGE('',*,*,#11826,.T.);
#11826 = EDGE_CURVE('',#11778,#11728,#11827,.T.);
#11827 = SURFACE_CURVE('',#11828,(#11832,#11839),.PCURVE_S1.);
#11828 = LINE('',#11829,#11830);
#11829 = CARTESIAN_POINT('',(5.25,-22.25,7.3));
#11830 = VECTOR('',#11831,1.);
#11831 = DIRECTION('',(0.,0.,1.));
#11832 = PCURVE('',#10928,#11833);
#11833 = DEFINITIONAL_REPRESENTATION('',(#11834),#11838);
#11834 = LINE('',#11835,#11836);
#11835 = CARTESIAN_POINT('',(0.,-6.));
#11836 = VECTOR('',#11837,1.);
#11837 = DIRECTION('',(1.,0.));
#11838 = ( GEOMETRIC_REPRESENTATION_CONTEXT(2) 
PARAMETRIC_REPRESENTATION_CONTEXT() REPRESENTATION_CONTEXT('2D SPACE',''
  ) );
#11839 = PCURVE('',#11690,#11840);
#11840 = DEFINITIONAL_REPRESENTATION('',(#11841),#11845);
#11841 = LINE('',#11842,#11843);
#11842 = CARTESIAN_POINT('',(10.,6.1));
#11843 = VECTOR('',#11844,1.);
#11844 = DIRECTION('',(1.,0.));
#11845 = ( GEOMETRIC_REPRESENTATION_CONTEXT(2) 
PARAMETRIC_REPRESENTATION_CONTEXT() REPRESENTATION_CONTEXT('2D SPACE',''
  ) );
#11846 = ORIENTED_EDGE('',*,*,#11727,.F.);
#11847 = ORIENTED_EDGE('',*,*,#10914,.F.);
#11848 = ADVANCED_FACE('',(#11849,#12075,#12179,#12293),#10278,.T.);
#11849 = FACE_BOUND('',#11850,.T.);
#11850 = EDGE_LOOP('',(#11851,#11852,#11873,#11874,#11897,#11925,#11948,
    #11976,#12004,#12032,#12053,#12054));
#11851 = ORIENTED_EDGE('',*,*,#10945,.T.);
#11852 = ORIENTED_EDGE('',*,*,#11853,.F.);
#11853 = EDGE_CURVE('',#11329,#10948,#11854,.T.);
#11854 = SURFACE_CURVE('',#11855,(#11859,#11866),.PCURVE_S1.);
#11855 = LINE('',#11856,#11857);
#11856 = CARTESIAN_POINT('',(-17.25,13.95,8.1));
#11857 = VECTOR('',#11858,1.);
#11858 = DIRECTION('',(0.,-1.,0.));
#11859 = PCURVE('',#10278,#11860);
#11860 = DEFINITIONAL_REPRESENTATION('',(#11861),#11865);
#11861 = LINE('',#11862,#11863);
#11862 = CARTESIAN_POINT('',(-8.1,-24.53416458852));
#11863 = VECTOR('',#11864,1.);
#11864 = DIRECTION('',(0.,1.));
#11865 = ( GEOMETRIC_REPRESENTATION_CONTEXT(2) 
PARAMETRIC_REPRESENTATION_CONTEXT() REPRESENTATION_CONTEXT('2D SPACE',''
  ) );
#11866 = PCURVE('',#11034,#11867);
#11867 = DEFINITIONAL_REPRESENTATION('',(#11868),#11872);
#11868 = LINE('',#11869,#11870);
#11869 = CARTESIAN_POINT('',(-0.,0.));
#11870 = VECTOR('',#11871,1.);
#11871 = DIRECTION('',(-0.,1.));
#11872 = ( GEOMETRIC_REPRESENTATION_CONTEXT(2) 
PARAMETRIC_REPRESENTATION_CONTEXT() REPRESENTATION_CONTEXT('2D SPACE',''
  ) );
#11873 = ORIENTED_EDGE('',*,*,#11326,.F.);
#11874 = ORIENTED_EDGE('',*,*,#11875,.T.);
#11875 = EDGE_CURVE('',#11327,#11876,#11878,.T.);
#11876 = VERTEX_POINT('',#11877);
#11877 = CARTESIAN_POINT('',(-17.25,7.15,6.1));
#11878 = SURFACE_CURVE('',#11879,(#11883,#11890),.PCURVE_S1.);
#11879 = LINE('',#11880,#11881);
#11880 = CARTESIAN_POINT('',(-17.25,13.95,6.1));
#11881 = VECTOR('',#11882,1.);
#11882 = DIRECTION('',(0.,-1.,0.));
#11883 = PCURVE('',#10278,#11884);
#11884 = DEFINITIONAL_REPRESENTATION('',(#11885),#11889);
#11885 = LINE('',#11886,#11887);
#11886 = CARTESIAN_POINT('',(-6.1,-24.53416458852));
#11887 = VECTOR('',#11888,1.);
#11888 = DIRECTION('',(0.,1.));
#11889 = ( GEOMETRIC_REPRESENTATION_CONTEXT(2) 
PARAMETRIC_REPRESENTATION_CONTEXT() REPRESENTATION_CONTEXT('2D SPACE',''
  ) );
#11890 = PCURVE('',#10224,#11891);
#11891 = DEFINITIONAL_REPRESENTATION('',(#11892),#11896);
#11892 = LINE('',#11893,#11894);
#11893 = CARTESIAN_POINT('',(13.138785046729,25.2));
#11894 = VECTOR('',#11895,1.);
#11895 = DIRECTION('',(0.,-1.));
#11896 = ( GEOMETRIC_REPRESENTATION_CONTEXT(2) 
PARAMETRIC_REPRESENTATION_CONTEXT() REPRESENTATION_CONTEXT('2D SPACE',''
  ) );
#11897 = ORIENTED_EDGE('',*,*,#11898,.F.);
#11898 = EDGE_CURVE('',#11899,#11876,#11901,.T.);
#11899 = VERTEX_POINT('',#11900);
#11900 = CARTESIAN_POINT('',(-17.25,7.15,-6.1));
#11901 = SURFACE_CURVE('',#11902,(#11906,#11913),.PCURVE_S1.);
#11902 = LINE('',#11903,#11904);
#11903 = CARTESIAN_POINT('',(-17.25,7.15,-6.1));
#11904 = VECTOR('',#11905,1.);
#11905 = DIRECTION('',(0.,0.,1.));
#11906 = PCURVE('',#10278,#11907);
#11907 = DEFINITIONAL_REPRESENTATION('',(#11908),#11912);
#11908 = LINE('',#11909,#11910);
#11909 = CARTESIAN_POINT('',(6.1,-17.73416458852));
#11910 = VECTOR('',#11911,1.);
#11911 = DIRECTION('',(-1.,0.));
#11912 = ( GEOMETRIC_REPRESENTATION_CONTEXT(2) 
PARAMETRIC_REPRESENTATION_CONTEXT() REPRESENTATION_CONTEXT('2D SPACE',''
  ) );
#11913 = PCURVE('',#11914,#11919);
#11914 = PLANE('',#11915);
#11915 = AXIS2_PLACEMENT_3D('',#11916,#11917,#11918);
#11916 = CARTESIAN_POINT('',(-11.25,7.15,-6.1));
#11917 = DIRECTION('',(0.,-1.,0.));
#11918 = DIRECTION('',(-1.,0.,0.));
#11919 = DEFINITIONAL_REPRESENTATION('',(#11920),#11924);
#11920 = LINE('',#11921,#11922);
#11921 = CARTESIAN_POINT('',(6.,0.));
#11922 = VECTOR('',#11923,1.);
#11923 = DIRECTION('',(0.,-1.));
#11924 = ( GEOMETRIC_REPRESENTATION_CONTEXT(2) 
PARAMETRIC_REPRESENTATION_CONTEXT() REPRESENTATION_CONTEXT('2D SPACE',''
  ) );
#11925 = ORIENTED_EDGE('',*,*,#11926,.F.);
#11926 = EDGE_CURVE('',#11927,#11899,#11929,.T.);
#11927 = VERTEX_POINT('',#11928);
#11928 = CARTESIAN_POINT('',(-17.25,13.95,-6.1));
#11929 = SURFACE_CURVE('',#11930,(#11934,#11941),.PCURVE_S1.);
#11930 = LINE('',#11931,#11932);
#11931 = CARTESIAN_POINT('',(-17.25,8.15,-6.1));
#11932 = VECTOR('',#11933,1.);
#11933 = DIRECTION('',(0.,-1.,-3.7E-16));
#11934 = PCURVE('',#10278,#11935);
#11935 = DEFINITIONAL_REPRESENTATION('',(#11936),#11940);
#11936 = LINE('',#11937,#11938);
#11937 = CARTESIAN_POINT('',(6.1,-18.73416458852));
#11938 = VECTOR('',#11939,1.);
#11939 = DIRECTION('',(3.7E-16,1.));
#11940 = ( GEOMETRIC_REPRESENTATION_CONTEXT(2) 
PARAMETRIC_REPRESENTATION_CONTEXT() REPRESENTATION_CONTEXT('2D SPACE',''
  ) );
#11941 = PCURVE('',#10170,#11942);
#11942 = DEFINITIONAL_REPRESENTATION('',(#11943),#11947);
#11943 = LINE('',#11944,#11945);
#11944 = CARTESIAN_POINT('',(-13.13878504672,19.4));
#11945 = VECTOR('',#11946,1.);
#11946 = DIRECTION('',(0.,-1.));
#11947 = ( GEOMETRIC_REPRESENTATION_CONTEXT(2) 
PARAMETRIC_REPRESENTATION_CONTEXT() REPRESENTATION_CONTEXT('2D SPACE',''
  ) );
#11948 = ORIENTED_EDGE('',*,*,#11949,.T.);
#11949 = EDGE_CURVE('',#11927,#11950,#11952,.T.);
#11950 = VERTEX_POINT('',#11951);
#11951 = CARTESIAN_POINT('',(-17.25,13.95,-8.1));
#11952 = SURFACE_CURVE('',#11953,(#11957,#11964),.PCURVE_S1.);
#11953 = LINE('',#11954,#11955);
#11954 = CARTESIAN_POINT('',(-17.25,13.95,-6.1));
#11955 = VECTOR('',#11956,1.);
#11956 = DIRECTION('',(0.,0.,-1.));
#11957 = PCURVE('',#10278,#11958);
#11958 = DEFINITIONAL_REPRESENTATION('',(#11959),#11963);
#11959 = LINE('',#11960,#11961);
#11960 = CARTESIAN_POINT('',(6.1,-24.53416458852));
#11961 = VECTOR('',#11962,1.);
#11962 = DIRECTION('',(1.,0.));
#11963 = ( GEOMETRIC_REPRESENTATION_CONTEXT(2) 
PARAMETRIC_REPRESENTATION_CONTEXT() REPRESENTATION_CONTEXT('2D SPACE',''
  ) );
#11964 = PCURVE('',#11965,#11970);
#11965 = PLANE('',#11966);
#11966 = AXIS2_PLACEMENT_3D('',#11967,#11968,#11969);
#11967 = CARTESIAN_POINT('',(-2.795808004317,13.95,-8.06667546862));
#11968 = DIRECTION('',(0.,1.,-3.5E-16));
#11969 = DIRECTION('',(0.,3.5E-16,1.));
#11970 = DEFINITIONAL_REPRESENTATION('',(#11971),#11975);
#11971 = LINE('',#11972,#11973);
#11972 = CARTESIAN_POINT('',(1.96667546862,-14.45419199568));
#11973 = VECTOR('',#11974,1.);
#11974 = DIRECTION('',(-1.,0.));
#11975 = ( GEOMETRIC_REPRESENTATION_CONTEXT(2) 
PARAMETRIC_REPRESENTATION_CONTEXT() REPRESENTATION_CONTEXT('2D SPACE',''
  ) );
#11976 = ORIENTED_EDGE('',*,*,#11977,.F.);
#11977 = EDGE_CURVE('',#11978,#11950,#11980,.T.);
#11978 = VERTEX_POINT('',#11979);
#11979 = CARTESIAN_POINT('',(-17.25,-36.45,-8.1));
#11980 = SURFACE_CURVE('',#11981,(#11985,#11992),.PCURVE_S1.);
#11981 = LINE('',#11982,#11983);
#11982 = CARTESIAN_POINT('',(-17.25,13.95,-8.1));
#11983 = VECTOR('',#11984,1.);
#11984 = DIRECTION('',(0.,1.,3.7E-16));
#11985 = PCURVE('',#10278,#11986);
#11986 = DEFINITIONAL_REPRESENTATION('',(#11987),#11991);
#11987 = LINE('',#11988,#11989);
#11988 = CARTESIAN_POINT('',(8.1,-24.53416458852));
#11989 = VECTOR('',#11990,1.);
#11990 = DIRECTION('',(-3.7E-16,-1.));
#11991 = ( GEOMETRIC_REPRESENTATION_CONTEXT(2) 
PARAMETRIC_REPRESENTATION_CONTEXT() REPRESENTATION_CONTEXT('2D SPACE',''
  ) );
#11992 = PCURVE('',#11993,#11998);
#11993 = CYLINDRICAL_SURFACE('',#11994,2.);
#11994 = AXIS2_PLACEMENT_3D('',#11995,#11996,#11997);
#11995 = CARTESIAN_POINT('',(-15.25,-36.45,-8.1));
#11996 = DIRECTION('',(0.,1.,0.));
#11997 = DIRECTION('',(-1.,0.,0.));
#11998 = DEFINITIONAL_REPRESENTATION('',(#11999),#12003);
#11999 = LINE('',#12000,#12001);
#12000 = CARTESIAN_POINT('',(-0.,50.4));
#12001 = VECTOR('',#12002,1.);
#12002 = DIRECTION('',(-0.,1.));
#12003 = ( GEOMETRIC_REPRESENTATION_CONTEXT(2) 
PARAMETRIC_REPRESENTATION_CONTEXT() REPRESENTATION_CONTEXT('2D SPACE',''
  ) );
#12004 = ORIENTED_EDGE('',*,*,#12005,.F.);
#12005 = EDGE_CURVE('',#12006,#11978,#12008,.T.);
#12006 = VERTEX_POINT('',#12007);
#12007 = CARTESIAN_POINT('',(-17.25,-36.45,-6.1));
#12008 = SURFACE_CURVE('',#12009,(#12013,#12020),.PCURVE_S1.);
#12009 = LINE('',#12010,#12011);
#12010 = CARTESIAN_POINT('',(-17.25,-36.45,-6.1));
#12011 = VECTOR('',#12012,1.);
#12012 = DIRECTION('',(0.,0.,-1.));
#12013 = PCURVE('',#10278,#12014);
#12014 = DEFINITIONAL_REPRESENTATION('',(#12015),#12019);
#12015 = LINE('',#12016,#12017);
#12016 = CARTESIAN_POINT('',(6.1,25.865835411471));
#12017 = VECTOR('',#12018,1.);
#12018 = DIRECTION('',(1.,0.));
#12019 = ( GEOMETRIC_REPRESENTATION_CONTEXT(2) 
PARAMETRIC_REPRESENTATION_CONTEXT() REPRESENTATION_CONTEXT('2D SPACE',''
  ) );
#12020 = PCURVE('',#12021,#12026);
#12021 = PLANE('',#12022);
#12022 = AXIS2_PLACEMENT_3D('',#12023,#12024,#12025);
#12023 = CARTESIAN_POINT('',(-2.795808004317,-36.45,-8.06667546862));
#12024 = DIRECTION('',(0.,-1.,2.4E-16));
#12025 = DIRECTION('',(0.,-2.4E-16,-1.));
#12026 = DEFINITIONAL_REPRESENTATION('',(#12027),#12031);
#12027 = LINE('',#12028,#12029);
#12028 = CARTESIAN_POINT('',(-1.96667546862,-14.45419199568));
#12029 = VECTOR('',#12030,1.);
#12030 = DIRECTION('',(1.,0.));
#12031 = ( GEOMETRIC_REPRESENTATION_CONTEXT(2) 
PARAMETRIC_REPRESENTATION_CONTEXT() REPRESENTATION_CONTEXT('2D SPACE',''
  ) );
#12032 = ORIENTED_EDGE('',*,*,#12033,.T.);
#12033 = EDGE_CURVE('',#12006,#10240,#12034,.T.);
#12034 = SURFACE_CURVE('',#12035,(#12039,#12046),.PCURVE_S1.);
#12035 = LINE('',#12036,#12037);
#12036 = CARTESIAN_POINT('',(-17.25,-36.45,-6.1));
#12037 = VECTOR('',#12038,1.);
#12038 = DIRECTION('',(0.,1.,0.));
#12039 = PCURVE('',#10278,#12040);
#12040 = DEFINITIONAL_REPRESENTATION('',(#12041),#12045);
#12041 = LINE('',#12042,#12043);
#12042 = CARTESIAN_POINT('',(6.1,25.865835411471));
#12043 = VECTOR('',#12044,1.);
#12044 = DIRECTION('',(0.,-1.));
#12045 = ( GEOMETRIC_REPRESENTATION_CONTEXT(2) 
PARAMETRIC_REPRESENTATION_CONTEXT() REPRESENTATION_CONTEXT('2D SPACE',''
  ) );
#12046 = PCURVE('',#10170,#12047);
#12047 = DEFINITIONAL_REPRESENTATION('',(#12048),#12052);
#12048 = LINE('',#12049,#12050);
#12049 = CARTESIAN_POINT('',(-13.13878504672,-25.2));
#12050 = VECTOR('',#12051,1.);
#12051 = DIRECTION('',(0.,1.));
#12052 = ( GEOMETRIC_REPRESENTATION_CONTEXT(2) 
PARAMETRIC_REPRESENTATION_CONTEXT() REPRESENTATION_CONTEXT('2D SPACE',''
  ) );
#12053 = ORIENTED_EDGE('',*,*,#10262,.T.);
#12054 = ORIENTED_EDGE('',*,*,#12055,.F.);
#12055 = EDGE_CURVE('',#10946,#10263,#12056,.T.);
#12056 = SURFACE_CURVE('',#12057,(#12061,#12068),.PCURVE_S1.);
#12057 = LINE('',#12058,#12059);
#12058 = CARTESIAN_POINT('',(-17.25,-30.65,6.1));
#12059 = VECTOR('',#12060,1.);
#12060 = DIRECTION('',(0.,1.,0.));
#12061 = PCURVE('',#10278,#12062);
#12062 = DEFINITIONAL_REPRESENTATION('',(#12063),#12067);
#12063 = LINE('',#12064,#12065);
#12064 = CARTESIAN_POINT('',(-6.1,20.065835411471));
#12065 = VECTOR('',#12066,1.);
#12066 = DIRECTION('',(0.,-1.));
#12067 = ( GEOMETRIC_REPRESENTATION_CONTEXT(2) 
PARAMETRIC_REPRESENTATION_CONTEXT() REPRESENTATION_CONTEXT('2D SPACE',''
  ) );
#12068 = PCURVE('',#10224,#12069);
#12069 = DEFINITIONAL_REPRESENTATION('',(#12070),#12074);
#12070 = LINE('',#12071,#12072);
#12071 = CARTESIAN_POINT('',(13.138785046729,-19.4));
#12072 = VECTOR('',#12073,1.);
#12073 = DIRECTION('',(0.,1.));
#12074 = ( GEOMETRIC_REPRESENTATION_CONTEXT(2) 
PARAMETRIC_REPRESENTATION_CONTEXT() REPRESENTATION_CONTEXT('2D SPACE',''
  ) );
#12075 = FACE_BOUND('',#12076,.T.);
#12076 = EDGE_LOOP('',(#12077,#12107,#12130,#12158));
#12077 = ORIENTED_EDGE('',*,*,#12078,.F.);
#12078 = EDGE_CURVE('',#12079,#12081,#12083,.T.);
#12079 = VERTEX_POINT('',#12080);
#12080 = CARTESIAN_POINT('',(-17.25,4.35,6.1));
#12081 = VERTEX_POINT('',#12082);
#12082 = CARTESIAN_POINT('',(-17.25,4.35,-6.1));
#12083 = SURFACE_CURVE('',#12084,(#12088,#12095),.PCURVE_S1.);
#12084 = LINE('',#12085,#12086);
#12085 = CARTESIAN_POINT('',(-17.25,4.35,6.1));
#12086 = VECTOR('',#12087,1.);
#12087 = DIRECTION('',(0.,0.,-1.));
#12088 = PCURVE('',#10278,#12089);
#12089 = DEFINITIONAL_REPRESENTATION('',(#12090),#12094);
#12090 = LINE('',#12091,#12092);
#12091 = CARTESIAN_POINT('',(-6.1,-14.93416458852));
#12092 = VECTOR('',#12093,1.);
#12093 = DIRECTION('',(1.,0.));
#12094 = ( GEOMETRIC_REPRESENTATION_CONTEXT(2) 
PARAMETRIC_REPRESENTATION_CONTEXT() REPRESENTATION_CONTEXT('2D SPACE',''
  ) );
#12095 = PCURVE('',#12096,#12101);
#12096 = PLANE('',#12097);
#12097 = AXIS2_PLACEMENT_3D('',#12098,#12099,#12100);
#12098 = CARTESIAN_POINT('',(-17.25,4.35,6.1));
#12099 = DIRECTION('',(0.,1.,0.));
#12100 = DIRECTION('',(0.,0.,-1.));
#12101 = DEFINITIONAL_REPRESENTATION('',(#12102),#12106);
#12102 = LINE('',#12103,#12104);
#12103 = CARTESIAN_POINT('',(0.,0.));
#12104 = VECTOR('',#12105,1.);
#12105 = DIRECTION('',(1.,0.));
#12106 = ( GEOMETRIC_REPRESENTATION_CONTEXT(2) 
PARAMETRIC_REPRESENTATION_CONTEXT() REPRESENTATION_CONTEXT('2D SPACE',''
  ) );
#12107 = ORIENTED_EDGE('',*,*,#12108,.F.);
#12108 = EDGE_CURVE('',#12109,#12079,#12111,.T.);
#12109 = VERTEX_POINT('',#12110);
#12110 = CARTESIAN_POINT('',(-17.25,1.55,6.1));
#12111 = SURFACE_CURVE('',#12112,(#12116,#12123),.PCURVE_S1.);
#12112 = LINE('',#12113,#12114);
#12113 = CARTESIAN_POINT('',(-17.25,1.55,6.1));
#12114 = VECTOR('',#12115,1.);
#12115 = DIRECTION('',(0.,1.,0.));
#12116 = PCURVE('',#10278,#12117);
#12117 = DEFINITIONAL_REPRESENTATION('',(#12118),#12122);
#12118 = LINE('',#12119,#12120);
#12119 = CARTESIAN_POINT('',(-6.1,-12.13416458852));
#12120 = VECTOR('',#12121,1.);
#12121 = DIRECTION('',(0.,-1.));
#12122 = ( GEOMETRIC_REPRESENTATION_CONTEXT(2) 
PARAMETRIC_REPRESENTATION_CONTEXT() REPRESENTATION_CONTEXT('2D SPACE',''
  ) );
#12123 = PCURVE('',#10224,#12124);
#12124 = DEFINITIONAL_REPRESENTATION('',(#12125),#12129);
#12125 = LINE('',#12126,#12127);
#12126 = CARTESIAN_POINT('',(13.138785046729,12.8));
#12127 = VECTOR('',#12128,1.);
#12128 = DIRECTION('',(0.,1.));
#12129 = ( GEOMETRIC_REPRESENTATION_CONTEXT(2) 
PARAMETRIC_REPRESENTATION_CONTEXT() REPRESENTATION_CONTEXT('2D SPACE',''
  ) );
#12130 = ORIENTED_EDGE('',*,*,#12131,.F.);
#12131 = EDGE_CURVE('',#12132,#12109,#12134,.T.);
#12132 = VERTEX_POINT('',#12133);
#12133 = CARTESIAN_POINT('',(-17.25,1.55,-6.1));
#12134 = SURFACE_CURVE('',#12135,(#12139,#12146),.PCURVE_S1.);
#12135 = LINE('',#12136,#12137);
#12136 = CARTESIAN_POINT('',(-17.25,1.55,-6.1));
#12137 = VECTOR('',#12138,1.);
#12138 = DIRECTION('',(0.,0.,1.));
#12139 = PCURVE('',#10278,#12140);
#12140 = DEFINITIONAL_REPRESENTATION('',(#12141),#12145);
#12141 = LINE('',#12142,#12143);
#12142 = CARTESIAN_POINT('',(6.1,-12.13416458852));
#12143 = VECTOR('',#12144,1.);
#12144 = DIRECTION('',(-1.,0.));
#12145 = ( GEOMETRIC_REPRESENTATION_CONTEXT(2) 
PARAMETRIC_REPRESENTATION_CONTEXT() REPRESENTATION_CONTEXT('2D SPACE',''
  ) );
#12146 = PCURVE('',#12147,#12152);
#12147 = PLANE('',#12148);
#12148 = AXIS2_PLACEMENT_3D('',#12149,#12150,#12151);
#12149 = CARTESIAN_POINT('',(-17.25,1.55,-6.1));
#12150 = DIRECTION('',(0.,-1.,0.));
#12151 = DIRECTION('',(0.,0.,1.));
#12152 = DEFINITIONAL_REPRESENTATION('',(#12153),#12157);
#12153 = LINE('',#12154,#12155);
#12154 = CARTESIAN_POINT('',(0.,0.));
#12155 = VECTOR('',#12156,1.);
#12156 = DIRECTION('',(1.,0.));
#12157 = ( GEOMETRIC_REPRESENTATION_CONTEXT(2) 
PARAMETRIC_REPRESENTATION_CONTEXT() REPRESENTATION_CONTEXT('2D SPACE',''
  ) );
#12158 = ORIENTED_EDGE('',*,*,#12159,.F.);
#12159 = EDGE_CURVE('',#12081,#12132,#12160,.T.);
#12160 = SURFACE_CURVE('',#12161,(#12165,#12172),.PCURVE_S1.);
#12161 = LINE('',#12162,#12163);
#12162 = CARTESIAN_POINT('',(-17.25,4.35,-6.1));
#12163 = VECTOR('',#12164,1.);
#12164 = DIRECTION('',(0.,-1.,0.));
#12165 = PCURVE('',#10278,#12166);
#12166 = DEFINITIONAL_REPRESENTATION('',(#12167),#12171);
#12167 = LINE('',#12168,#12169);
#12168 = CARTESIAN_POINT('',(6.1,-14.93416458852));
#12169 = VECTOR('',#12170,1.);
#12170 = DIRECTION('',(0.,1.));
#12171 = ( GEOMETRIC_REPRESENTATION_CONTEXT(2) 
PARAMETRIC_REPRESENTATION_CONTEXT() REPRESENTATION_CONTEXT('2D SPACE',''
  ) );
#12172 = PCURVE('',#10170,#12173);
#12173 = DEFINITIONAL_REPRESENTATION('',(#12174),#12178);
#12174 = LINE('',#12175,#12176);
#12175 = CARTESIAN_POINT('',(-13.13878504672,15.6));
#12176 = VECTOR('',#12177,1.);
#12177 = DIRECTION('',(0.,-1.));
#12178 = ( GEOMETRIC_REPRESENTATION_CONTEXT(2) 
PARAMETRIC_REPRESENTATION_CONTEXT() REPRESENTATION_CONTEXT('2D SPACE',''
  ) );
#12179 = FACE_BOUND('',#12180,.T.);
#12180 = EDGE_LOOP('',(#12181,#12211,#12239,#12267));
#12181 = ORIENTED_EDGE('',*,*,#12182,.F.);
#12182 = EDGE_CURVE('',#12183,#12185,#12187,.T.);
#12183 = VERTEX_POINT('',#12184);
#12184 = CARTESIAN_POINT('',(-17.25,-14.05,-4.1));
#12185 = VERTEX_POINT('',#12186);
#12186 = CARTESIAN_POINT('',(-17.25,-14.05,4.1));
#12187 = SURFACE_CURVE('',#12188,(#12192,#12199),.PCURVE_S1.);
#12188 = LINE('',#12189,#12190);
#12189 = CARTESIAN_POINT('',(-17.25,-14.05,2.05));
#12190 = VECTOR('',#12191,1.);
#12191 = DIRECTION('',(0.,0.,1.));
#12192 = PCURVE('',#10278,#12193);
#12193 = DEFINITIONAL_REPRESENTATION('',(#12194),#12198);
#12194 = LINE('',#12195,#12196);
#12195 = CARTESIAN_POINT('',(-2.05,3.465835411471));
#12196 = VECTOR('',#12197,1.);
#12197 = DIRECTION('',(-1.,0.));
#12198 = ( GEOMETRIC_REPRESENTATION_CONTEXT(2) 
PARAMETRIC_REPRESENTATION_CONTEXT() REPRESENTATION_CONTEXT('2D SPACE',''
  ) );
#12199 = PCURVE('',#12200,#12205);
#12200 = PLANE('',#12201);
#12201 = AXIS2_PLACEMENT_3D('',#12202,#12203,#12204);
#12202 = CARTESIAN_POINT('',(-11.45,-14.05,4.1));
#12203 = DIRECTION('',(0.,-1.,0.));
#12204 = DIRECTION('',(0.,0.,-1.));
#12205 = DEFINITIONAL_REPRESENTATION('',(#12206),#12210);
#12206 = LINE('',#12207,#12208);
#12207 = CARTESIAN_POINT('',(2.05,-5.8));
#12208 = VECTOR('',#12209,1.);
#12209 = DIRECTION('',(-1.,0.));
#12210 = ( GEOMETRIC_REPRESENTATION_CONTEXT(2) 
PARAMETRIC_REPRESENTATION_CONTEXT() REPRESENTATION_CONTEXT('2D SPACE',''
  ) );
#12211 = ORIENTED_EDGE('',*,*,#12212,.F.);
#12212 = EDGE_CURVE('',#12213,#12183,#12215,.T.);
#12213 = VERTEX_POINT('',#12214);
#12214 = CARTESIAN_POINT('',(-17.25,-8.45,-4.1));
#12215 = SURFACE_CURVE('',#12216,(#12220,#12227),.PCURVE_S1.);
#12216 = LINE('',#12217,#12218);
#12217 = CARTESIAN_POINT('',(-17.25,-12.31708229426,-4.1));
#12218 = VECTOR('',#12219,1.);
#12219 = DIRECTION('',(0.,-1.,0.));
#12220 = PCURVE('',#10278,#12221);
#12221 = DEFINITIONAL_REPRESENTATION('',(#12222),#12226);
#12222 = LINE('',#12223,#12224);
#12223 = CARTESIAN_POINT('',(4.1,1.732917705736));
#12224 = VECTOR('',#12225,1.);
#12225 = DIRECTION('',(0.,1.));
#12226 = ( GEOMETRIC_REPRESENTATION_CONTEXT(2) 
PARAMETRIC_REPRESENTATION_CONTEXT() REPRESENTATION_CONTEXT('2D SPACE',''
  ) );
#12227 = PCURVE('',#12228,#12233);
#12228 = PLANE('',#12229);
#12229 = AXIS2_PLACEMENT_3D('',#12230,#12231,#12232);
#12230 = CARTESIAN_POINT('',(-11.45,-14.05,-4.1));
#12231 = DIRECTION('',(0.,0.,-1.));
#12232 = DIRECTION('',(0.,1.,0.));
#12233 = DEFINITIONAL_REPRESENTATION('',(#12234),#12238);
#12234 = LINE('',#12235,#12236);
#12235 = CARTESIAN_POINT('',(1.732917705736,-5.8));
#12236 = VECTOR('',#12237,1.);
#12237 = DIRECTION('',(-1.,0.));
#12238 = ( GEOMETRIC_REPRESENTATION_CONTEXT(2) 
PARAMETRIC_REPRESENTATION_CONTEXT() REPRESENTATION_CONTEXT('2D SPACE',''
  ) );
#12239 = ORIENTED_EDGE('',*,*,#12240,.F.);
#12240 = EDGE_CURVE('',#12241,#12213,#12243,.T.);
#12241 = VERTEX_POINT('',#12242);
#12242 = CARTESIAN_POINT('',(-17.25,-8.45,4.1));
#12243 = SURFACE_CURVE('',#12244,(#12248,#12255),.PCURVE_S1.);
#12244 = LINE('',#12245,#12246);
#12245 = CARTESIAN_POINT('',(-17.25,-8.45,-2.05));
#12246 = VECTOR('',#12247,1.);
#12247 = DIRECTION('',(0.,0.,-1.));
#12248 = PCURVE('',#10278,#12249);
#12249 = DEFINITIONAL_REPRESENTATION('',(#12250),#12254);
#12250 = LINE('',#12251,#12252);
#12251 = CARTESIAN_POINT('',(2.05,-2.134164588529));
#12252 = VECTOR('',#12253,1.);
#12253 = DIRECTION('',(1.,0.));
#12254 = ( GEOMETRIC_REPRESENTATION_CONTEXT(2) 
PARAMETRIC_REPRESENTATION_CONTEXT() REPRESENTATION_CONTEXT('2D SPACE',''
  ) );
#12255 = PCURVE('',#12256,#12261);
#12256 = PLANE('',#12257);
#12257 = AXIS2_PLACEMENT_3D('',#12258,#12259,#12260);
#12258 = CARTESIAN_POINT('',(-11.45,-8.45,-4.1));
#12259 = DIRECTION('',(0.,1.,0.));
#12260 = DIRECTION('',(0.,0.,1.));
#12261 = DEFINITIONAL_REPRESENTATION('',(#12262),#12266);
#12262 = LINE('',#12263,#12264);
#12263 = CARTESIAN_POINT('',(2.05,-5.8));
#12264 = VECTOR('',#12265,1.);
#12265 = DIRECTION('',(-1.,0.));
#12266 = ( GEOMETRIC_REPRESENTATION_CONTEXT(2) 
PARAMETRIC_REPRESENTATION_CONTEXT() REPRESENTATION_CONTEXT('2D SPACE',''
  ) );
#12267 = ORIENTED_EDGE('',*,*,#12268,.F.);
#12268 = EDGE_CURVE('',#12185,#12241,#12269,.T.);
#12269 = SURFACE_CURVE('',#12270,(#12274,#12281),.PCURVE_S1.);
#12270 = LINE('',#12271,#12272);
#12271 = CARTESIAN_POINT('',(-17.25,-9.517082294264,4.1));
#12272 = VECTOR('',#12273,1.);
#12273 = DIRECTION('',(0.,1.,0.));
#12274 = PCURVE('',#10278,#12275);
#12275 = DEFINITIONAL_REPRESENTATION('',(#12276),#12280);
#12276 = LINE('',#12277,#12278);
#12277 = CARTESIAN_POINT('',(-4.1,-1.067082294264));
#12278 = VECTOR('',#12279,1.);
#12279 = DIRECTION('',(0.,-1.));
#12280 = ( GEOMETRIC_REPRESENTATION_CONTEXT(2) 
PARAMETRIC_REPRESENTATION_CONTEXT() REPRESENTATION_CONTEXT('2D SPACE',''
  ) );
#12281 = PCURVE('',#12282,#12287);
#12282 = PLANE('',#12283);
#12283 = AXIS2_PLACEMENT_3D('',#12284,#12285,#12286);
#12284 = CARTESIAN_POINT('',(-11.45,-8.45,4.1));
#12285 = DIRECTION('',(0.,0.,1.));
#12286 = DIRECTION('',(0.,-1.,0.));
#12287 = DEFINITIONAL_REPRESENTATION('',(#12288),#12292);
#12288 = LINE('',#12289,#12290);
#12289 = CARTESIAN_POINT('',(1.067082294264,-5.8));
#12290 = VECTOR('',#12291,1.);
#12291 = DIRECTION('',(-1.,0.));
#12292 = ( GEOMETRIC_REPRESENTATION_CONTEXT(2) 
PARAMETRIC_REPRESENTATION_CONTEXT() REPRESENTATION_CONTEXT('2D SPACE',''
  ) );
#12293 = FACE_BOUND('',#12294,.T.);
#12294 = EDGE_LOOP('',(#12295,#12325,#12348,#12371));
#12295 = ORIENTED_EDGE('',*,*,#12296,.F.);
#12296 = EDGE_CURVE('',#12297,#12299,#12301,.T.);
#12297 = VERTEX_POINT('',#12298);
#12298 = CARTESIAN_POINT('',(-17.25,-24.05,6.1));
#12299 = VERTEX_POINT('',#12300);
#12300 = CARTESIAN_POINT('',(-17.25,-24.05,-6.1));
#12301 = SURFACE_CURVE('',#12302,(#12306,#12313),.PCURVE_S1.);
#12302 = LINE('',#12303,#12304);
#12303 = CARTESIAN_POINT('',(-17.25,-24.05,6.1));
#12304 = VECTOR('',#12305,1.);
#12305 = DIRECTION('',(0.,0.,-1.));
#12306 = PCURVE('',#10278,#12307);
#12307 = DEFINITIONAL_REPRESENTATION('',(#12308),#12312);
#12308 = LINE('',#12309,#12310);
#12309 = CARTESIAN_POINT('',(-6.1,13.465835411471));
#12310 = VECTOR('',#12311,1.);
#12311 = DIRECTION('',(1.,0.));
#12312 = ( GEOMETRIC_REPRESENTATION_CONTEXT(2) 
PARAMETRIC_REPRESENTATION_CONTEXT() REPRESENTATION_CONTEXT('2D SPACE',''
  ) );
#12313 = PCURVE('',#12314,#12319);
#12314 = PLANE('',#12315);
#12315 = AXIS2_PLACEMENT_3D('',#12316,#12317,#12318);
#12316 = CARTESIAN_POINT('',(-17.25,-24.05,6.1));
#12317 = DIRECTION('',(0.,1.,0.));
#12318 = DIRECTION('',(0.,0.,-1.));
#12319 = DEFINITIONAL_REPRESENTATION('',(#12320),#12324);
#12320 = LINE('',#12321,#12322);
#12321 = CARTESIAN_POINT('',(0.,0.));
#12322 = VECTOR('',#12323,1.);
#12323 = DIRECTION('',(1.,0.));
#12324 = ( GEOMETRIC_REPRESENTATION_CONTEXT(2) 
PARAMETRIC_REPRESENTATION_CONTEXT() REPRESENTATION_CONTEXT('2D SPACE',''
  ) );
#12325 = ORIENTED_EDGE('',*,*,#12326,.F.);
#12326 = EDGE_CURVE('',#12327,#12297,#12329,.T.);
#12327 = VERTEX_POINT('',#12328);
#12328 = CARTESIAN_POINT('',(-17.25,-26.85,6.1));
#12329 = SURFACE_CURVE('',#12330,(#12334,#12341),.PCURVE_S1.);
#12330 = LINE('',#12331,#12332);
#12331 = CARTESIAN_POINT('',(-17.25,-26.85,6.1));
#12332 = VECTOR('',#12333,1.);
#12333 = DIRECTION('',(0.,1.,0.));
#12334 = PCURVE('',#10278,#12335);
#12335 = DEFINITIONAL_REPRESENTATION('',(#12336),#12340);
#12336 = LINE('',#12337,#12338);
#12337 = CARTESIAN_POINT('',(-6.1,16.265835411471));
#12338 = VECTOR('',#12339,1.);
#12339 = DIRECTION('',(0.,-1.));
#12340 = ( GEOMETRIC_REPRESENTATION_CONTEXT(2) 
PARAMETRIC_REPRESENTATION_CONTEXT() REPRESENTATION_CONTEXT('2D SPACE',''
  ) );
#12341 = PCURVE('',#10224,#12342);
#12342 = DEFINITIONAL_REPRESENTATION('',(#12343),#12347);
#12343 = LINE('',#12344,#12345);
#12344 = CARTESIAN_POINT('',(13.138785046729,-15.6));
#12345 = VECTOR('',#12346,1.);
#12346 = DIRECTION('',(0.,1.));
#12347 = ( GEOMETRIC_REPRESENTATION_CONTEXT(2) 
PARAMETRIC_REPRESENTATION_CONTEXT() REPRESENTATION_CONTEXT('2D SPACE',''
  ) );
#12348 = ORIENTED_EDGE('',*,*,#12349,.F.);
#12349 = EDGE_CURVE('',#12350,#12327,#12352,.T.);
#12350 = VERTEX_POINT('',#12351);
#12351 = CARTESIAN_POINT('',(-17.25,-26.85,-6.1));
#12352 = SURFACE_CURVE('',#12353,(#12357,#12364),.PCURVE_S1.);
#12353 = LINE('',#12354,#12355);
#12354 = CARTESIAN_POINT('',(-17.25,-26.85,-6.1));
#12355 = VECTOR('',#12356,1.);
#12356 = DIRECTION('',(0.,0.,1.));
#12357 = PCURVE('',#10278,#12358);
#12358 = DEFINITIONAL_REPRESENTATION('',(#12359),#12363);
#12359 = LINE('',#12360,#12361);
#12360 = CARTESIAN_POINT('',(6.1,16.265835411471));
#12361 = VECTOR('',#12362,1.);
#12362 = DIRECTION('',(-1.,0.));
#12363 = ( GEOMETRIC_REPRESENTATION_CONTEXT(2) 
PARAMETRIC_REPRESENTATION_CONTEXT() REPRESENTATION_CONTEXT('2D SPACE',''
  ) );
#12364 = PCURVE('',#10198,#12365);
#12365 = DEFINITIONAL_REPRESENTATION('',(#12366),#12370);
#12366 = LINE('',#12367,#12368);
#12367 = CARTESIAN_POINT('',(0.,0.));
#12368 = VECTOR('',#12369,1.);
#12369 = DIRECTION('',(1.,0.));
#12370 = ( GEOMETRIC_REPRESENTATION_CONTEXT(2) 
PARAMETRIC_REPRESENTATION_CONTEXT() REPRESENTATION_CONTEXT('2D SPACE',''
  ) );
#12371 = ORIENTED_EDGE('',*,*,#12372,.F.);
#12372 = EDGE_CURVE('',#12299,#12350,#12373,.T.);
#12373 = SURFACE_CURVE('',#12374,(#12378,#12385),.PCURVE_S1.);
#12374 = LINE('',#12375,#12376);
#12375 = CARTESIAN_POINT('',(-17.25,-24.05,-6.1));
#12376 = VECTOR('',#12377,1.);
#12377 = DIRECTION('',(0.,-1.,0.));
#12378 = PCURVE('',#10278,#12379);
#12379 = DEFINITIONAL_REPRESENTATION('',(#12380),#12384);
#12380 = LINE('',#12381,#12382);
#12381 = CARTESIAN_POINT('',(6.1,13.465835411471));
#12382 = VECTOR('',#12383,1.);
#12383 = DIRECTION('',(0.,1.));
#12384 = ( GEOMETRIC_REPRESENTATION_CONTEXT(2) 
PARAMETRIC_REPRESENTATION_CONTEXT() REPRESENTATION_CONTEXT('2D SPACE',''
  ) );
#12385 = PCURVE('',#10170,#12386);
#12386 = DEFINITIONAL_REPRESENTATION('',(#12387),#12391);
#12387 = LINE('',#12388,#12389);
#12388 = CARTESIAN_POINT('',(-13.13878504672,-12.8));
#12389 = VECTOR('',#12390,1.);
#12390 = DIRECTION('',(0.,-1.));
#12391 = ( GEOMETRIC_REPRESENTATION_CONTEXT(2) 
PARAMETRIC_REPRESENTATION_CONTEXT() REPRESENTATION_CONTEXT('2D SPACE',''
  ) );
#12392 = ADVANCED_FACE('',(#12393),#11034,.T.);
#12393 = FACE_BOUND('',#12394,.F.);
#12394 = EDGE_LOOP('',(#12395,#12396,#12397,#12398));
#12395 = ORIENTED_EDGE('',*,*,#11049,.F.);
#12396 = ORIENTED_EDGE('',*,*,#11015,.F.);
#12397 = ORIENTED_EDGE('',*,*,#11853,.F.);
#12398 = ORIENTED_EDGE('',*,*,#11351,.T.);
#12399 = ADVANCED_FACE('',(#12400),#11115,.F.);
#12400 = FACE_BOUND('',#12401,.F.);
#12401 = EDGE_LOOP('',(#12402,#12425,#12426,#12449));
#12402 = ORIENTED_EDGE('',*,*,#12403,.F.);
#12403 = EDGE_CURVE('',#11100,#12404,#12406,.T.);
#12404 = VERTEX_POINT('',#12405);
#12405 = CARTESIAN_POINT('',(-6.25,-20.75,13.11));
#12406 = SURFACE_CURVE('',#12407,(#12411,#12418),.PCURVE_S1.);
#12407 = LINE('',#12408,#12409);
#12408 = CARTESIAN_POINT('',(-6.25,-20.75,10.1));
#12409 = VECTOR('',#12410,1.);
#12410 = DIRECTION('',(0.,0.,1.));
#12411 = PCURVE('',#11115,#12412);
#12412 = DEFINITIONAL_REPRESENTATION('',(#12413),#12417);
#12413 = LINE('',#12414,#12415);
#12414 = CARTESIAN_POINT('',(19.,0.));
#12415 = VECTOR('',#12416,1.);
#12416 = DIRECTION('',(0.,-1.));
#12417 = ( GEOMETRIC_REPRESENTATION_CONTEXT(2) 
PARAMETRIC_REPRESENTATION_CONTEXT() REPRESENTATION_CONTEXT('2D SPACE',''
  ) );
#12418 = PCURVE('',#11197,#12419);
#12419 = DEFINITIONAL_REPRESENTATION('',(#12420),#12424);
#12420 = LINE('',#12421,#12422);
#12421 = CARTESIAN_POINT('',(0.,0.));
#12422 = VECTOR('',#12423,1.);
#12423 = DIRECTION('',(0.,-1.));
#12424 = ( GEOMETRIC_REPRESENTATION_CONTEXT(2) 
PARAMETRIC_REPRESENTATION_CONTEXT() REPRESENTATION_CONTEXT('2D SPACE',''
  ) );
#12425 = ORIENTED_EDGE('',*,*,#11097,.F.);
#12426 = ORIENTED_EDGE('',*,*,#12427,.F.);
#12427 = EDGE_CURVE('',#12428,#11098,#12430,.T.);
#12428 = VERTEX_POINT('',#12429);
#12429 = CARTESIAN_POINT('',(-6.25,-16.75,13.11));
#12430 = SURFACE_CURVE('',#12431,(#12435,#12442),.PCURVE_S1.);
#12431 = LINE('',#12432,#12433);
#12432 = CARTESIAN_POINT('',(-6.25,-16.75,17.1));
#12433 = VECTOR('',#12434,1.);
#12434 = DIRECTION('',(-0.,-0.,-1.));
#12435 = PCURVE('',#11115,#12436);
#12436 = DEFINITIONAL_REPRESENTATION('',(#12437),#12441);
#12437 = LINE('',#12438,#12439);
#12438 = CARTESIAN_POINT('',(15.,-7.));
#12439 = VECTOR('',#12440,1.);
#12440 = DIRECTION('',(0.,1.));
#12441 = ( GEOMETRIC_REPRESENTATION_CONTEXT(2) 
PARAMETRIC_REPRESENTATION_CONTEXT() REPRESENTATION_CONTEXT('2D SPACE',''
  ) );
#12442 = PCURVE('',#11143,#12443);
#12443 = DEFINITIONAL_REPRESENTATION('',(#12444),#12448);
#12444 = LINE('',#12445,#12446);
#12445 = CARTESIAN_POINT('',(0.,0.));
#12446 = VECTOR('',#12447,1.);
#12447 = DIRECTION('',(0.,-1.));
#12448 = ( GEOMETRIC_REPRESENTATION_CONTEXT(2) 
PARAMETRIC_REPRESENTATION_CONTEXT() REPRESENTATION_CONTEXT('2D SPACE',''
  ) );
#12449 = ORIENTED_EDGE('',*,*,#12450,.T.);
#12450 = EDGE_CURVE('',#12428,#12404,#12451,.T.);
#12451 = SURFACE_CURVE('',#12452,(#12456,#12463),.PCURVE_S1.);
#12452 = LINE('',#12453,#12454);
#12453 = CARTESIAN_POINT('',(-6.25,-16.75,13.11));
#12454 = VECTOR('',#12455,1.);
#12455 = DIRECTION('',(0.,-1.,0.));
#12456 = PCURVE('',#11115,#12457);
#12457 = DEFINITIONAL_REPRESENTATION('',(#12458),#12462);
#12458 = LINE('',#12459,#12460);
#12459 = CARTESIAN_POINT('',(15.,-3.01));
#12460 = VECTOR('',#12461,1.);
#12461 = DIRECTION('',(1.,0.));
#12462 = ( GEOMETRIC_REPRESENTATION_CONTEXT(2) 
PARAMETRIC_REPRESENTATION_CONTEXT() REPRESENTATION_CONTEXT('2D SPACE',''
  ) );
#12463 = PCURVE('',#12464,#12469);
#12464 = CYLINDRICAL_SURFACE('',#12465,3.99);
#12465 = AXIS2_PLACEMENT_3D('',#12466,#12467,#12468);
#12466 = CARTESIAN_POINT('',(-2.26,-16.75,13.11));
#12467 = DIRECTION('',(0.,-1.,0.));
#12468 = DIRECTION('',(-1.,0.,0.));
#12469 = DEFINITIONAL_REPRESENTATION('',(#12470),#12474);
#12470 = LINE('',#12471,#12472);
#12471 = CARTESIAN_POINT('',(-0.,0.));
#12472 = VECTOR('',#12473,1.);
#12473 = DIRECTION('',(-0.,1.));
#12474 = ( GEOMETRIC_REPRESENTATION_CONTEXT(2) 
PARAMETRIC_REPRESENTATION_CONTEXT() REPRESENTATION_CONTEXT('2D SPACE',''
  ) );
#12475 = ADVANCED_FACE('',(#12476,#12586),#11143,.F.);
#12476 = FACE_BOUND('',#12477,.F.);
#12477 = EDGE_LOOP('',(#12478,#12479,#12480,#12503,#12532,#12560));
#12478 = ORIENTED_EDGE('',*,*,#12427,.T.);
#12479 = ORIENTED_EDGE('',*,*,#11127,.T.);
#12480 = ORIENTED_EDGE('',*,*,#12481,.F.);
#12481 = EDGE_CURVE('',#12482,#11128,#12484,.T.);
#12482 = VERTEX_POINT('',#12483);
#12483 = CARTESIAN_POINT('',(1.75,-16.75,13.11));
#12484 = SURFACE_CURVE('',#12485,(#12489,#12496),.PCURVE_S1.);
#12485 = LINE('',#12486,#12487);
#12486 = CARTESIAN_POINT('',(1.75,-16.75,17.1));
#12487 = VECTOR('',#12488,1.);
#12488 = DIRECTION('',(-0.,-0.,-1.));
#12489 = PCURVE('',#11143,#12490);
#12490 = DEFINITIONAL_REPRESENTATION('',(#12491),#12495);
#12491 = LINE('',#12492,#12493);
#12492 = CARTESIAN_POINT('',(8.,0.));
#12493 = VECTOR('',#12494,1.);
#12494 = DIRECTION('',(0.,-1.));
#12495 = ( GEOMETRIC_REPRESENTATION_CONTEXT(2) 
PARAMETRIC_REPRESENTATION_CONTEXT() REPRESENTATION_CONTEXT('2D SPACE',''
  ) );
#12496 = PCURVE('',#11171,#12497);
#12497 = DEFINITIONAL_REPRESENTATION('',(#12498),#12502);
#12498 = LINE('',#12499,#12500);
#12499 = CARTESIAN_POINT('',(4.,-7.));
#12500 = VECTOR('',#12501,1.);
#12501 = DIRECTION('',(0.,1.));
#12502 = ( GEOMETRIC_REPRESENTATION_CONTEXT(2) 
PARAMETRIC_REPRESENTATION_CONTEXT() REPRESENTATION_CONTEXT('2D SPACE',''
  ) );
#12503 = ORIENTED_EDGE('',*,*,#12504,.T.);
#12504 = EDGE_CURVE('',#12482,#12505,#12507,.T.);
#12505 = VERTEX_POINT('',#12506);
#12506 = CARTESIAN_POINT('',(-2.24,-16.75,17.1));
#12507 = SURFACE_CURVE('',#12508,(#12513,#12520),.PCURVE_S1.);
#12508 = CIRCLE('',#12509,3.99);
#12509 = AXIS2_PLACEMENT_3D('',#12510,#12511,#12512);
#12510 = CARTESIAN_POINT('',(-2.24,-16.75,13.11));
#12511 = DIRECTION('',(0.,-1.,0.));
#12512 = DIRECTION('',(0.,0.,1.));
#12513 = PCURVE('',#11143,#12514);
#12514 = DEFINITIONAL_REPRESENTATION('',(#12515),#12519);
#12515 = CIRCLE('',#12516,3.99);
#12516 = AXIS2_PLACEMENT_2D('',#12517,#12518);
#12517 = CARTESIAN_POINT('',(4.01,-3.99));
#12518 = DIRECTION('',(0.,1.));
#12519 = ( GEOMETRIC_REPRESENTATION_CONTEXT(2) 
PARAMETRIC_REPRESENTATION_CONTEXT() REPRESENTATION_CONTEXT('2D SPACE',''
  ) );
#12520 = PCURVE('',#12521,#12526);
#12521 = CYLINDRICAL_SURFACE('',#12522,3.99);
#12522 = AXIS2_PLACEMENT_3D('',#12523,#12524,#12525);
#12523 = CARTESIAN_POINT('',(-2.24,-20.75,13.11));
#12524 = DIRECTION('',(0.,1.,0.));
#12525 = DIRECTION('',(1.,0.,0.));
#12526 = DEFINITIONAL_REPRESENTATION('',(#12527),#12531);
#12527 = LINE('',#12528,#12529);
#12528 = CARTESIAN_POINT('',(4.712388980385,4.));
#12529 = VECTOR('',#12530,1.);
#12530 = DIRECTION('',(-1.,0.));
#12531 = ( GEOMETRIC_REPRESENTATION_CONTEXT(2) 
PARAMETRIC_REPRESENTATION_CONTEXT() REPRESENTATION_CONTEXT('2D SPACE',''
  ) );
#12532 = ORIENTED_EDGE('',*,*,#12533,.F.);
#12533 = EDGE_CURVE('',#12534,#12505,#12536,.T.);
#12534 = VERTEX_POINT('',#12535);
#12535 = CARTESIAN_POINT('',(-2.26,-16.75,17.1));
#12536 = SURFACE_CURVE('',#12537,(#12541,#12548),.PCURVE_S1.);
#12537 = LINE('',#12538,#12539);
#12538 = CARTESIAN_POINT('',(-6.25,-16.75,17.1));
#12539 = VECTOR('',#12540,1.);
#12540 = DIRECTION('',(1.,0.,0.));
#12541 = PCURVE('',#11143,#12542);
#12542 = DEFINITIONAL_REPRESENTATION('',(#12543),#12547);
#12543 = LINE('',#12544,#12545);
#12544 = CARTESIAN_POINT('',(0.,0.));
#12545 = VECTOR('',#12546,1.);
#12546 = DIRECTION('',(1.,0.));
#12547 = ( GEOMETRIC_REPRESENTATION_CONTEXT(2) 
PARAMETRIC_REPRESENTATION_CONTEXT() REPRESENTATION_CONTEXT('2D SPACE',''
  ) );
#12548 = PCURVE('',#12549,#12554);
#12549 = PLANE('',#12550);
#12550 = AXIS2_PLACEMENT_3D('',#12551,#12552,#12553);
#12551 = CARTESIAN_POINT('',(-2.25,-11.25,17.1));
#12552 = DIRECTION('',(0.,0.,1.));
#12553 = DIRECTION('',(1.,0.,0.));
#12554 = DEFINITIONAL_REPRESENTATION('',(#12555),#12559);
#12555 = LINE('',#12556,#12557);
#12556 = CARTESIAN_POINT('',(-4.,-5.5));
#12557 = VECTOR('',#12558,1.);
#12558 = DIRECTION('',(1.,0.));
#12559 = ( GEOMETRIC_REPRESENTATION_CONTEXT(2) 
PARAMETRIC_REPRESENTATION_CONTEXT() REPRESENTATION_CONTEXT('2D SPACE',''
  ) );
#12560 = ORIENTED_EDGE('',*,*,#12561,.F.);
#12561 = EDGE_CURVE('',#12428,#12534,#12562,.T.);
#12562 = SURFACE_CURVE('',#12563,(#12568,#12579),.PCURVE_S1.);
#12563 = CIRCLE('',#12564,3.99);
#12564 = AXIS2_PLACEMENT_3D('',#12565,#12566,#12567);
#12565 = CARTESIAN_POINT('',(-2.26,-16.75,13.11));
#12566 = DIRECTION('',(-0.,1.,0.));
#12567 = DIRECTION('',(0.,0.,-1.));
#12568 = PCURVE('',#11143,#12569);
#12569 = DEFINITIONAL_REPRESENTATION('',(#12570),#12578);
#12570 = ( BOUNDED_CURVE() B_SPLINE_CURVE(2,(#12571,#12572,#12573,#12574
    ,#12575,#12576,#12577),.UNSPECIFIED.,.T.,.F.) 
B_SPLINE_CURVE_WITH_KNOTS((1,2,2,2,2,1),(-2.094395102393,0.,
    2.094395102393,4.188790204786,6.28318530718,8.377580409573),
.UNSPECIFIED.) CURVE() GEOMETRIC_REPRESENTATION_ITEM() 
RATIONAL_B_SPLINE_CURVE((1.,0.5,1.,0.5,1.,0.5,1.)) REPRESENTATION_ITEM(
  '') );
#12571 = CARTESIAN_POINT('',(3.99,-7.98));
#12572 = CARTESIAN_POINT('',(-2.9208827222,-7.98));
#12573 = CARTESIAN_POINT('',(0.5345586389,-1.995));
#12574 = CARTESIAN_POINT('',(3.99,3.99));
#12575 = CARTESIAN_POINT('',(7.4454413611,-1.995));
#12576 = CARTESIAN_POINT('',(10.9008827222,-7.98));
#12577 = CARTESIAN_POINT('',(3.99,-7.98));
#12578 = ( GEOMETRIC_REPRESENTATION_CONTEXT(2) 
PARAMETRIC_REPRESENTATION_CONTEXT() REPRESENTATION_CONTEXT('2D SPACE',''
  ) );
#12579 = PCURVE('',#12464,#12580);
#12580 = DEFINITIONAL_REPRESENTATION('',(#12581),#12585);
#12581 = LINE('',#12582,#12583);
#12582 = CARTESIAN_POINT('',(1.570796326795,-0.));
#12583 = VECTOR('',#12584,1.);
#12584 = DIRECTION('',(-1.,0.));
#12585 = ( GEOMETRIC_REPRESENTATION_CONTEXT(2) 
PARAMETRIC_REPRESENTATION_CONTEXT() REPRESENTATION_CONTEXT('2D SPACE',''
  ) );
#12586 = FACE_BOUND('',#12587,.F.);
#12587 = EDGE_LOOP('',(#12588));
#12588 = ORIENTED_EDGE('',*,*,#12589,.F.);
#12589 = EDGE_CURVE('',#12590,#12590,#12592,.T.);
#12590 = VERTEX_POINT('',#12591);
#12591 = CARTESIAN_POINT('',(-0.259980370662,-16.75,13.6));
#12592 = SURFACE_CURVE('',#12593,(#12598,#12605),.PCURVE_S1.);
#12593 = CIRCLE('',#12594,2.);
#12594 = AXIS2_PLACEMENT_3D('',#12595,#12596,#12597);
#12595 = CARTESIAN_POINT('',(-2.259980370662,-16.75,13.6));
#12596 = DIRECTION('',(0.,-1.,0.));
#12597 = DIRECTION('',(1.,0.,0.));
#12598 = PCURVE('',#11143,#12599);
#12599 = DEFINITIONAL_REPRESENTATION('',(#12600),#12604);
#12600 = CIRCLE('',#12601,2.);
#12601 = AXIS2_PLACEMENT_2D('',#12602,#12603);
#12602 = CARTESIAN_POINT('',(3.990019629338,-3.5));
#12603 = DIRECTION('',(1.,0.));
#12604 = ( GEOMETRIC_REPRESENTATION_CONTEXT(2) 
PARAMETRIC_REPRESENTATION_CONTEXT() REPRESENTATION_CONTEXT('2D SPACE',''
  ) );
#12605 = PCURVE('',#12606,#12611);
#12606 = CYLINDRICAL_SURFACE('',#12607,2.);
#12607 = AXIS2_PLACEMENT_3D('',#12608,#12609,#12610);
#12608 = CARTESIAN_POINT('',(-2.259980370662,-20.75,13.6));
#12609 = DIRECTION('',(0.,-1.,2.2E-16));
#12610 = DIRECTION('',(1.,0.,0.));
#12611 = DEFINITIONAL_REPRESENTATION('',(#12612),#12616);
#12612 = LINE('',#12613,#12614);
#12613 = CARTESIAN_POINT('',(0.,-4.));
#12614 = VECTOR('',#12615,1.);
#12615 = DIRECTION('',(1.,0.));
#12616 = ( GEOMETRIC_REPRESENTATION_CONTEXT(2) 
PARAMETRIC_REPRESENTATION_CONTEXT() REPRESENTATION_CONTEXT('2D SPACE',''
  ) );
#12617 = ADVANCED_FACE('',(#12618,#12718),#11197,.F.);
#12618 = FACE_BOUND('',#12619,.F.);
#12619 = EDGE_LOOP('',(#12620,#12621,#12645,#12668,#12696,#12717));
#12620 = ORIENTED_EDGE('',*,*,#12403,.T.);
#12621 = ORIENTED_EDGE('',*,*,#12622,.T.);
#12622 = EDGE_CURVE('',#12404,#12623,#12625,.T.);
#12623 = VERTEX_POINT('',#12624);
#12624 = CARTESIAN_POINT('',(-2.26,-20.75,17.1));
#12625 = SURFACE_CURVE('',#12626,(#12631,#12638),.PCURVE_S1.);
#12626 = CIRCLE('',#12627,3.99);
#12627 = AXIS2_PLACEMENT_3D('',#12628,#12629,#12630);
#12628 = CARTESIAN_POINT('',(-2.26,-20.75,13.11));
#12629 = DIRECTION('',(-0.,1.,0.));
#12630 = DIRECTION('',(0.,0.,-1.));
#12631 = PCURVE('',#11197,#12632);
#12632 = DEFINITIONAL_REPRESENTATION('',(#12633),#12637);
#12633 = CIRCLE('',#12634,3.99);
#12634 = AXIS2_PLACEMENT_2D('',#12635,#12636);
#12635 = CARTESIAN_POINT('',(3.99,-3.01));
#12636 = DIRECTION('',(0.,1.));
#12637 = ( GEOMETRIC_REPRESENTATION_CONTEXT(2) 
PARAMETRIC_REPRESENTATION_CONTEXT() REPRESENTATION_CONTEXT('2D SPACE',''
  ) );
#12638 = PCURVE('',#12464,#12639);
#12639 = DEFINITIONAL_REPRESENTATION('',(#12640),#12644);
#12640 = LINE('',#12641,#12642);
#12641 = CARTESIAN_POINT('',(1.570796326795,4.));
#12642 = VECTOR('',#12643,1.);
#12643 = DIRECTION('',(-1.,0.));
#12644 = ( GEOMETRIC_REPRESENTATION_CONTEXT(2) 
PARAMETRIC_REPRESENTATION_CONTEXT() REPRESENTATION_CONTEXT('2D SPACE',''
  ) );
#12645 = ORIENTED_EDGE('',*,*,#12646,.T.);
#12646 = EDGE_CURVE('',#12623,#12647,#12649,.T.);
#12647 = VERTEX_POINT('',#12648);
#12648 = CARTESIAN_POINT('',(-2.24,-20.75,17.1));
#12649 = SURFACE_CURVE('',#12650,(#12654,#12661),.PCURVE_S1.);
#12650 = LINE('',#12651,#12652);
#12651 = CARTESIAN_POINT('',(-6.25,-20.75,17.1));
#12652 = VECTOR('',#12653,1.);
#12653 = DIRECTION('',(1.,0.,0.));
#12654 = PCURVE('',#11197,#12655);
#12655 = DEFINITIONAL_REPRESENTATION('',(#12656),#12660);
#12656 = LINE('',#12657,#12658);
#12657 = CARTESIAN_POINT('',(0.,-7.));
#12658 = VECTOR('',#12659,1.);
#12659 = DIRECTION('',(1.,0.));
#12660 = ( GEOMETRIC_REPRESENTATION_CONTEXT(2) 
PARAMETRIC_REPRESENTATION_CONTEXT() REPRESENTATION_CONTEXT('2D SPACE',''
  ) );
#12661 = PCURVE('',#12549,#12662);
#12662 = DEFINITIONAL_REPRESENTATION('',(#12663),#12667);
#12663 = LINE('',#12664,#12665);
#12664 = CARTESIAN_POINT('',(-4.,-9.5));
#12665 = VECTOR('',#12666,1.);
#12666 = DIRECTION('',(1.,0.));
#12667 = ( GEOMETRIC_REPRESENTATION_CONTEXT(2) 
PARAMETRIC_REPRESENTATION_CONTEXT() REPRESENTATION_CONTEXT('2D SPACE',''
  ) );
#12668 = ORIENTED_EDGE('',*,*,#12669,.F.);
#12669 = EDGE_CURVE('',#12670,#12647,#12672,.T.);
#12670 = VERTEX_POINT('',#12671);
#12671 = CARTESIAN_POINT('',(1.75,-20.75,13.11));
#12672 = SURFACE_CURVE('',#12673,(#12678,#12689),.PCURVE_S1.);
#12673 = CIRCLE('',#12674,3.99);
#12674 = AXIS2_PLACEMENT_3D('',#12675,#12676,#12677);
#12675 = CARTESIAN_POINT('',(-2.24,-20.75,13.11));
#12676 = DIRECTION('',(0.,-1.,0.));
#12677 = DIRECTION('',(0.,0.,1.));
#12678 = PCURVE('',#11197,#12679);
#12679 = DEFINITIONAL_REPRESENTATION('',(#12680),#12688);
#12680 = ( BOUNDED_CURVE() B_SPLINE_CURVE(2,(#12681,#12682,#12683,#12684
    ,#12685,#12686,#12687),.UNSPECIFIED.,.T.,.F.) 
B_SPLINE_CURVE_WITH_KNOTS((1,2,2,2,2,1),(-2.094395102393,0.,
    2.094395102393,4.188790204786,6.28318530718,8.377580409573),
.UNSPECIFIED.) CURVE() GEOMETRIC_REPRESENTATION_ITEM() 
RATIONAL_B_SPLINE_CURVE((1.,0.5,1.,0.5,1.,0.5,1.)) REPRESENTATION_ITEM(
  '') );
#12681 = CARTESIAN_POINT('',(4.01,-7.));
#12682 = CARTESIAN_POINT('',(-2.9008827222,-7.));
#12683 = CARTESIAN_POINT('',(0.5545586389,-1.015));
#12684 = CARTESIAN_POINT('',(4.01,4.97));
#12685 = CARTESIAN_POINT('',(7.4654413611,-1.015));
#12686 = CARTESIAN_POINT('',(10.9208827222,-7.));
#12687 = CARTESIAN_POINT('',(4.01,-7.));
#12688 = ( GEOMETRIC_REPRESENTATION_CONTEXT(2) 
PARAMETRIC_REPRESENTATION_CONTEXT() REPRESENTATION_CONTEXT('2D SPACE',''
  ) );
#12689 = PCURVE('',#12521,#12690);
#12690 = DEFINITIONAL_REPRESENTATION('',(#12691),#12695);
#12691 = LINE('',#12692,#12693);
#12692 = CARTESIAN_POINT('',(4.712388980385,-0.));
#12693 = VECTOR('',#12694,1.);
#12694 = DIRECTION('',(-1.,0.));
#12695 = ( GEOMETRIC_REPRESENTATION_CONTEXT(2) 
PARAMETRIC_REPRESENTATION_CONTEXT() REPRESENTATION_CONTEXT('2D SPACE',''
  ) );
#12696 = ORIENTED_EDGE('',*,*,#12697,.F.);
#12697 = EDGE_CURVE('',#11156,#12670,#12698,.T.);
#12698 = SURFACE_CURVE('',#12699,(#12703,#12710),.PCURVE_S1.);
#12699 = LINE('',#12700,#12701);
#12700 = CARTESIAN_POINT('',(1.75,-20.75,10.1));
#12701 = VECTOR('',#12702,1.);
#12702 = DIRECTION('',(0.,0.,1.));
#12703 = PCURVE('',#11197,#12704);
#12704 = DEFINITIONAL_REPRESENTATION('',(#12705),#12709);
#12705 = LINE('',#12706,#12707);
#12706 = CARTESIAN_POINT('',(8.,0.));
#12707 = VECTOR('',#12708,1.);
#12708 = DIRECTION('',(0.,-1.));
#12709 = ( GEOMETRIC_REPRESENTATION_CONTEXT(2) 
PARAMETRIC_REPRESENTATION_CONTEXT() REPRESENTATION_CONTEXT('2D SPACE',''
  ) );
#12710 = PCURVE('',#11171,#12711);
#12711 = DEFINITIONAL_REPRESENTATION('',(#12712),#12716);
#12712 = LINE('',#12713,#12714);
#12713 = CARTESIAN_POINT('',(0.,0.));
#12714 = VECTOR('',#12715,1.);
#12715 = DIRECTION('',(0.,-1.));
#12716 = ( GEOMETRIC_REPRESENTATION_CONTEXT(2) 
PARAMETRIC_REPRESENTATION_CONTEXT() REPRESENTATION_CONTEXT('2D SPACE',''
  ) );
#12717 = ORIENTED_EDGE('',*,*,#11183,.F.);
#12718 = FACE_BOUND('',#12719,.F.);
#12719 = EDGE_LOOP('',(#12720));
#12720 = ORIENTED_EDGE('',*,*,#12721,.T.);
#12721 = EDGE_CURVE('',#12722,#12722,#12724,.T.);
#12722 = VERTEX_POINT('',#12723);
#12723 = CARTESIAN_POINT('',(-0.259980370662,-20.75,13.6));
#12724 = SURFACE_CURVE('',#12725,(#12730,#12741),.PCURVE_S1.);
#12725 = CIRCLE('',#12726,2.);
#12726 = AXIS2_PLACEMENT_3D('',#12727,#12728,#12729);
#12727 = CARTESIAN_POINT('',(-2.259980370662,-20.75,13.6));
#12728 = DIRECTION('',(0.,-1.,0.));
#12729 = DIRECTION('',(1.,0.,0.));
#12730 = PCURVE('',#11197,#12731);
#12731 = DEFINITIONAL_REPRESENTATION('',(#12732),#12740);
#12732 = ( BOUNDED_CURVE() B_SPLINE_CURVE(2,(#12733,#12734,#12735,#12736
    ,#12737,#12738,#12739),.UNSPECIFIED.,.T.,.F.) 
B_SPLINE_CURVE_WITH_KNOTS((1,2,2,2,2,1),(-2.094395102393,0.,
    2.094395102393,4.188790204786,6.28318530718,8.377580409573),
.UNSPECIFIED.) CURVE() GEOMETRIC_REPRESENTATION_ITEM() 
RATIONAL_B_SPLINE_CURVE((1.,0.5,1.,0.5,1.,0.5,1.)) REPRESENTATION_ITEM(
  '') );
#12733 = CARTESIAN_POINT('',(5.990019629338,-3.5));
#12734 = CARTESIAN_POINT('',(5.990019629338,-6.964101615138));
#12735 = CARTESIAN_POINT('',(2.990019629338,-5.232050807569));
#12736 = CARTESIAN_POINT('',(-9.980370662142E-03,-3.5));
#12737 = CARTESIAN_POINT('',(2.990019629338,-1.767949192431));
#12738 = CARTESIAN_POINT('',(5.990019629338,-3.589838486225E-02));
#12739 = CARTESIAN_POINT('',(5.990019629338,-3.5));
#12740 = ( GEOMETRIC_REPRESENTATION_CONTEXT(2) 
PARAMETRIC_REPRESENTATION_CONTEXT() REPRESENTATION_CONTEXT('2D SPACE',''
  ) );
#12741 = PCURVE('',#12606,#12742);
#12742 = DEFINITIONAL_REPRESENTATION('',(#12743),#12747);
#12743 = LINE('',#12744,#12745);
#12744 = CARTESIAN_POINT('',(0.,0.));
#12745 = VECTOR('',#12746,1.);
#12746 = DIRECTION('',(1.,0.));
#12747 = ( GEOMETRIC_REPRESENTATION_CONTEXT(2) 
PARAMETRIC_REPRESENTATION_CONTEXT() REPRESENTATION_CONTEXT('2D SPACE',''
  ) );
#12748 = ADVANCED_FACE('',(#12749),#11171,.F.);
#12749 = FACE_BOUND('',#12750,.F.);
#12750 = EDGE_LOOP('',(#12751,#12752,#12753,#12754));
#12751 = ORIENTED_EDGE('',*,*,#12481,.T.);
#12752 = ORIENTED_EDGE('',*,*,#11155,.F.);
#12753 = ORIENTED_EDGE('',*,*,#12697,.T.);
#12754 = ORIENTED_EDGE('',*,*,#12755,.T.);
#12755 = EDGE_CURVE('',#12670,#12482,#12756,.T.);
#12756 = SURFACE_CURVE('',#12757,(#12761,#12768),.PCURVE_S1.);
#12757 = LINE('',#12758,#12759);
#12758 = CARTESIAN_POINT('',(1.75,-20.75,13.11));
#12759 = VECTOR('',#12760,1.);
#12760 = DIRECTION('',(0.,1.,0.));
#12761 = PCURVE('',#11171,#12762);
#12762 = DEFINITIONAL_REPRESENTATION('',(#12763),#12767);
#12763 = LINE('',#12764,#12765);
#12764 = CARTESIAN_POINT('',(0.,-3.01));
#12765 = VECTOR('',#12766,1.);
#12766 = DIRECTION('',(1.,0.));
#12767 = ( GEOMETRIC_REPRESENTATION_CONTEXT(2) 
PARAMETRIC_REPRESENTATION_CONTEXT() REPRESENTATION_CONTEXT('2D SPACE',''
  ) );
#12768 = PCURVE('',#12521,#12769);
#12769 = DEFINITIONAL_REPRESENTATION('',(#12770),#12774);
#12770 = LINE('',#12771,#12772);
#12771 = CARTESIAN_POINT('',(-0.,0.));
#12772 = VECTOR('',#12773,1.);
#12773 = DIRECTION('',(-0.,1.));
#12774 = ( GEOMETRIC_REPRESENTATION_CONTEXT(2) 
PARAMETRIC_REPRESENTATION_CONTEXT() REPRESENTATION_CONTEXT('2D SPACE',''
  ) );
#12775 = ADVANCED_FACE('',(#12776),#11229,.F.);
#12776 = FACE_BOUND('',#12777,.F.);
#12777 = EDGE_LOOP('',(#12778,#12801,#12802,#12825));
#12778 = ORIENTED_EDGE('',*,*,#12779,.T.);
#12779 = EDGE_CURVE('',#12780,#11214,#12782,.T.);
#12780 = VERTEX_POINT('',#12781);
#12781 = CARTESIAN_POINT('',(-6.25,-5.75,13.11));
#12782 = SURFACE_CURVE('',#12783,(#12787,#12794),.PCURVE_S1.);
#12783 = LINE('',#12784,#12785);
#12784 = CARTESIAN_POINT('',(-6.25,-5.75,17.1));
#12785 = VECTOR('',#12786,1.);
#12786 = DIRECTION('',(-0.,-0.,-1.));
#12787 = PCURVE('',#11229,#12788);
#12788 = DEFINITIONAL_REPRESENTATION('',(#12789),#12793);
#12789 = LINE('',#12790,#12791);
#12790 = CARTESIAN_POINT('',(4.,-7.));
#12791 = VECTOR('',#12792,1.);
#12792 = DIRECTION('',(0.,1.));
#12793 = ( GEOMETRIC_REPRESENTATION_CONTEXT(2) 
PARAMETRIC_REPRESENTATION_CONTEXT() REPRESENTATION_CONTEXT('2D SPACE',''
  ) );
#12794 = PCURVE('',#11311,#12795);
#12795 = DEFINITIONAL_REPRESENTATION('',(#12796),#12800);
#12796 = LINE('',#12797,#12798);
#12797 = CARTESIAN_POINT('',(8.,0.));
#12798 = VECTOR('',#12799,1.);
#12799 = DIRECTION('',(0.,-1.));
#12800 = ( GEOMETRIC_REPRESENTATION_CONTEXT(2) 
PARAMETRIC_REPRESENTATION_CONTEXT() REPRESENTATION_CONTEXT('2D SPACE',''
  ) );
#12801 = ORIENTED_EDGE('',*,*,#11211,.F.);
#12802 = ORIENTED_EDGE('',*,*,#12803,.T.);
#12803 = EDGE_CURVE('',#11212,#12804,#12806,.T.);
#12804 = VERTEX_POINT('',#12805);
#12805 = CARTESIAN_POINT('',(-6.25,-1.75,13.11));
#12806 = SURFACE_CURVE('',#12807,(#12811,#12818),.PCURVE_S1.);
#12807 = LINE('',#12808,#12809);
#12808 = CARTESIAN_POINT('',(-6.25,-1.75,10.1));
#12809 = VECTOR('',#12810,1.);
#12810 = DIRECTION('',(0.,0.,1.));
#12811 = PCURVE('',#11229,#12812);
#12812 = DEFINITIONAL_REPRESENTATION('',(#12813),#12817);
#12813 = LINE('',#12814,#12815);
#12814 = CARTESIAN_POINT('',(0.,0.));
#12815 = VECTOR('',#12816,1.);
#12816 = DIRECTION('',(0.,-1.));
#12817 = ( GEOMETRIC_REPRESENTATION_CONTEXT(2) 
PARAMETRIC_REPRESENTATION_CONTEXT() REPRESENTATION_CONTEXT('2D SPACE',''
  ) );
#12818 = PCURVE('',#11257,#12819);
#12819 = DEFINITIONAL_REPRESENTATION('',(#12820),#12824);
#12820 = LINE('',#12821,#12822);
#12821 = CARTESIAN_POINT('',(8.,0.));
#12822 = VECTOR('',#12823,1.);
#12823 = DIRECTION('',(0.,-1.));
#12824 = ( GEOMETRIC_REPRESENTATION_CONTEXT(2) 
PARAMETRIC_REPRESENTATION_CONTEXT() REPRESENTATION_CONTEXT('2D SPACE',''
  ) );
#12825 = ORIENTED_EDGE('',*,*,#12826,.T.);
#12826 = EDGE_CURVE('',#12804,#12780,#12827,.T.);
#12827 = SURFACE_CURVE('',#12828,(#12832,#12839),.PCURVE_S1.);
#12828 = LINE('',#12829,#12830);
#12829 = CARTESIAN_POINT('',(-6.25,-1.75,13.11));
#12830 = VECTOR('',#12831,1.);
#12831 = DIRECTION('',(0.,-1.,0.));
#12832 = PCURVE('',#11229,#12833);
#12833 = DEFINITIONAL_REPRESENTATION('',(#12834),#12838);
#12834 = LINE('',#12835,#12836);
#12835 = CARTESIAN_POINT('',(0.,-3.01));
#12836 = VECTOR('',#12837,1.);
#12837 = DIRECTION('',(1.,0.));
#12838 = ( GEOMETRIC_REPRESENTATION_CONTEXT(2) 
PARAMETRIC_REPRESENTATION_CONTEXT() REPRESENTATION_CONTEXT('2D SPACE',''
  ) );
#12839 = PCURVE('',#12840,#12845);
#12840 = CYLINDRICAL_SURFACE('',#12841,3.99);
#12841 = AXIS2_PLACEMENT_3D('',#12842,#12843,#12844);
#12842 = CARTESIAN_POINT('',(-2.26,-1.75,13.11));
#12843 = DIRECTION('',(0.,-1.,0.));
#12844 = DIRECTION('',(-1.,0.,0.));
#12845 = DEFINITIONAL_REPRESENTATION('',(#12846),#12850);
#12846 = LINE('',#12847,#12848);
#12847 = CARTESIAN_POINT('',(-0.,0.));
#12848 = VECTOR('',#12849,1.);
#12849 = DIRECTION('',(-0.,1.));
#12850 = ( GEOMETRIC_REPRESENTATION_CONTEXT(2) 
PARAMETRIC_REPRESENTATION_CONTEXT() REPRESENTATION_CONTEXT('2D SPACE',''
  ) );
#12851 = ADVANCED_FACE('',(#12852,#12962),#11257,.F.);
#12852 = FACE_BOUND('',#12853,.F.);
#12853 = EDGE_LOOP('',(#12854,#12877,#12906,#12934,#12960,#12961));
#12854 = ORIENTED_EDGE('',*,*,#12855,.T.);
#12855 = EDGE_CURVE('',#11242,#12856,#12858,.T.);
#12856 = VERTEX_POINT('',#12857);
#12857 = CARTESIAN_POINT('',(1.75,-1.75,13.11));
#12858 = SURFACE_CURVE('',#12859,(#12863,#12870),.PCURVE_S1.);
#12859 = LINE('',#12860,#12861);
#12860 = CARTESIAN_POINT('',(1.75,-1.75,10.1));
#12861 = VECTOR('',#12862,1.);
#12862 = DIRECTION('',(0.,0.,1.));
#12863 = PCURVE('',#11257,#12864);
#12864 = DEFINITIONAL_REPRESENTATION('',(#12865),#12869);
#12865 = LINE('',#12866,#12867);
#12866 = CARTESIAN_POINT('',(0.,-0.));
#12867 = VECTOR('',#12868,1.);
#12868 = DIRECTION('',(0.,-1.));
#12869 = ( GEOMETRIC_REPRESENTATION_CONTEXT(2) 
PARAMETRIC_REPRESENTATION_CONTEXT() REPRESENTATION_CONTEXT('2D SPACE',''
  ) );
#12870 = PCURVE('',#11285,#12871);
#12871 = DEFINITIONAL_REPRESENTATION('',(#12872),#12876);
#12872 = LINE('',#12873,#12874);
#12873 = CARTESIAN_POINT('',(19.,0.));
#12874 = VECTOR('',#12875,1.);
#12875 = DIRECTION('',(0.,-1.));
#12876 = ( GEOMETRIC_REPRESENTATION_CONTEXT(2) 
PARAMETRIC_REPRESENTATION_CONTEXT() REPRESENTATION_CONTEXT('2D SPACE',''
  ) );
#12877 = ORIENTED_EDGE('',*,*,#12878,.T.);
#12878 = EDGE_CURVE('',#12856,#12879,#12881,.T.);
#12879 = VERTEX_POINT('',#12880);
#12880 = CARTESIAN_POINT('',(-2.24,-1.75,17.1));
#12881 = SURFACE_CURVE('',#12882,(#12887,#12894),.PCURVE_S1.);
#12882 = CIRCLE('',#12883,3.99);
#12883 = AXIS2_PLACEMENT_3D('',#12884,#12885,#12886);
#12884 = CARTESIAN_POINT('',(-2.24,-1.75,13.11));
#12885 = DIRECTION('',(0.,-1.,0.));
#12886 = DIRECTION('',(0.,0.,1.));
#12887 = PCURVE('',#11257,#12888);
#12888 = DEFINITIONAL_REPRESENTATION('',(#12889),#12893);
#12889 = CIRCLE('',#12890,3.99);
#12890 = AXIS2_PLACEMENT_2D('',#12891,#12892);
#12891 = CARTESIAN_POINT('',(3.99,-3.01));
#12892 = DIRECTION('',(0.,-1.));
#12893 = ( GEOMETRIC_REPRESENTATION_CONTEXT(2) 
PARAMETRIC_REPRESENTATION_CONTEXT() REPRESENTATION_CONTEXT('2D SPACE',''
  ) );
#12894 = PCURVE('',#12895,#12900);
#12895 = CYLINDRICAL_SURFACE('',#12896,3.99);
#12896 = AXIS2_PLACEMENT_3D('',#12897,#12898,#12899);
#12897 = CARTESIAN_POINT('',(-2.24,-5.75,13.11));
#12898 = DIRECTION('',(0.,1.,0.));
#12899 = DIRECTION('',(1.,0.,0.));
#12900 = DEFINITIONAL_REPRESENTATION('',(#12901),#12905);
#12901 = LINE('',#12902,#12903);
#12902 = CARTESIAN_POINT('',(4.712388980385,4.));
#12903 = VECTOR('',#12904,1.);
#12904 = DIRECTION('',(-1.,0.));
#12905 = ( GEOMETRIC_REPRESENTATION_CONTEXT(2) 
PARAMETRIC_REPRESENTATION_CONTEXT() REPRESENTATION_CONTEXT('2D SPACE',''
  ) );
#12906 = ORIENTED_EDGE('',*,*,#12907,.T.);
#12907 = EDGE_CURVE('',#12879,#12908,#12910,.T.);
#12908 = VERTEX_POINT('',#12909);
#12909 = CARTESIAN_POINT('',(-2.26,-1.75,17.1));
#12910 = SURFACE_CURVE('',#12911,(#12915,#12922),.PCURVE_S1.);
#12911 = LINE('',#12912,#12913);
#12912 = CARTESIAN_POINT('',(1.75,-1.75,17.1));
#12913 = VECTOR('',#12914,1.);
#12914 = DIRECTION('',(-1.,0.,0.));
#12915 = PCURVE('',#11257,#12916);
#12916 = DEFINITIONAL_REPRESENTATION('',(#12917),#12921);
#12917 = LINE('',#12918,#12919);
#12918 = CARTESIAN_POINT('',(0.,-7.));
#12919 = VECTOR('',#12920,1.);
#12920 = DIRECTION('',(1.,0.));
#12921 = ( GEOMETRIC_REPRESENTATION_CONTEXT(2) 
PARAMETRIC_REPRESENTATION_CONTEXT() REPRESENTATION_CONTEXT('2D SPACE',''
  ) );
#12922 = PCURVE('',#12923,#12928);
#12923 = PLANE('',#12924);
#12924 = AXIS2_PLACEMENT_3D('',#12925,#12926,#12927);
#12925 = CARTESIAN_POINT('',(-2.25,-11.25,17.1));
#12926 = DIRECTION('',(0.,0.,1.));
#12927 = DIRECTION('',(1.,0.,0.));
#12928 = DEFINITIONAL_REPRESENTATION('',(#12929),#12933);
#12929 = LINE('',#12930,#12931);
#12930 = CARTESIAN_POINT('',(4.,9.5));
#12931 = VECTOR('',#12932,1.);
#12932 = DIRECTION('',(-1.,0.));
#12933 = ( GEOMETRIC_REPRESENTATION_CONTEXT(2) 
PARAMETRIC_REPRESENTATION_CONTEXT() REPRESENTATION_CONTEXT('2D SPACE',''
  ) );
#12934 = ORIENTED_EDGE('',*,*,#12935,.F.);
#12935 = EDGE_CURVE('',#12804,#12908,#12936,.T.);
#12936 = SURFACE_CURVE('',#12937,(#12942,#12953),.PCURVE_S1.);
#12937 = CIRCLE('',#12938,3.99);
#12938 = AXIS2_PLACEMENT_3D('',#12939,#12940,#12941);
#12939 = CARTESIAN_POINT('',(-2.26,-1.75,13.11));
#12940 = DIRECTION('',(-0.,1.,0.));
#12941 = DIRECTION('',(0.,0.,-1.));
#12942 = PCURVE('',#11257,#12943);
#12943 = DEFINITIONAL_REPRESENTATION('',(#12944),#12952);
#12944 = ( BOUNDED_CURVE() B_SPLINE_CURVE(2,(#12945,#12946,#12947,#12948
    ,#12949,#12950,#12951),.UNSPECIFIED.,.T.,.F.) 
B_SPLINE_CURVE_WITH_KNOTS((1,2,2,2,2,1),(-2.094395102393,0.,
    2.094395102393,4.188790204786,6.28318530718,8.377580409573),
.UNSPECIFIED.) CURVE() GEOMETRIC_REPRESENTATION_ITEM() 
RATIONAL_B_SPLINE_CURVE((1.,0.5,1.,0.5,1.,0.5,1.)) REPRESENTATION_ITEM(
  '') );
#12945 = CARTESIAN_POINT('',(4.01,0.98));
#12946 = CARTESIAN_POINT('',(10.9208827222,0.98));
#12947 = CARTESIAN_POINT('',(7.4654413611,-5.005));
#12948 = CARTESIAN_POINT('',(4.01,-10.99));
#12949 = CARTESIAN_POINT('',(0.5545586389,-5.005));
#12950 = CARTESIAN_POINT('',(-2.9008827222,0.98));
#12951 = CARTESIAN_POINT('',(4.01,0.98));
#12952 = ( GEOMETRIC_REPRESENTATION_CONTEXT(2) 
PARAMETRIC_REPRESENTATION_CONTEXT() REPRESENTATION_CONTEXT('2D SPACE',''
  ) );
#12953 = PCURVE('',#12840,#12954);
#12954 = DEFINITIONAL_REPRESENTATION('',(#12955),#12959);
#12955 = LINE('',#12956,#12957);
#12956 = CARTESIAN_POINT('',(1.570796326795,-0.));
#12957 = VECTOR('',#12958,1.);
#12958 = DIRECTION('',(-1.,0.));
#12959 = ( GEOMETRIC_REPRESENTATION_CONTEXT(2) 
PARAMETRIC_REPRESENTATION_CONTEXT() REPRESENTATION_CONTEXT('2D SPACE',''
  ) );
#12960 = ORIENTED_EDGE('',*,*,#12803,.F.);
#12961 = ORIENTED_EDGE('',*,*,#11241,.F.);
#12962 = FACE_BOUND('',#12963,.F.);
#12963 = EDGE_LOOP('',(#12964));
#12964 = ORIENTED_EDGE('',*,*,#12965,.T.);
#12965 = EDGE_CURVE('',#12966,#12966,#12968,.T.);
#12966 = VERTEX_POINT('',#12967);
#12967 = CARTESIAN_POINT('',(-4.240022376034,-1.75,13.6));
#12968 = SURFACE_CURVE('',#12969,(#12974,#12985),.PCURVE_S1.);
#12969 = CIRCLE('',#12970,2.);
#12970 = AXIS2_PLACEMENT_3D('',#12971,#12972,#12973);
#12971 = CARTESIAN_POINT('',(-2.240022376034,-1.75,13.6));
#12972 = DIRECTION('',(0.,1.,-0.));
#12973 = DIRECTION('',(-1.,0.,0.));
#12974 = PCURVE('',#11257,#12975);
#12975 = DEFINITIONAL_REPRESENTATION('',(#12976),#12984);
#12976 = ( BOUNDED_CURVE() B_SPLINE_CURVE(2,(#12977,#12978,#12979,#12980
    ,#12981,#12982,#12983),.UNSPECIFIED.,.T.,.F.) 
B_SPLINE_CURVE_WITH_KNOTS((1,2,2,2,2,1),(-2.094395102393,0.,
    2.094395102393,4.188790204786,6.28318530718,8.377580409573),
.UNSPECIFIED.) CURVE() GEOMETRIC_REPRESENTATION_ITEM() 
RATIONAL_B_SPLINE_CURVE((1.,0.5,1.,0.5,1.,0.5,1.)) REPRESENTATION_ITEM(
  '') );
#12977 = CARTESIAN_POINT('',(5.990022376034,-3.5));
#12978 = CARTESIAN_POINT('',(5.990022376034,-6.964101615138));
#12979 = CARTESIAN_POINT('',(2.990022376034,-5.232050807569));
#12980 = CARTESIAN_POINT('',(-9.977623966071E-03,-3.5));
#12981 = CARTESIAN_POINT('',(2.990022376034,-1.767949192431));
#12982 = CARTESIAN_POINT('',(5.990022376034,-3.589838486225E-02));
#12983 = CARTESIAN_POINT('',(5.990022376034,-3.5));
#12984 = ( GEOMETRIC_REPRESENTATION_CONTEXT(2) 
PARAMETRIC_REPRESENTATION_CONTEXT() REPRESENTATION_CONTEXT('2D SPACE',''
  ) );
#12985 = PCURVE('',#12986,#12991);
#12986 = CYLINDRICAL_SURFACE('',#12987,2.);
#12987 = AXIS2_PLACEMENT_3D('',#12988,#12989,#12990);
#12988 = CARTESIAN_POINT('',(-2.240022376034,-1.75,13.6));
#12989 = DIRECTION('',(0.,1.,-2.2E-16));
#12990 = DIRECTION('',(-1.,0.,0.));
#12991 = DEFINITIONAL_REPRESENTATION('',(#12992),#12996);
#12992 = LINE('',#12993,#12994);
#12993 = CARTESIAN_POINT('',(0.,0.));
#12994 = VECTOR('',#12995,1.);
#12995 = DIRECTION('',(1.,0.));
#12996 = ( GEOMETRIC_REPRESENTATION_CONTEXT(2) 
PARAMETRIC_REPRESENTATION_CONTEXT() REPRESENTATION_CONTEXT('2D SPACE',''
  ) );
#12997 = ADVANCED_FACE('',(#12998,#13098),#11311,.F.);
#12998 = FACE_BOUND('',#12999,.F.);
#12999 = EDGE_LOOP('',(#13000,#13023,#13024,#13025,#13049,#13072));
#13000 = ORIENTED_EDGE('',*,*,#13001,.T.);
#13001 = EDGE_CURVE('',#13002,#11270,#13004,.T.);
#13002 = VERTEX_POINT('',#13003);
#13003 = CARTESIAN_POINT('',(1.75,-5.75,13.11));
#13004 = SURFACE_CURVE('',#13005,(#13009,#13016),.PCURVE_S1.);
#13005 = LINE('',#13006,#13007);
#13006 = CARTESIAN_POINT('',(1.75,-5.75,17.1));
#13007 = VECTOR('',#13008,1.);
#13008 = DIRECTION('',(-0.,-0.,-1.));
#13009 = PCURVE('',#11311,#13010);
#13010 = DEFINITIONAL_REPRESENTATION('',(#13011),#13015);
#13011 = LINE('',#13012,#13013);
#13012 = CARTESIAN_POINT('',(0.,0.));
#13013 = VECTOR('',#13014,1.);
#13014 = DIRECTION('',(0.,-1.));
#13015 = ( GEOMETRIC_REPRESENTATION_CONTEXT(2) 
PARAMETRIC_REPRESENTATION_CONTEXT() REPRESENTATION_CONTEXT('2D SPACE',''
  ) );
#13016 = PCURVE('',#11285,#13017);
#13017 = DEFINITIONAL_REPRESENTATION('',(#13018),#13022);
#13018 = LINE('',#13019,#13020);
#13019 = CARTESIAN_POINT('',(15.,-7.));
#13020 = VECTOR('',#13021,1.);
#13021 = DIRECTION('',(0.,1.));
#13022 = ( GEOMETRIC_REPRESENTATION_CONTEXT(2) 
PARAMETRIC_REPRESENTATION_CONTEXT() REPRESENTATION_CONTEXT('2D SPACE',''
  ) );
#13023 = ORIENTED_EDGE('',*,*,#11297,.T.);
#13024 = ORIENTED_EDGE('',*,*,#12779,.F.);
#13025 = ORIENTED_EDGE('',*,*,#13026,.T.);
#13026 = EDGE_CURVE('',#12780,#13027,#13029,.T.);
#13027 = VERTEX_POINT('',#13028);
#13028 = CARTESIAN_POINT('',(-2.26,-5.75,17.1));
#13029 = SURFACE_CURVE('',#13030,(#13035,#13042),.PCURVE_S1.);
#13030 = CIRCLE('',#13031,3.99);
#13031 = AXIS2_PLACEMENT_3D('',#13032,#13033,#13034);
#13032 = CARTESIAN_POINT('',(-2.26,-5.75,13.11));
#13033 = DIRECTION('',(-0.,1.,0.));
#13034 = DIRECTION('',(0.,0.,-1.));
#13035 = PCURVE('',#11311,#13036);
#13036 = DEFINITIONAL_REPRESENTATION('',(#13037),#13041);
#13037 = CIRCLE('',#13038,3.99);
#13038 = AXIS2_PLACEMENT_2D('',#13039,#13040);
#13039 = CARTESIAN_POINT('',(4.01,-3.99));
#13040 = DIRECTION('',(0.,-1.));
#13041 = ( GEOMETRIC_REPRESENTATION_CONTEXT(2) 
PARAMETRIC_REPRESENTATION_CONTEXT() REPRESENTATION_CONTEXT('2D SPACE',''
  ) );
#13042 = PCURVE('',#12840,#13043);
#13043 = DEFINITIONAL_REPRESENTATION('',(#13044),#13048);
#13044 = LINE('',#13045,#13046);
#13045 = CARTESIAN_POINT('',(1.570796326795,4.));
#13046 = VECTOR('',#13047,1.);
#13047 = DIRECTION('',(-1.,0.));
#13048 = ( GEOMETRIC_REPRESENTATION_CONTEXT(2) 
PARAMETRIC_REPRESENTATION_CONTEXT() REPRESENTATION_CONTEXT('2D SPACE',''
  ) );
#13049 = ORIENTED_EDGE('',*,*,#13050,.F.);
#13050 = EDGE_CURVE('',#13051,#13027,#13053,.T.);
#13051 = VERTEX_POINT('',#13052);
#13052 = CARTESIAN_POINT('',(-2.24,-5.75,17.1));
#13053 = SURFACE_CURVE('',#13054,(#13058,#13065),.PCURVE_S1.);
#13054 = LINE('',#13055,#13056);
#13055 = CARTESIAN_POINT('',(1.75,-5.75,17.1));
#13056 = VECTOR('',#13057,1.);
#13057 = DIRECTION('',(-1.,0.,0.));
#13058 = PCURVE('',#11311,#13059);
#13059 = DEFINITIONAL_REPRESENTATION('',(#13060),#13064);
#13060 = LINE('',#13061,#13062);
#13061 = CARTESIAN_POINT('',(0.,0.));
#13062 = VECTOR('',#13063,1.);
#13063 = DIRECTION('',(1.,0.));
#13064 = ( GEOMETRIC_REPRESENTATION_CONTEXT(2) 
PARAMETRIC_REPRESENTATION_CONTEXT() REPRESENTATION_CONTEXT('2D SPACE',''
  ) );
#13065 = PCURVE('',#12923,#13066);
#13066 = DEFINITIONAL_REPRESENTATION('',(#13067),#13071);
#13067 = LINE('',#13068,#13069);
#13068 = CARTESIAN_POINT('',(4.,5.5));
#13069 = VECTOR('',#13070,1.);
#13070 = DIRECTION('',(-1.,0.));
#13071 = ( GEOMETRIC_REPRESENTATION_CONTEXT(2) 
PARAMETRIC_REPRESENTATION_CONTEXT() REPRESENTATION_CONTEXT('2D SPACE',''
  ) );
#13072 = ORIENTED_EDGE('',*,*,#13073,.F.);
#13073 = EDGE_CURVE('',#13002,#13051,#13074,.T.);
#13074 = SURFACE_CURVE('',#13075,(#13080,#13091),.PCURVE_S1.);
#13075 = CIRCLE('',#13076,3.99);
#13076 = AXIS2_PLACEMENT_3D('',#13077,#13078,#13079);
#13077 = CARTESIAN_POINT('',(-2.24,-5.75,13.11));
#13078 = DIRECTION('',(0.,-1.,0.));
#13079 = DIRECTION('',(0.,0.,1.));
#13080 = PCURVE('',#11311,#13081);
#13081 = DEFINITIONAL_REPRESENTATION('',(#13082),#13090);
#13082 = ( BOUNDED_CURVE() B_SPLINE_CURVE(2,(#13083,#13084,#13085,#13086
    ,#13087,#13088,#13089),.UNSPECIFIED.,.T.,.F.) 
B_SPLINE_CURVE_WITH_KNOTS((1,2,2,2,2,1),(-2.094395102393,0.,
    2.094395102393,4.188790204786,6.28318530718,8.377580409573),
.UNSPECIFIED.) CURVE() GEOMETRIC_REPRESENTATION_ITEM() 
RATIONAL_B_SPLINE_CURVE((1.,0.5,1.,0.5,1.,0.5,1.)) REPRESENTATION_ITEM(
  '') );
#13083 = CARTESIAN_POINT('',(3.99,0.));
#13084 = CARTESIAN_POINT('',(10.9008827222,0.));
#13085 = CARTESIAN_POINT('',(7.4454413611,-5.985));
#13086 = CARTESIAN_POINT('',(3.99,-11.97));
#13087 = CARTESIAN_POINT('',(0.5345586389,-5.985));
#13088 = CARTESIAN_POINT('',(-2.9208827222,-6.217248937901E-15));
#13089 = CARTESIAN_POINT('',(3.99,0.));
#13090 = ( GEOMETRIC_REPRESENTATION_CONTEXT(2) 
PARAMETRIC_REPRESENTATION_CONTEXT() REPRESENTATION_CONTEXT('2D SPACE',''
  ) );
#13091 = PCURVE('',#12895,#13092);
#13092 = DEFINITIONAL_REPRESENTATION('',(#13093),#13097);
#13093 = LINE('',#13094,#13095);
#13094 = CARTESIAN_POINT('',(4.712388980385,8.9E-16));
#13095 = VECTOR('',#13096,1.);
#13096 = DIRECTION('',(-1.,0.));
#13097 = ( GEOMETRIC_REPRESENTATION_CONTEXT(2) 
PARAMETRIC_REPRESENTATION_CONTEXT() REPRESENTATION_CONTEXT('2D SPACE',''
  ) );
#13098 = FACE_BOUND('',#13099,.F.);
#13099 = EDGE_LOOP('',(#13100));
#13100 = ORIENTED_EDGE('',*,*,#13101,.F.);
#13101 = EDGE_CURVE('',#13102,#13102,#13104,.T.);
#13102 = VERTEX_POINT('',#13103);
#13103 = CARTESIAN_POINT('',(-4.240022376034,-5.75,13.6));
#13104 = SURFACE_CURVE('',#13105,(#13110,#13117),.PCURVE_S1.);
#13105 = CIRCLE('',#13106,2.);
#13106 = AXIS2_PLACEMENT_3D('',#13107,#13108,#13109);
#13107 = CARTESIAN_POINT('',(-2.240022376034,-5.75,13.6));
#13108 = DIRECTION('',(0.,1.,-0.));
#13109 = DIRECTION('',(-1.,0.,0.));
#13110 = PCURVE('',#11311,#13111);
#13111 = DEFINITIONAL_REPRESENTATION('',(#13112),#13116);
#13112 = CIRCLE('',#13113,2.);
#13113 = AXIS2_PLACEMENT_2D('',#13114,#13115);
#13114 = CARTESIAN_POINT('',(3.990022376034,-3.5));
#13115 = DIRECTION('',(1.,0.));
#13116 = ( GEOMETRIC_REPRESENTATION_CONTEXT(2) 
PARAMETRIC_REPRESENTATION_CONTEXT() REPRESENTATION_CONTEXT('2D SPACE',''
  ) );
#13117 = PCURVE('',#12986,#13118);
#13118 = DEFINITIONAL_REPRESENTATION('',(#13119),#13123);
#13119 = LINE('',#13120,#13121);
#13120 = CARTESIAN_POINT('',(0.,-4.));
#13121 = VECTOR('',#13122,1.);
#13122 = DIRECTION('',(1.,0.));
#13123 = ( GEOMETRIC_REPRESENTATION_CONTEXT(2) 
PARAMETRIC_REPRESENTATION_CONTEXT() REPRESENTATION_CONTEXT('2D SPACE',''
  ) );
#13124 = ADVANCED_FACE('',(#13125),#11285,.F.);
#13125 = FACE_BOUND('',#13126,.F.);
#13126 = EDGE_LOOP('',(#13127,#13128,#13129,#13130));
#13127 = ORIENTED_EDGE('',*,*,#12855,.F.);
#13128 = ORIENTED_EDGE('',*,*,#11269,.F.);
#13129 = ORIENTED_EDGE('',*,*,#13001,.F.);
#13130 = ORIENTED_EDGE('',*,*,#13131,.T.);
#13131 = EDGE_CURVE('',#13002,#12856,#13132,.T.);
#13132 = SURFACE_CURVE('',#13133,(#13137,#13144),.PCURVE_S1.);
#13133 = LINE('',#13134,#13135);
#13134 = CARTESIAN_POINT('',(1.75,-5.75,13.11));
#13135 = VECTOR('',#13136,1.);
#13136 = DIRECTION('',(0.,1.,0.));
#13137 = PCURVE('',#11285,#13138);
#13138 = DEFINITIONAL_REPRESENTATION('',(#13139),#13143);
#13139 = LINE('',#13140,#13141);
#13140 = CARTESIAN_POINT('',(15.,-3.01));
#13141 = VECTOR('',#13142,1.);
#13142 = DIRECTION('',(1.,0.));
#13143 = ( GEOMETRIC_REPRESENTATION_CONTEXT(2) 
PARAMETRIC_REPRESENTATION_CONTEXT() REPRESENTATION_CONTEXT('2D SPACE',''
  ) );
#13144 = PCURVE('',#12895,#13145);
#13145 = DEFINITIONAL_REPRESENTATION('',(#13146),#13150);
#13146 = LINE('',#13147,#13148);
#13147 = CARTESIAN_POINT('',(-0.,0.));
#13148 = VECTOR('',#13149,1.);
#13149 = DIRECTION('',(-0.,1.));
#13150 = ( GEOMETRIC_REPRESENTATION_CONTEXT(2) 
PARAMETRIC_REPRESENTATION_CONTEXT() REPRESENTATION_CONTEXT('2D SPACE',''
  ) );
#13151 = ADVANCED_FACE('',(#13152,#13227),#11914,.F.);
#13152 = FACE_BOUND('',#13153,.F.);
#13153 = EDGE_LOOP('',(#13154,#13177,#13205,#13226));
#13154 = ORIENTED_EDGE('',*,*,#13155,.F.);
#13155 = EDGE_CURVE('',#13156,#11899,#13158,.T.);
#13156 = VERTEX_POINT('',#13157);
#13157 = CARTESIAN_POINT('',(-11.45,7.15,-6.1));
#13158 = SURFACE_CURVE('',#13159,(#13163,#13170),.PCURVE_S1.);
#13159 = LINE('',#13160,#13161);
#13160 = CARTESIAN_POINT('',(-11.25,7.15,-6.1));
#13161 = VECTOR('',#13162,1.);
#13162 = DIRECTION('',(-1.,0.,0.));
#13163 = PCURVE('',#11914,#13164);
#13164 = DEFINITIONAL_REPRESENTATION('',(#13165),#13169);
#13165 = LINE('',#13166,#13167);
#13166 = CARTESIAN_POINT('',(0.,-0.));
#13167 = VECTOR('',#13168,1.);
#13168 = DIRECTION('',(1.,0.));
#13169 = ( GEOMETRIC_REPRESENTATION_CONTEXT(2) 
PARAMETRIC_REPRESENTATION_CONTEXT() REPRESENTATION_CONTEXT('2D SPACE',''
  ) );
#13170 = PCURVE('',#10170,#13171);
#13171 = DEFINITIONAL_REPRESENTATION('',(#13172),#13176);
#13172 = LINE('',#13173,#13174);
#13173 = CARTESIAN_POINT('',(-7.138785046729,18.4));
#13174 = VECTOR('',#13175,1.);
#13175 = DIRECTION('',(-1.,0.));
#13176 = ( GEOMETRIC_REPRESENTATION_CONTEXT(2) 
PARAMETRIC_REPRESENTATION_CONTEXT() REPRESENTATION_CONTEXT('2D SPACE',''
  ) );
#13177 = ORIENTED_EDGE('',*,*,#13178,.T.);
#13178 = EDGE_CURVE('',#13156,#13179,#13181,.T.);
#13179 = VERTEX_POINT('',#13180);
#13180 = CARTESIAN_POINT('',(-11.45,7.15,6.1));
#13181 = SURFACE_CURVE('',#13182,(#13186,#13193),.PCURVE_S1.);
#13182 = LINE('',#13183,#13184);
#13183 = CARTESIAN_POINT('',(-11.45,7.15,-6.1));
#13184 = VECTOR('',#13185,1.);
#13185 = DIRECTION('',(0.,0.,1.));
#13186 = PCURVE('',#11914,#13187);
#13187 = DEFINITIONAL_REPRESENTATION('',(#13188),#13192);
#13188 = LINE('',#13189,#13190);
#13189 = CARTESIAN_POINT('',(0.2,0.));
#13190 = VECTOR('',#13191,1.);
#13191 = DIRECTION('',(0.,-1.));
#13192 = ( GEOMETRIC_REPRESENTATION_CONTEXT(2) 
PARAMETRIC_REPRESENTATION_CONTEXT() REPRESENTATION_CONTEXT('2D SPACE',''
  ) );
#13193 = PCURVE('',#13194,#13199);
#13194 = PLANE('',#13195);
#13195 = AXIS2_PLACEMENT_3D('',#13196,#13197,#13198);
#13196 = CARTESIAN_POINT('',(-11.45,-11.25,-8.2E-16));
#13197 = DIRECTION('',(1.,0.,0.));
#13198 = DIRECTION('',(0.,0.,1.));
#13199 = DEFINITIONAL_REPRESENTATION('',(#13200),#13204);
#13200 = LINE('',#13201,#13202);
#13201 = CARTESIAN_POINT('',(-6.1,-18.4));
#13202 = VECTOR('',#13203,1.);
#13203 = DIRECTION('',(1.,0.));
#13204 = ( GEOMETRIC_REPRESENTATION_CONTEXT(2) 
PARAMETRIC_REPRESENTATION_CONTEXT() REPRESENTATION_CONTEXT('2D SPACE',''
  ) );
#13205 = ORIENTED_EDGE('',*,*,#13206,.T.);
#13206 = EDGE_CURVE('',#13179,#11876,#13207,.T.);
#13207 = SURFACE_CURVE('',#13208,(#13212,#13219),.PCURVE_S1.);
#13208 = LINE('',#13209,#13210);
#13209 = CARTESIAN_POINT('',(-11.25,7.15,6.1));
#13210 = VECTOR('',#13211,1.);
#13211 = DIRECTION('',(-1.,0.,0.));
#13212 = PCURVE('',#11914,#13213);
#13213 = DEFINITIONAL_REPRESENTATION('',(#13214),#13218);
#13214 = LINE('',#13215,#13216);
#13215 = CARTESIAN_POINT('',(0.,-12.2));
#13216 = VECTOR('',#13217,1.);
#13217 = DIRECTION('',(1.,0.));
#13218 = ( GEOMETRIC_REPRESENTATION_CONTEXT(2) 
PARAMETRIC_REPRESENTATION_CONTEXT() REPRESENTATION_CONTEXT('2D SPACE',''
  ) );
#13219 = PCURVE('',#10224,#13220);
#13220 = DEFINITIONAL_REPRESENTATION('',(#13221),#13225);
#13221 = LINE('',#13222,#13223);
#13222 = CARTESIAN_POINT('',(7.138785046729,18.4));
#13223 = VECTOR('',#13224,1.);
#13224 = DIRECTION('',(1.,0.));
#13225 = ( GEOMETRIC_REPRESENTATION_CONTEXT(2) 
PARAMETRIC_REPRESENTATION_CONTEXT() REPRESENTATION_CONTEXT('2D SPACE',''
  ) );
#13226 = ORIENTED_EDGE('',*,*,#11898,.F.);
#13227 = FACE_BOUND('',#13228,.F.);
#13228 = EDGE_LOOP('',(#13229));
#13229 = ORIENTED_EDGE('',*,*,#13230,.T.);
#13230 = EDGE_CURVE('',#13231,#13231,#13233,.T.);
#13231 = VERTEX_POINT('',#13232);
#13232 = CARTESIAN_POINT('',(-14.80000005978,7.15,0.));
#13233 = SURFACE_CURVE('',#13234,(#13239,#13250),.PCURVE_S1.);
#13234 = CIRCLE('',#13235,0.9);
#13235 = AXIS2_PLACEMENT_3D('',#13236,#13237,#13238);
#13236 = CARTESIAN_POINT('',(-13.90000005978,7.15,0.));
#13237 = DIRECTION('',(0.,1.,-2.2E-16));
#13238 = DIRECTION('',(-1.,0.,0.));
#13239 = PCURVE('',#11914,#13240);
#13240 = DEFINITIONAL_REPRESENTATION('',(#13241),#13249);
#13241 = ( BOUNDED_CURVE() B_SPLINE_CURVE(2,(#13242,#13243,#13244,#13245
    ,#13246,#13247,#13248),.UNSPECIFIED.,.T.,.F.) 
B_SPLINE_CURVE_WITH_KNOTS((1,2,2,2,2,1),(-2.094395102393,0.,
    2.094395102393,4.188790204786,6.28318530718,8.377580409573),
.UNSPECIFIED.) CURVE() GEOMETRIC_REPRESENTATION_ITEM() 
RATIONAL_B_SPLINE_CURVE((1.,0.5,1.,0.5,1.,0.5,1.)) REPRESENTATION_ITEM(
  '') );
#13242 = CARTESIAN_POINT('',(3.55000005978,-6.1));
#13243 = CARTESIAN_POINT('',(3.55000005978,-7.658845726812));
#13244 = CARTESIAN_POINT('',(2.20000005978,-6.879422863406));
#13245 = CARTESIAN_POINT('',(0.85000005978,-6.1));
#13246 = CARTESIAN_POINT('',(2.20000005978,-5.320577136594));
#13247 = CARTESIAN_POINT('',(3.55000005978,-4.541154273188));
#13248 = CARTESIAN_POINT('',(3.55000005978,-6.1));
#13249 = ( GEOMETRIC_REPRESENTATION_CONTEXT(2) 
PARAMETRIC_REPRESENTATION_CONTEXT() REPRESENTATION_CONTEXT('2D SPACE',''
  ) );
#13250 = PCURVE('',#13251,#13256);
#13251 = CYLINDRICAL_SURFACE('',#13252,0.9);
#13252 = AXIS2_PLACEMENT_3D('',#13253,#13254,#13255);
#13253 = CARTESIAN_POINT('',(-13.90000005978,7.15,0.));
#13254 = DIRECTION('',(0.,-1.,2.2E-16));
#13255 = DIRECTION('',(-1.,0.,0.));
#13256 = DEFINITIONAL_REPRESENTATION('',(#13257),#13261);
#13257 = LINE('',#13258,#13259);
#13258 = CARTESIAN_POINT('',(-0.,-8.9E-16));
#13259 = VECTOR('',#13260,1.);
#13260 = DIRECTION('',(-1.,0.));
#13261 = ( GEOMETRIC_REPRESENTATION_CONTEXT(2) 
PARAMETRIC_REPRESENTATION_CONTEXT() REPRESENTATION_CONTEXT('2D SPACE',''
  ) );
#13262 = ADVANCED_FACE('',(#13263),#13194,.T.);
#13263 = FACE_BOUND('',#13264,.T.);
#13264 = EDGE_LOOP('',(#13265,#13290,#13311,#13312));
#13265 = ORIENTED_EDGE('',*,*,#13266,.F.);
#13266 = EDGE_CURVE('',#13267,#13269,#13271,.T.);
#13267 = VERTEX_POINT('',#13268);
#13268 = CARTESIAN_POINT('',(-11.45,4.35,-6.1));
#13269 = VERTEX_POINT('',#13270);
#13270 = CARTESIAN_POINT('',(-11.45,4.35,6.1));
#13271 = SURFACE_CURVE('',#13272,(#13276,#13283),.PCURVE_S1.);
#13272 = LINE('',#13273,#13274);
#13273 = CARTESIAN_POINT('',(-11.45,4.35,3.05));
#13274 = VECTOR('',#13275,1.);
#13275 = DIRECTION('',(0.,0.,1.));
#13276 = PCURVE('',#13194,#13277);
#13277 = DEFINITIONAL_REPRESENTATION('',(#13278),#13282);
#13278 = LINE('',#13279,#13280);
#13279 = CARTESIAN_POINT('',(3.05,-15.6));
#13280 = VECTOR('',#13281,1.);
#13281 = DIRECTION('',(1.,0.));
#13282 = ( GEOMETRIC_REPRESENTATION_CONTEXT(2) 
PARAMETRIC_REPRESENTATION_CONTEXT() REPRESENTATION_CONTEXT('2D SPACE',''
  ) );
#13283 = PCURVE('',#12096,#13284);
#13284 = DEFINITIONAL_REPRESENTATION('',(#13285),#13289);
#13285 = LINE('',#13286,#13287);
#13286 = CARTESIAN_POINT('',(3.05,-5.8));
#13287 = VECTOR('',#13288,1.);
#13288 = DIRECTION('',(-1.,0.));
#13289 = ( GEOMETRIC_REPRESENTATION_CONTEXT(2) 
PARAMETRIC_REPRESENTATION_CONTEXT() REPRESENTATION_CONTEXT('2D SPACE',''
  ) );
#13290 = ORIENTED_EDGE('',*,*,#13291,.T.);
#13291 = EDGE_CURVE('',#13267,#13156,#13292,.T.);
#13292 = SURFACE_CURVE('',#13293,(#13297,#13304),.PCURVE_S1.);
#13293 = LINE('',#13294,#13295);
#13294 = CARTESIAN_POINT('',(-11.45,7.15,-6.1));
#13295 = VECTOR('',#13296,1.);
#13296 = DIRECTION('',(0.,1.,0.));
#13297 = PCURVE('',#13194,#13298);
#13298 = DEFINITIONAL_REPRESENTATION('',(#13299),#13303);
#13299 = LINE('',#13300,#13301);
#13300 = CARTESIAN_POINT('',(-6.1,-18.4));
#13301 = VECTOR('',#13302,1.);
#13302 = DIRECTION('',(0.,-1.));
#13303 = ( GEOMETRIC_REPRESENTATION_CONTEXT(2) 
PARAMETRIC_REPRESENTATION_CONTEXT() REPRESENTATION_CONTEXT('2D SPACE',''
  ) );
#13304 = PCURVE('',#10170,#13305);
#13305 = DEFINITIONAL_REPRESENTATION('',(#13306),#13310);
#13306 = LINE('',#13307,#13308);
#13307 = CARTESIAN_POINT('',(-7.338785046729,18.4));
#13308 = VECTOR('',#13309,1.);
#13309 = DIRECTION('',(0.,1.));
#13310 = ( GEOMETRIC_REPRESENTATION_CONTEXT(2) 
PARAMETRIC_REPRESENTATION_CONTEXT() REPRESENTATION_CONTEXT('2D SPACE',''
  ) );
#13311 = ORIENTED_EDGE('',*,*,#13178,.T.);
#13312 = ORIENTED_EDGE('',*,*,#13313,.T.);
#13313 = EDGE_CURVE('',#13179,#13269,#13314,.T.);
#13314 = SURFACE_CURVE('',#13315,(#13319,#13326),.PCURVE_S1.);
#13315 = LINE('',#13316,#13317);
#13316 = CARTESIAN_POINT('',(-11.45,-29.65,6.1));
#13317 = VECTOR('',#13318,1.);
#13318 = DIRECTION('',(0.,-1.,0.));
#13319 = PCURVE('',#13194,#13320);
#13320 = DEFINITIONAL_REPRESENTATION('',(#13321),#13325);
#13321 = LINE('',#13322,#13323);
#13322 = CARTESIAN_POINT('',(6.1,18.4));
#13323 = VECTOR('',#13324,1.);
#13324 = DIRECTION('',(0.,1.));
#13325 = ( GEOMETRIC_REPRESENTATION_CONTEXT(2) 
PARAMETRIC_REPRESENTATION_CONTEXT() REPRESENTATION_CONTEXT('2D SPACE',''
  ) );
#13326 = PCURVE('',#10224,#13327);
#13327 = DEFINITIONAL_REPRESENTATION('',(#13328),#13332);
#13328 = LINE('',#13329,#13330);
#13329 = CARTESIAN_POINT('',(7.338785046729,-18.4));
#13330 = VECTOR('',#13331,1.);
#13331 = DIRECTION('',(0.,-1.));
#13332 = ( GEOMETRIC_REPRESENTATION_CONTEXT(2) 
PARAMETRIC_REPRESENTATION_CONTEXT() REPRESENTATION_CONTEXT('2D SPACE',''
  ) );
#13333 = ADVANCED_FACE('',(#13334),#11447,.F.);
#13334 = FACE_BOUND('',#13335,.F.);
#13335 = EDGE_LOOP('',(#13336,#13359,#13387,#13408));
#13336 = ORIENTED_EDGE('',*,*,#13337,.T.);
#13337 = EDGE_CURVE('',#11400,#13338,#13340,.T.);
#13338 = VERTEX_POINT('',#13339);
#13339 = CARTESIAN_POINT('',(5.25,7.15,8.9));
#13340 = SURFACE_CURVE('',#13341,(#13345,#13352),.PCURVE_S1.);
#13341 = LINE('',#13342,#13343);
#13342 = CARTESIAN_POINT('',(11.25,7.15,8.9));
#13343 = VECTOR('',#13344,1.);
#13344 = DIRECTION('',(-1.,-0.,-0.));
#13345 = PCURVE('',#11447,#13346);
#13346 = DEFINITIONAL_REPRESENTATION('',(#13347),#13351);
#13347 = LINE('',#13348,#13349);
#13348 = CARTESIAN_POINT('',(0.,0.));
#13349 = VECTOR('',#13350,1.);
#13350 = DIRECTION('',(0.,-1.));
#13351 = ( GEOMETRIC_REPRESENTATION_CONTEXT(2) 
PARAMETRIC_REPRESENTATION_CONTEXT() REPRESENTATION_CONTEXT('2D SPACE',''
  ) );
#13352 = PCURVE('',#11539,#13353);
#13353 = DEFINITIONAL_REPRESENTATION('',(#13354),#13358);
#13354 = LINE('',#13355,#13356);
#13355 = CARTESIAN_POINT('',(1.6,0.));
#13356 = VECTOR('',#13357,1.);
#13357 = DIRECTION('',(0.,-1.));
#13358 = ( GEOMETRIC_REPRESENTATION_CONTEXT(2) 
PARAMETRIC_REPRESENTATION_CONTEXT() REPRESENTATION_CONTEXT('2D SPACE',''
  ) );
#13359 = ORIENTED_EDGE('',*,*,#13360,.T.);
#13360 = EDGE_CURVE('',#13338,#13361,#13363,.T.);
#13361 = VERTEX_POINT('',#13362);
#13362 = CARTESIAN_POINT('',(5.25,-0.25,8.9));
#13363 = SURFACE_CURVE('',#13364,(#13368,#13375),.PCURVE_S1.);
#13364 = LINE('',#13365,#13366);
#13365 = CARTESIAN_POINT('',(5.25,7.15,8.9));
#13366 = VECTOR('',#13367,1.);
#13367 = DIRECTION('',(0.,-1.,0.));
#13368 = PCURVE('',#11447,#13369);
#13369 = DEFINITIONAL_REPRESENTATION('',(#13370),#13374);
#13370 = LINE('',#13371,#13372);
#13371 = CARTESIAN_POINT('',(0.,-6.));
#13372 = VECTOR('',#13373,1.);
#13373 = DIRECTION('',(1.,0.));
#13374 = ( GEOMETRIC_REPRESENTATION_CONTEXT(2) 
PARAMETRIC_REPRESENTATION_CONTEXT() REPRESENTATION_CONTEXT('2D SPACE',''
  ) );
#13375 = PCURVE('',#13376,#13381);
#13376 = PLANE('',#13377);
#13377 = AXIS2_PLACEMENT_3D('',#13378,#13379,#13380);
#13378 = CARTESIAN_POINT('',(5.25,3.45,8.1));
#13379 = DIRECTION('',(1.,0.,0.));
#13380 = DIRECTION('',(0.,0.,1.));
#13381 = DEFINITIONAL_REPRESENTATION('',(#13382),#13386);
#13382 = LINE('',#13383,#13384);
#13383 = CARTESIAN_POINT('',(0.8,-3.7));
#13384 = VECTOR('',#13385,1.);
#13385 = DIRECTION('',(0.,1.));
#13386 = ( GEOMETRIC_REPRESENTATION_CONTEXT(2) 
PARAMETRIC_REPRESENTATION_CONTEXT() REPRESENTATION_CONTEXT('2D SPACE',''
  ) );
#13387 = ORIENTED_EDGE('',*,*,#13388,.F.);
#13388 = EDGE_CURVE('',#11432,#13361,#13389,.T.);
#13389 = SURFACE_CURVE('',#13390,(#13394,#13401),.PCURVE_S1.);
#13390 = LINE('',#13391,#13392);
#13391 = CARTESIAN_POINT('',(11.25,-0.25,8.9));
#13392 = VECTOR('',#13393,1.);
#13393 = DIRECTION('',(-1.,-0.,-0.));
#13394 = PCURVE('',#11447,#13395);
#13395 = DEFINITIONAL_REPRESENTATION('',(#13396),#13400);
#13396 = LINE('',#13397,#13398);
#13397 = CARTESIAN_POINT('',(7.4,0.));
#13398 = VECTOR('',#13399,1.);
#13399 = DIRECTION('',(0.,-1.));
#13400 = ( GEOMETRIC_REPRESENTATION_CONTEXT(2) 
PARAMETRIC_REPRESENTATION_CONTEXT() REPRESENTATION_CONTEXT('2D SPACE',''
  ) );
#13401 = PCURVE('',#11573,#13402);
#13402 = DEFINITIONAL_REPRESENTATION('',(#13403),#13407);
#13403 = LINE('',#13404,#13405);
#13404 = CARTESIAN_POINT('',(0.,0.));
#13405 = VECTOR('',#13406,1.);
#13406 = DIRECTION('',(0.,-1.));
#13407 = ( GEOMETRIC_REPRESENTATION_CONTEXT(2) 
PARAMETRIC_REPRESENTATION_CONTEXT() REPRESENTATION_CONTEXT('2D SPACE',''
  ) );
#13408 = ORIENTED_EDGE('',*,*,#11431,.F.);
#13409 = ADVANCED_FACE('',(#13410),#11539,.F.);
#13410 = FACE_BOUND('',#13411,.F.);
#13411 = EDGE_LOOP('',(#13412,#13435,#13456,#13457));
#13412 = ORIENTED_EDGE('',*,*,#13413,.T.);
#13413 = EDGE_CURVE('',#11494,#13414,#13416,.T.);
#13414 = VERTEX_POINT('',#13415);
#13415 = CARTESIAN_POINT('',(5.25,7.15,7.3));
#13416 = SURFACE_CURVE('',#13417,(#13421,#13428),.PCURVE_S1.);
#13417 = LINE('',#13418,#13419);
#13418 = CARTESIAN_POINT('',(11.25,7.15,7.3));
#13419 = VECTOR('',#13420,1.);
#13420 = DIRECTION('',(-1.,-0.,-0.));
#13421 = PCURVE('',#11539,#13422);
#13422 = DEFINITIONAL_REPRESENTATION('',(#13423),#13427);
#13423 = LINE('',#13424,#13425);
#13424 = CARTESIAN_POINT('',(0.,0.));
#13425 = VECTOR('',#13426,1.);
#13426 = DIRECTION('',(0.,-1.));
#13427 = ( GEOMETRIC_REPRESENTATION_CONTEXT(2) 
PARAMETRIC_REPRESENTATION_CONTEXT() REPRESENTATION_CONTEXT('2D SPACE',''
  ) );
#13428 = PCURVE('',#11634,#13429);
#13429 = DEFINITIONAL_REPRESENTATION('',(#13430),#13434);
#13430 = LINE('',#13431,#13432);
#13431 = CARTESIAN_POINT('',(7.4,0.));
#13432 = VECTOR('',#13433,1.);
#13433 = DIRECTION('',(0.,-1.));
#13434 = ( GEOMETRIC_REPRESENTATION_CONTEXT(2) 
PARAMETRIC_REPRESENTATION_CONTEXT() REPRESENTATION_CONTEXT('2D SPACE',''
  ) );
#13435 = ORIENTED_EDGE('',*,*,#13436,.T.);
#13436 = EDGE_CURVE('',#13414,#13338,#13437,.T.);
#13437 = SURFACE_CURVE('',#13438,(#13442,#13449),.PCURVE_S1.);
#13438 = LINE('',#13439,#13440);
#13439 = CARTESIAN_POINT('',(5.25,7.15,7.3));
#13440 = VECTOR('',#13441,1.);
#13441 = DIRECTION('',(0.,0.,1.));
#13442 = PCURVE('',#11539,#13443);
#13443 = DEFINITIONAL_REPRESENTATION('',(#13444),#13448);
#13444 = LINE('',#13445,#13446);
#13445 = CARTESIAN_POINT('',(0.,-6.));
#13446 = VECTOR('',#13447,1.);
#13447 = DIRECTION('',(1.,0.));
#13448 = ( GEOMETRIC_REPRESENTATION_CONTEXT(2) 
PARAMETRIC_REPRESENTATION_CONTEXT() REPRESENTATION_CONTEXT('2D SPACE',''
  ) );
#13449 = PCURVE('',#13376,#13450);
#13450 = DEFINITIONAL_REPRESENTATION('',(#13451),#13455);
#13451 = LINE('',#13452,#13453);
#13452 = CARTESIAN_POINT('',(-0.8,-3.7));
#13453 = VECTOR('',#13454,1.);
#13454 = DIRECTION('',(1.,0.));
#13455 = ( GEOMETRIC_REPRESENTATION_CONTEXT(2) 
PARAMETRIC_REPRESENTATION_CONTEXT() REPRESENTATION_CONTEXT('2D SPACE',''
  ) );
#13456 = ORIENTED_EDGE('',*,*,#13337,.F.);
#13457 = ORIENTED_EDGE('',*,*,#11525,.F.);
#13458 = ADVANCED_FACE('',(#13459),#11573,.F.);
#13459 = FACE_BOUND('',#13460,.F.);
#13460 = EDGE_LOOP('',(#13461,#13462,#13485,#13506));
#13461 = ORIENTED_EDGE('',*,*,#13388,.T.);
#13462 = ORIENTED_EDGE('',*,*,#13463,.T.);
#13463 = EDGE_CURVE('',#13361,#13464,#13466,.T.);
#13464 = VERTEX_POINT('',#13465);
#13465 = CARTESIAN_POINT('',(5.25,-0.25,7.3));
#13466 = SURFACE_CURVE('',#13467,(#13471,#13478),.PCURVE_S1.);
#13467 = LINE('',#13468,#13469);
#13468 = CARTESIAN_POINT('',(5.25,-0.25,8.9));
#13469 = VECTOR('',#13470,1.);
#13470 = DIRECTION('',(0.,0.,-1.));
#13471 = PCURVE('',#11573,#13472);
#13472 = DEFINITIONAL_REPRESENTATION('',(#13473),#13477);
#13473 = LINE('',#13474,#13475);
#13474 = CARTESIAN_POINT('',(0.,-6.));
#13475 = VECTOR('',#13476,1.);
#13476 = DIRECTION('',(1.,0.));
#13477 = ( GEOMETRIC_REPRESENTATION_CONTEXT(2) 
PARAMETRIC_REPRESENTATION_CONTEXT() REPRESENTATION_CONTEXT('2D SPACE',''
  ) );
#13478 = PCURVE('',#13376,#13479);
#13479 = DEFINITIONAL_REPRESENTATION('',(#13480),#13484);
#13480 = LINE('',#13481,#13482);
#13481 = CARTESIAN_POINT('',(0.8,3.7));
#13482 = VECTOR('',#13483,1.);
#13483 = DIRECTION('',(-1.,0.));
#13484 = ( GEOMETRIC_REPRESENTATION_CONTEXT(2) 
PARAMETRIC_REPRESENTATION_CONTEXT() REPRESENTATION_CONTEXT('2D SPACE',''
  ) );
#13485 = ORIENTED_EDGE('',*,*,#13486,.F.);
#13486 = EDGE_CURVE('',#11558,#13464,#13487,.T.);
#13487 = SURFACE_CURVE('',#13488,(#13492,#13499),.PCURVE_S1.);
#13488 = LINE('',#13489,#13490);
#13489 = CARTESIAN_POINT('',(11.25,-0.25,7.3));
#13490 = VECTOR('',#13491,1.);
#13491 = DIRECTION('',(-1.,-0.,-0.));
#13492 = PCURVE('',#11573,#13493);
#13493 = DEFINITIONAL_REPRESENTATION('',(#13494),#13498);
#13494 = LINE('',#13495,#13496);
#13495 = CARTESIAN_POINT('',(1.6,0.));
#13496 = VECTOR('',#13497,1.);
#13497 = DIRECTION('',(0.,-1.));
#13498 = ( GEOMETRIC_REPRESENTATION_CONTEXT(2) 
PARAMETRIC_REPRESENTATION_CONTEXT() REPRESENTATION_CONTEXT('2D SPACE',''
  ) );
#13499 = PCURVE('',#11634,#13500);
#13500 = DEFINITIONAL_REPRESENTATION('',(#13501),#13505);
#13501 = LINE('',#13502,#13503);
#13502 = CARTESIAN_POINT('',(0.,0.));
#13503 = VECTOR('',#13504,1.);
#13504 = DIRECTION('',(0.,-1.));
#13505 = ( GEOMETRIC_REPRESENTATION_CONTEXT(2) 
PARAMETRIC_REPRESENTATION_CONTEXT() REPRESENTATION_CONTEXT('2D SPACE',''
  ) );
#13506 = ORIENTED_EDGE('',*,*,#11557,.F.);
#13507 = ADVANCED_FACE('',(#13508),#11634,.F.);
#13508 = FACE_BOUND('',#13509,.F.);
#13509 = EDGE_LOOP('',(#13510,#13511,#13532,#13533));
#13510 = ORIENTED_EDGE('',*,*,#13486,.T.);
#13511 = ORIENTED_EDGE('',*,*,#13512,.T.);
#13512 = EDGE_CURVE('',#13464,#13414,#13513,.T.);
#13513 = SURFACE_CURVE('',#13514,(#13518,#13525),.PCURVE_S1.);
#13514 = LINE('',#13515,#13516);
#13515 = CARTESIAN_POINT('',(5.25,-0.25,7.3));
#13516 = VECTOR('',#13517,1.);
#13517 = DIRECTION('',(0.,1.,0.));
#13518 = PCURVE('',#11634,#13519);
#13519 = DEFINITIONAL_REPRESENTATION('',(#13520),#13524);
#13520 = LINE('',#13521,#13522);
#13521 = CARTESIAN_POINT('',(0.,-6.));
#13522 = VECTOR('',#13523,1.);
#13523 = DIRECTION('',(1.,0.));
#13524 = ( GEOMETRIC_REPRESENTATION_CONTEXT(2) 
PARAMETRIC_REPRESENTATION_CONTEXT() REPRESENTATION_CONTEXT('2D SPACE',''
  ) );
#13525 = PCURVE('',#13376,#13526);
#13526 = DEFINITIONAL_REPRESENTATION('',(#13527),#13531);
#13527 = LINE('',#13528,#13529);
#13528 = CARTESIAN_POINT('',(-0.8,3.7));
#13529 = VECTOR('',#13530,1.);
#13530 = DIRECTION('',(0.,-1.));
#13531 = ( GEOMETRIC_REPRESENTATION_CONTEXT(2) 
PARAMETRIC_REPRESENTATION_CONTEXT() REPRESENTATION_CONTEXT('2D SPACE',''
  ) );
#13532 = ORIENTED_EDGE('',*,*,#13413,.F.);
#13533 = ORIENTED_EDGE('',*,*,#11620,.F.);
#13534 = ADVANCED_FACE('',(#13535),#11690,.T.);
#13535 = FACE_BOUND('',#13536,.T.);
#13536 = EDGE_LOOP('',(#13537,#13538,#13539,#13540));
#13537 = ORIENTED_EDGE('',*,*,#11674,.T.);
#13538 = ORIENTED_EDGE('',*,*,#11777,.T.);
#13539 = ORIENTED_EDGE('',*,*,#11826,.T.);
#13540 = ORIENTED_EDGE('',*,*,#11750,.T.);
#13541 = ADVANCED_FACE('',(#13542),#12021,.T.);
#13542 = FACE_BOUND('',#13543,.T.);
#13543 = EDGE_LOOP('',(#13544,#13545,#13569,#13597,#13625));
#13544 = ORIENTED_EDGE('',*,*,#12005,.T.);
#13545 = ORIENTED_EDGE('',*,*,#13546,.T.);
#13546 = EDGE_CURVE('',#11978,#13547,#13549,.T.);
#13547 = VERTEX_POINT('',#13548);
#13548 = CARTESIAN_POINT('',(-15.25,-36.45,-10.1));
#13549 = SURFACE_CURVE('',#13550,(#13555,#13562),.PCURVE_S1.);
#13550 = CIRCLE('',#13551,2.);
#13551 = AXIS2_PLACEMENT_3D('',#13552,#13553,#13554);
#13552 = CARTESIAN_POINT('',(-15.25,-36.45,-8.1));
#13553 = DIRECTION('',(0.,-1.,0.));
#13554 = DIRECTION('',(0.,0.,1.));
#13555 = PCURVE('',#12021,#13556);
#13556 = DEFINITIONAL_REPRESENTATION('',(#13557),#13561);
#13557 = CIRCLE('',#13558,2.);
#13558 = AXIS2_PLACEMENT_2D('',#13559,#13560);
#13559 = CARTESIAN_POINT('',(3.33245313797E-02,-12.45419199568));
#13560 = DIRECTION('',(-1.,0.));
#13561 = ( GEOMETRIC_REPRESENTATION_CONTEXT(2) 
PARAMETRIC_REPRESENTATION_CONTEXT() REPRESENTATION_CONTEXT('2D SPACE',''
  ) );
#13562 = PCURVE('',#11993,#13563);
#13563 = DEFINITIONAL_REPRESENTATION('',(#13564),#13568);
#13564 = LINE('',#13565,#13566);
#13565 = CARTESIAN_POINT('',(1.570796326795,-1.421E-14));
#13566 = VECTOR('',#13567,1.);
#13567 = DIRECTION('',(-1.,0.));
#13568 = ( GEOMETRIC_REPRESENTATION_CONTEXT(2) 
PARAMETRIC_REPRESENTATION_CONTEXT() REPRESENTATION_CONTEXT('2D SPACE',''
  ) );
#13569 = ORIENTED_EDGE('',*,*,#13570,.F.);
#13570 = EDGE_CURVE('',#13571,#13547,#13573,.T.);
#13571 = VERTEX_POINT('',#13572);
#13572 = CARTESIAN_POINT('',(11.25,-36.45,-10.1));
#13573 = SURFACE_CURVE('',#13574,(#13578,#13585),.PCURVE_S1.);
#13574 = LINE('',#13575,#13576);
#13575 = CARTESIAN_POINT('',(11.25,-36.45,-10.1));
#13576 = VECTOR('',#13577,1.);
#13577 = DIRECTION('',(-1.,0.,0.));
#13578 = PCURVE('',#12021,#13579);
#13579 = DEFINITIONAL_REPRESENTATION('',(#13580),#13584);
#13580 = LINE('',#13581,#13582);
#13581 = CARTESIAN_POINT('',(2.03332453138,14.045808004317));
#13582 = VECTOR('',#13583,1.);
#13583 = DIRECTION('',(-0.,-1.));
#13584 = ( GEOMETRIC_REPRESENTATION_CONTEXT(2) 
PARAMETRIC_REPRESENTATION_CONTEXT() REPRESENTATION_CONTEXT('2D SPACE',''
  ) );
#13585 = PCURVE('',#13586,#13591);
#13586 = PLANE('',#13587);
#13587 = AXIS2_PLACEMENT_3D('',#13588,#13589,#13590);
#13588 = CARTESIAN_POINT('',(-2.,-10.75,-10.1));
#13589 = DIRECTION('',(-0.,-0.,-1.));
#13590 = DIRECTION('',(-1.,0.,0.));
#13591 = DEFINITIONAL_REPRESENTATION('',(#13592),#13596);
#13592 = LINE('',#13593,#13594);
#13593 = CARTESIAN_POINT('',(-13.25,-25.7));
#13594 = VECTOR('',#13595,1.);
#13595 = DIRECTION('',(1.,0.));
#13596 = ( GEOMETRIC_REPRESENTATION_CONTEXT(2) 
PARAMETRIC_REPRESENTATION_CONTEXT() REPRESENTATION_CONTEXT('2D SPACE',''
  ) );
#13597 = ORIENTED_EDGE('',*,*,#13598,.F.);
#13598 = EDGE_CURVE('',#13599,#13571,#13601,.T.);
#13599 = VERTEX_POINT('',#13600);
#13600 = CARTESIAN_POINT('',(11.25,-36.45,-6.1));
#13601 = SURFACE_CURVE('',#13602,(#13606,#13613),.PCURVE_S1.);
#13602 = LINE('',#13603,#13604);
#13603 = CARTESIAN_POINT('',(11.25,-36.45,-6.1));
#13604 = VECTOR('',#13605,1.);
#13605 = DIRECTION('',(0.,0.,-1.));
#13606 = PCURVE('',#12021,#13607);
#13607 = DEFINITIONAL_REPRESENTATION('',(#13608),#13612);
#13608 = LINE('',#13609,#13610);
#13609 = CARTESIAN_POINT('',(-1.96667546862,14.045808004317));
#13610 = VECTOR('',#13611,1.);
#13611 = DIRECTION('',(1.,0.));
#13612 = ( GEOMETRIC_REPRESENTATION_CONTEXT(2) 
PARAMETRIC_REPRESENTATION_CONTEXT() REPRESENTATION_CONTEXT('2D SPACE',''
  ) );
#13613 = PCURVE('',#13614,#13619);
#13614 = PLANE('',#13615);
#13615 = AXIS2_PLACEMENT_3D('',#13616,#13617,#13618);
#13616 = CARTESIAN_POINT('',(11.25,-10.75,-8.1));
#13617 = DIRECTION('',(1.,0.,0.));
#13618 = DIRECTION('',(0.,0.,1.));
#13619 = DEFINITIONAL_REPRESENTATION('',(#13620),#13624);
#13620 = LINE('',#13621,#13622);
#13621 = CARTESIAN_POINT('',(2.,25.7));
#13622 = VECTOR('',#13623,1.);
#13623 = DIRECTION('',(-1.,0.));
#13624 = ( GEOMETRIC_REPRESENTATION_CONTEXT(2) 
PARAMETRIC_REPRESENTATION_CONTEXT() REPRESENTATION_CONTEXT('2D SPACE',''
  ) );
#13625 = ORIENTED_EDGE('',*,*,#13626,.F.);
#13626 = EDGE_CURVE('',#12006,#13599,#13627,.T.);
#13627 = SURFACE_CURVE('',#13628,(#13632,#13639),.PCURVE_S1.);
#13628 = LINE('',#13629,#13630);
#13629 = CARTESIAN_POINT('',(10.75,-36.45,-6.1));
#13630 = VECTOR('',#13631,1.);
#13631 = DIRECTION('',(1.,0.,0.));
#13632 = PCURVE('',#12021,#13633);
#13633 = DEFINITIONAL_REPRESENTATION('',(#13634),#13638);
#13634 = LINE('',#13635,#13636);
#13635 = CARTESIAN_POINT('',(-1.96667546862,13.545808004317));
#13636 = VECTOR('',#13637,1.);
#13637 = DIRECTION('',(0.,1.));
#13638 = ( GEOMETRIC_REPRESENTATION_CONTEXT(2) 
PARAMETRIC_REPRESENTATION_CONTEXT() REPRESENTATION_CONTEXT('2D SPACE',''
  ) );
#13639 = PCURVE('',#10170,#13640);
#13640 = DEFINITIONAL_REPRESENTATION('',(#13641),#13645);
#13641 = LINE('',#13642,#13643);
#13642 = CARTESIAN_POINT('',(14.861214953271,-25.2));
#13643 = VECTOR('',#13644,1.);
#13644 = DIRECTION('',(1.,0.));
#13645 = ( GEOMETRIC_REPRESENTATION_CONTEXT(2) 
PARAMETRIC_REPRESENTATION_CONTEXT() REPRESENTATION_CONTEXT('2D SPACE',''
  ) );
#13646 = ADVANCED_FACE('',(#13647),#11993,.T.);
#13647 = FACE_BOUND('',#13648,.F.);
#13648 = EDGE_LOOP('',(#13649,#13650,#13651,#13674));
#13649 = ORIENTED_EDGE('',*,*,#11977,.F.);
#13650 = ORIENTED_EDGE('',*,*,#13546,.T.);
#13651 = ORIENTED_EDGE('',*,*,#13652,.T.);
#13652 = EDGE_CURVE('',#13547,#13653,#13655,.T.);
#13653 = VERTEX_POINT('',#13654);
#13654 = CARTESIAN_POINT('',(-15.25,13.95,-10.1));
#13655 = SURFACE_CURVE('',#13656,(#13660,#13667),.PCURVE_S1.);
#13656 = LINE('',#13657,#13658);
#13657 = CARTESIAN_POINT('',(-15.25,-36.45,-10.1));
#13658 = VECTOR('',#13659,1.);
#13659 = DIRECTION('',(0.,1.,0.));
#13660 = PCURVE('',#11993,#13661);
#13661 = DEFINITIONAL_REPRESENTATION('',(#13662),#13666);
#13662 = LINE('',#13663,#13664);
#13663 = CARTESIAN_POINT('',(-1.570796326795,0.));
#13664 = VECTOR('',#13665,1.);
#13665 = DIRECTION('',(-0.,1.));
#13666 = ( GEOMETRIC_REPRESENTATION_CONTEXT(2) 
PARAMETRIC_REPRESENTATION_CONTEXT() REPRESENTATION_CONTEXT('2D SPACE',''
  ) );
#13667 = PCURVE('',#13586,#13668);
#13668 = DEFINITIONAL_REPRESENTATION('',(#13669),#13673);
#13669 = LINE('',#13670,#13671);
#13670 = CARTESIAN_POINT('',(13.25,-25.7));
#13671 = VECTOR('',#13672,1.);
#13672 = DIRECTION('',(0.,1.));
#13673 = ( GEOMETRIC_REPRESENTATION_CONTEXT(2) 
PARAMETRIC_REPRESENTATION_CONTEXT() REPRESENTATION_CONTEXT('2D SPACE',''
  ) );
#13674 = ORIENTED_EDGE('',*,*,#13675,.F.);
#13675 = EDGE_CURVE('',#11950,#13653,#13676,.T.);
#13676 = SURFACE_CURVE('',#13677,(#13682,#13689),.PCURVE_S1.);
#13677 = CIRCLE('',#13678,2.);
#13678 = AXIS2_PLACEMENT_3D('',#13679,#13680,#13681);
#13679 = CARTESIAN_POINT('',(-15.25,13.95,-8.1));
#13680 = DIRECTION('',(0.,-1.,0.));
#13681 = DIRECTION('',(0.,0.,1.));
#13682 = PCURVE('',#11993,#13683);
#13683 = DEFINITIONAL_REPRESENTATION('',(#13684),#13688);
#13684 = LINE('',#13685,#13686);
#13685 = CARTESIAN_POINT('',(1.570796326795,50.4));
#13686 = VECTOR('',#13687,1.);
#13687 = DIRECTION('',(-1.,0.));
#13688 = ( GEOMETRIC_REPRESENTATION_CONTEXT(2) 
PARAMETRIC_REPRESENTATION_CONTEXT() REPRESENTATION_CONTEXT('2D SPACE',''
  ) );
#13689 = PCURVE('',#11965,#13690);
#13690 = DEFINITIONAL_REPRESENTATION('',(#13691),#13699);
#13691 = ( BOUNDED_CURVE() B_SPLINE_CURVE(2,(#13692,#13693,#13694,#13695
    ,#13696,#13697,#13698),.UNSPECIFIED.,.T.,.F.) 
B_SPLINE_CURVE_WITH_KNOTS((1,2,2,2,2,1),(-2.094395102393,0.,
    2.094395102393,4.188790204786,6.28318530718,8.377580409573),
.UNSPECIFIED.) CURVE() GEOMETRIC_REPRESENTATION_ITEM() 
RATIONAL_B_SPLINE_CURVE((1.,0.5,1.,0.5,1.,0.5,1.)) REPRESENTATION_ITEM(
  '') );
#13692 = CARTESIAN_POINT('',(1.96667546862,-12.45419199568));
#13693 = CARTESIAN_POINT('',(1.96667546862,-15.91829361082));
#13694 = CARTESIAN_POINT('',(-1.03332453138,-14.18624280325));
#13695 = CARTESIAN_POINT('',(-4.03332453138,-12.45419199568));
#13696 = CARTESIAN_POINT('',(-1.03332453138,-10.72214118811));
#13697 = CARTESIAN_POINT('',(1.96667546862,-8.990090380546));
#13698 = CARTESIAN_POINT('',(1.96667546862,-12.45419199568));
#13699 = ( GEOMETRIC_REPRESENTATION_CONTEXT(2) 
PARAMETRIC_REPRESENTATION_CONTEXT() REPRESENTATION_CONTEXT('2D SPACE',''
  ) );
#13700 = ADVANCED_FACE('',(#13701),#11965,.T.);
#13701 = FACE_BOUND('',#13702,.T.);
#13702 = EDGE_LOOP('',(#13703,#13704,#13705,#13728,#13751));
#13703 = ORIENTED_EDGE('',*,*,#13675,.F.);
#13704 = ORIENTED_EDGE('',*,*,#11949,.F.);
#13705 = ORIENTED_EDGE('',*,*,#13706,.F.);
#13706 = EDGE_CURVE('',#13707,#11927,#13709,.T.);
#13707 = VERTEX_POINT('',#13708);
#13708 = CARTESIAN_POINT('',(11.25,13.95,-6.1));
#13709 = SURFACE_CURVE('',#13710,(#13714,#13721),.PCURVE_S1.);
#13710 = LINE('',#13711,#13712);
#13711 = CARTESIAN_POINT('',(-11.25,13.95,-6.1));
#13712 = VECTOR('',#13713,1.);
#13713 = DIRECTION('',(-1.,-0.,-0.));
#13714 = PCURVE('',#11965,#13715);
#13715 = DEFINITIONAL_REPRESENTATION('',(#13716),#13720);
#13716 = LINE('',#13717,#13718);
#13717 = CARTESIAN_POINT('',(1.96667546862,-8.454191995683));
#13718 = VECTOR('',#13719,1.);
#13719 = DIRECTION('',(0.,-1.));
#13720 = ( GEOMETRIC_REPRESENTATION_CONTEXT(2) 
PARAMETRIC_REPRESENTATION_CONTEXT() REPRESENTATION_CONTEXT('2D SPACE',''
  ) );
#13721 = PCURVE('',#10170,#13722);
#13722 = DEFINITIONAL_REPRESENTATION('',(#13723),#13727);
#13723 = LINE('',#13724,#13725);
#13724 = CARTESIAN_POINT('',(-7.138785046729,25.2));
#13725 = VECTOR('',#13726,1.);
#13726 = DIRECTION('',(-1.,0.));
#13727 = ( GEOMETRIC_REPRESENTATION_CONTEXT(2) 
PARAMETRIC_REPRESENTATION_CONTEXT() REPRESENTATION_CONTEXT('2D SPACE',''
  ) );
#13728 = ORIENTED_EDGE('',*,*,#13729,.T.);
#13729 = EDGE_CURVE('',#13707,#13730,#13732,.T.);
#13730 = VERTEX_POINT('',#13731);
#13731 = CARTESIAN_POINT('',(11.25,13.95,-10.1));
#13732 = SURFACE_CURVE('',#13733,(#13737,#13744),.PCURVE_S1.);
#13733 = LINE('',#13734,#13735);
#13734 = CARTESIAN_POINT('',(11.25,13.95,-6.1));
#13735 = VECTOR('',#13736,1.);
#13736 = DIRECTION('',(0.,0.,-1.));
#13737 = PCURVE('',#11965,#13738);
#13738 = DEFINITIONAL_REPRESENTATION('',(#13739),#13743);
#13739 = LINE('',#13740,#13741);
#13740 = CARTESIAN_POINT('',(1.96667546862,14.045808004317));
#13741 = VECTOR('',#13742,1.);
#13742 = DIRECTION('',(-1.,0.));
#13743 = ( GEOMETRIC_REPRESENTATION_CONTEXT(2) 
PARAMETRIC_REPRESENTATION_CONTEXT() REPRESENTATION_CONTEXT('2D SPACE',''
  ) );
#13744 = PCURVE('',#13614,#13745);
#13745 = DEFINITIONAL_REPRESENTATION('',(#13746),#13750);
#13746 = LINE('',#13747,#13748);
#13747 = CARTESIAN_POINT('',(2.,-24.7));
#13748 = VECTOR('',#13749,1.);
#13749 = DIRECTION('',(-1.,0.));
#13750 = ( GEOMETRIC_REPRESENTATION_CONTEXT(2) 
PARAMETRIC_REPRESENTATION_CONTEXT() REPRESENTATION_CONTEXT('2D SPACE',''
  ) );
#13751 = ORIENTED_EDGE('',*,*,#13752,.F.);
#13752 = EDGE_CURVE('',#13653,#13730,#13753,.T.);
#13753 = SURFACE_CURVE('',#13754,(#13758,#13765),.PCURVE_S1.);
#13754 = LINE('',#13755,#13756);
#13755 = CARTESIAN_POINT('',(10.75,13.95,-10.1));
#13756 = VECTOR('',#13757,1.);
#13757 = DIRECTION('',(1.,0.,0.));
#13758 = PCURVE('',#11965,#13759);
#13759 = DEFINITIONAL_REPRESENTATION('',(#13760),#13764);
#13760 = LINE('',#13761,#13762);
#13761 = CARTESIAN_POINT('',(-2.03332453138,13.545808004317));
#13762 = VECTOR('',#13763,1.);
#13763 = DIRECTION('',(0.,1.));
#13764 = ( GEOMETRIC_REPRESENTATION_CONTEXT(2) 
PARAMETRIC_REPRESENTATION_CONTEXT() REPRESENTATION_CONTEXT('2D SPACE',''
  ) );
#13765 = PCURVE('',#13586,#13766);
#13766 = DEFINITIONAL_REPRESENTATION('',(#13767),#13771);
#13767 = LINE('',#13768,#13769);
#13768 = CARTESIAN_POINT('',(-12.75,24.7));
#13769 = VECTOR('',#13770,1.);
#13770 = DIRECTION('',(-1.,0.));
#13771 = ( GEOMETRIC_REPRESENTATION_CONTEXT(2) 
PARAMETRIC_REPRESENTATION_CONTEXT() REPRESENTATION_CONTEXT('2D SPACE',''
  ) );
#13772 = ADVANCED_FACE('',(#13773,#13819),#12096,.F.);
#13773 = FACE_BOUND('',#13774,.F.);
#13774 = EDGE_LOOP('',(#13775,#13776,#13797,#13798));
#13775 = ORIENTED_EDGE('',*,*,#12078,.F.);
#13776 = ORIENTED_EDGE('',*,*,#13777,.T.);
#13777 = EDGE_CURVE('',#12079,#13269,#13778,.T.);
#13778 = SURFACE_CURVE('',#13779,(#13783,#13790),.PCURVE_S1.);
#13779 = LINE('',#13780,#13781);
#13780 = CARTESIAN_POINT('',(-17.25,4.35,6.1));
#13781 = VECTOR('',#13782,1.);
#13782 = DIRECTION('',(1.,0.,0.));
#13783 = PCURVE('',#12096,#13784);
#13784 = DEFINITIONAL_REPRESENTATION('',(#13785),#13789);
#13785 = LINE('',#13786,#13787);
#13786 = CARTESIAN_POINT('',(0.,0.));
#13787 = VECTOR('',#13788,1.);
#13788 = DIRECTION('',(0.,-1.));
#13789 = ( GEOMETRIC_REPRESENTATION_CONTEXT(2) 
PARAMETRIC_REPRESENTATION_CONTEXT() REPRESENTATION_CONTEXT('2D SPACE',''
  ) );
#13790 = PCURVE('',#10224,#13791);
#13791 = DEFINITIONAL_REPRESENTATION('',(#13792),#13796);
#13792 = LINE('',#13793,#13794);
#13793 = CARTESIAN_POINT('',(13.138785046729,15.6));
#13794 = VECTOR('',#13795,1.);
#13795 = DIRECTION('',(-1.,0.));
#13796 = ( GEOMETRIC_REPRESENTATION_CONTEXT(2) 
PARAMETRIC_REPRESENTATION_CONTEXT() REPRESENTATION_CONTEXT('2D SPACE',''
  ) );
#13797 = ORIENTED_EDGE('',*,*,#13266,.F.);
#13798 = ORIENTED_EDGE('',*,*,#13799,.F.);
#13799 = EDGE_CURVE('',#12081,#13267,#13800,.T.);
#13800 = SURFACE_CURVE('',#13801,(#13805,#13812),.PCURVE_S1.);
#13801 = LINE('',#13802,#13803);
#13802 = CARTESIAN_POINT('',(-17.25,4.35,-6.1));
#13803 = VECTOR('',#13804,1.);
#13804 = DIRECTION('',(1.,0.,0.));
#13805 = PCURVE('',#12096,#13806);
#13806 = DEFINITIONAL_REPRESENTATION('',(#13807),#13811);
#13807 = LINE('',#13808,#13809);
#13808 = CARTESIAN_POINT('',(12.2,0.));
#13809 = VECTOR('',#13810,1.);
#13810 = DIRECTION('',(0.,-1.));
#13811 = ( GEOMETRIC_REPRESENTATION_CONTEXT(2) 
PARAMETRIC_REPRESENTATION_CONTEXT() REPRESENTATION_CONTEXT('2D SPACE',''
  ) );
#13812 = PCURVE('',#10170,#13813);
#13813 = DEFINITIONAL_REPRESENTATION('',(#13814),#13818);
#13814 = LINE('',#13815,#13816);
#13815 = CARTESIAN_POINT('',(-13.13878504672,15.6));
#13816 = VECTOR('',#13817,1.);
#13817 = DIRECTION('',(1.,0.));
#13818 = ( GEOMETRIC_REPRESENTATION_CONTEXT(2) 
PARAMETRIC_REPRESENTATION_CONTEXT() REPRESENTATION_CONTEXT('2D SPACE',''
  ) );
#13819 = FACE_BOUND('',#13820,.F.);
#13820 = EDGE_LOOP('',(#13821));
#13821 = ORIENTED_EDGE('',*,*,#13822,.T.);
#13822 = EDGE_CURVE('',#13823,#13823,#13825,.T.);
#13823 = VERTEX_POINT('',#13824);
#13824 = CARTESIAN_POINT('',(-14.80000005978,4.35,0.));
#13825 = SURFACE_CURVE('',#13826,(#13831,#13842),.PCURVE_S1.);
#13826 = CIRCLE('',#13827,0.9);
#13827 = AXIS2_PLACEMENT_3D('',#13828,#13829,#13830);
#13828 = CARTESIAN_POINT('',(-13.90000005978,4.35,6.2E-16));
#13829 = DIRECTION('',(0.,-1.,2.2E-16));
#13830 = DIRECTION('',(-1.,0.,0.));
#13831 = PCURVE('',#12096,#13832);
#13832 = DEFINITIONAL_REPRESENTATION('',(#13833),#13841);
#13833 = ( BOUNDED_CURVE() B_SPLINE_CURVE(2,(#13834,#13835,#13836,#13837
    ,#13838,#13839,#13840),.UNSPECIFIED.,.T.,.F.) 
B_SPLINE_CURVE_WITH_KNOTS((1,2,2,2,2,1),(-2.094395102393,0.,
    2.094395102393,4.188790204786,6.28318530718,8.377580409573),
.UNSPECIFIED.) CURVE() GEOMETRIC_REPRESENTATION_ITEM() 
RATIONAL_B_SPLINE_CURVE((1.,0.5,1.,0.5,1.,0.5,1.)) REPRESENTATION_ITEM(
  '') );
#13834 = CARTESIAN_POINT('',(6.1,-2.44999994022));
#13835 = CARTESIAN_POINT('',(7.658845726812,-2.44999994022));
#13836 = CARTESIAN_POINT('',(6.879422863406,-3.79999994022));
#13837 = CARTESIAN_POINT('',(6.1,-5.14999994022));
#13838 = CARTESIAN_POINT('',(5.320577136594,-3.79999994022));
#13839 = CARTESIAN_POINT('',(4.541154273188,-2.44999994022));
#13840 = CARTESIAN_POINT('',(6.1,-2.44999994022));
#13841 = ( GEOMETRIC_REPRESENTATION_CONTEXT(2) 
PARAMETRIC_REPRESENTATION_CONTEXT() REPRESENTATION_CONTEXT('2D SPACE',''
  ) );
#13842 = PCURVE('',#13251,#13843);
#13843 = DEFINITIONAL_REPRESENTATION('',(#13844),#13848);
#13844 = LINE('',#13845,#13846);
#13845 = CARTESIAN_POINT('',(-6.28318530718,2.8));
#13846 = VECTOR('',#13847,1.);
#13847 = DIRECTION('',(1.,-0.));
#13848 = ( GEOMETRIC_REPRESENTATION_CONTEXT(2) 
PARAMETRIC_REPRESENTATION_CONTEXT() REPRESENTATION_CONTEXT('2D SPACE',''
  ) );
#13849 = ADVANCED_FACE('',(#13850),#12147,.F.);
#13850 = FACE_BOUND('',#13851,.F.);
#13851 = EDGE_LOOP('',(#13852,#13853,#13876,#13904));
#13852 = ORIENTED_EDGE('',*,*,#12131,.F.);
#13853 = ORIENTED_EDGE('',*,*,#13854,.T.);
#13854 = EDGE_CURVE('',#12132,#13855,#13857,.T.);
#13855 = VERTEX_POINT('',#13856);
#13856 = CARTESIAN_POINT('',(-11.45,1.55,-6.1));
#13857 = SURFACE_CURVE('',#13858,(#13862,#13869),.PCURVE_S1.);
#13858 = LINE('',#13859,#13860);
#13859 = CARTESIAN_POINT('',(-17.25,1.55,-6.1));
#13860 = VECTOR('',#13861,1.);
#13861 = DIRECTION('',(1.,0.,0.));
#13862 = PCURVE('',#12147,#13863);
#13863 = DEFINITIONAL_REPRESENTATION('',(#13864),#13868);
#13864 = LINE('',#13865,#13866);
#13865 = CARTESIAN_POINT('',(0.,0.));
#13866 = VECTOR('',#13867,1.);
#13867 = DIRECTION('',(0.,-1.));
#13868 = ( GEOMETRIC_REPRESENTATION_CONTEXT(2) 
PARAMETRIC_REPRESENTATION_CONTEXT() REPRESENTATION_CONTEXT('2D SPACE',''
  ) );
#13869 = PCURVE('',#10170,#13870);
#13870 = DEFINITIONAL_REPRESENTATION('',(#13871),#13875);
#13871 = LINE('',#13872,#13873);
#13872 = CARTESIAN_POINT('',(-13.13878504672,12.8));
#13873 = VECTOR('',#13874,1.);
#13874 = DIRECTION('',(1.,0.));
#13875 = ( GEOMETRIC_REPRESENTATION_CONTEXT(2) 
PARAMETRIC_REPRESENTATION_CONTEXT() REPRESENTATION_CONTEXT('2D SPACE',''
  ) );
#13876 = ORIENTED_EDGE('',*,*,#13877,.F.);
#13877 = EDGE_CURVE('',#13878,#13855,#13880,.T.);
#13878 = VERTEX_POINT('',#13879);
#13879 = CARTESIAN_POINT('',(-11.45,1.55,6.1));
#13880 = SURFACE_CURVE('',#13881,(#13885,#13892),.PCURVE_S1.);
#13881 = LINE('',#13882,#13883);
#13882 = CARTESIAN_POINT('',(-11.45,1.55,-3.05));
#13883 = VECTOR('',#13884,1.);
#13884 = DIRECTION('',(0.,0.,-1.));
#13885 = PCURVE('',#12147,#13886);
#13886 = DEFINITIONAL_REPRESENTATION('',(#13887),#13891);
#13887 = LINE('',#13888,#13889);
#13888 = CARTESIAN_POINT('',(3.05,-5.8));
#13889 = VECTOR('',#13890,1.);
#13890 = DIRECTION('',(-1.,0.));
#13891 = ( GEOMETRIC_REPRESENTATION_CONTEXT(2) 
PARAMETRIC_REPRESENTATION_CONTEXT() REPRESENTATION_CONTEXT('2D SPACE',''
  ) );
#13892 = PCURVE('',#13893,#13898);
#13893 = PLANE('',#13894);
#13894 = AXIS2_PLACEMENT_3D('',#13895,#13896,#13897);
#13895 = CARTESIAN_POINT('',(-11.45,-11.25,-8.2E-16));
#13896 = DIRECTION('',(1.,0.,0.));
#13897 = DIRECTION('',(0.,0.,1.));
#13898 = DEFINITIONAL_REPRESENTATION('',(#13899),#13903);
#13899 = LINE('',#13900,#13901);
#13900 = CARTESIAN_POINT('',(-3.05,-12.8));
#13901 = VECTOR('',#13902,1.);
#13902 = DIRECTION('',(-1.,0.));
#13903 = ( GEOMETRIC_REPRESENTATION_CONTEXT(2) 
PARAMETRIC_REPRESENTATION_CONTEXT() REPRESENTATION_CONTEXT('2D SPACE',''
  ) );
#13904 = ORIENTED_EDGE('',*,*,#13905,.F.);
#13905 = EDGE_CURVE('',#12109,#13878,#13906,.T.);
#13906 = SURFACE_CURVE('',#13907,(#13911,#13918),.PCURVE_S1.);
#13907 = LINE('',#13908,#13909);
#13908 = CARTESIAN_POINT('',(-17.25,1.55,6.1));
#13909 = VECTOR('',#13910,1.);
#13910 = DIRECTION('',(1.,0.,0.));
#13911 = PCURVE('',#12147,#13912);
#13912 = DEFINITIONAL_REPRESENTATION('',(#13913),#13917);
#13913 = LINE('',#13914,#13915);
#13914 = CARTESIAN_POINT('',(12.2,0.));
#13915 = VECTOR('',#13916,1.);
#13916 = DIRECTION('',(0.,-1.));
#13917 = ( GEOMETRIC_REPRESENTATION_CONTEXT(2) 
PARAMETRIC_REPRESENTATION_CONTEXT() REPRESENTATION_CONTEXT('2D SPACE',''
  ) );
#13918 = PCURVE('',#10224,#13919);
#13919 = DEFINITIONAL_REPRESENTATION('',(#13920),#13924);
#13920 = LINE('',#13921,#13922);
#13921 = CARTESIAN_POINT('',(13.138785046729,12.8));
#13922 = VECTOR('',#13923,1.);
#13923 = DIRECTION('',(-1.,0.));
#13924 = ( GEOMETRIC_REPRESENTATION_CONTEXT(2) 
PARAMETRIC_REPRESENTATION_CONTEXT() REPRESENTATION_CONTEXT('2D SPACE',''
  ) );
#13925 = ADVANCED_FACE('',(#13926,#13996),#13893,.T.);
#13926 = FACE_BOUND('',#13927,.T.);
#13927 = EDGE_LOOP('',(#13928,#13953,#13974,#13975));
#13928 = ORIENTED_EDGE('',*,*,#13929,.F.);
#13929 = EDGE_CURVE('',#13930,#13932,#13934,.T.);
#13930 = VERTEX_POINT('',#13931);
#13931 = CARTESIAN_POINT('',(-11.45,-24.05,-6.1));
#13932 = VERTEX_POINT('',#13933);
#13933 = CARTESIAN_POINT('',(-11.45,-24.05,6.1));
#13934 = SURFACE_CURVE('',#13935,(#13939,#13946),.PCURVE_S1.);
#13935 = LINE('',#13936,#13937);
#13936 = CARTESIAN_POINT('',(-11.45,-24.05,3.05));
#13937 = VECTOR('',#13938,1.);
#13938 = DIRECTION('',(0.,0.,1.));
#13939 = PCURVE('',#13893,#13940);
#13940 = DEFINITIONAL_REPRESENTATION('',(#13941),#13945);
#13941 = LINE('',#13942,#13943);
#13942 = CARTESIAN_POINT('',(3.05,12.8));
#13943 = VECTOR('',#13944,1.);
#13944 = DIRECTION('',(1.,0.));
#13945 = ( GEOMETRIC_REPRESENTATION_CONTEXT(2) 
PARAMETRIC_REPRESENTATION_CONTEXT() REPRESENTATION_CONTEXT('2D SPACE',''
  ) );
#13946 = PCURVE('',#12314,#13947);
#13947 = DEFINITIONAL_REPRESENTATION('',(#13948),#13952);
#13948 = LINE('',#13949,#13950);
#13949 = CARTESIAN_POINT('',(3.05,-5.8));
#13950 = VECTOR('',#13951,1.);
#13951 = DIRECTION('',(-1.,0.));
#13952 = ( GEOMETRIC_REPRESENTATION_CONTEXT(2) 
PARAMETRIC_REPRESENTATION_CONTEXT() REPRESENTATION_CONTEXT('2D SPACE',''
  ) );
#13953 = ORIENTED_EDGE('',*,*,#13954,.T.);
#13954 = EDGE_CURVE('',#13930,#13855,#13955,.T.);
#13955 = SURFACE_CURVE('',#13956,(#13960,#13967),.PCURVE_S1.);
#13956 = LINE('',#13957,#13958);
#13957 = CARTESIAN_POINT('',(-11.45,7.15,-6.1));
#13958 = VECTOR('',#13959,1.);
#13959 = DIRECTION('',(0.,1.,0.));
#13960 = PCURVE('',#13893,#13961);
#13961 = DEFINITIONAL_REPRESENTATION('',(#13962),#13966);
#13962 = LINE('',#13963,#13964);
#13963 = CARTESIAN_POINT('',(-6.1,-18.4));
#13964 = VECTOR('',#13965,1.);
#13965 = DIRECTION('',(0.,-1.));
#13966 = ( GEOMETRIC_REPRESENTATION_CONTEXT(2) 
PARAMETRIC_REPRESENTATION_CONTEXT() REPRESENTATION_CONTEXT('2D SPACE',''
  ) );
#13967 = PCURVE('',#10170,#13968);
#13968 = DEFINITIONAL_REPRESENTATION('',(#13969),#13973);
#13969 = LINE('',#13970,#13971);
#13970 = CARTESIAN_POINT('',(-7.338785046729,18.4));
#13971 = VECTOR('',#13972,1.);
#13972 = DIRECTION('',(0.,1.));
#13973 = ( GEOMETRIC_REPRESENTATION_CONTEXT(2) 
PARAMETRIC_REPRESENTATION_CONTEXT() REPRESENTATION_CONTEXT('2D SPACE',''
  ) );
#13974 = ORIENTED_EDGE('',*,*,#13877,.F.);
#13975 = ORIENTED_EDGE('',*,*,#13976,.T.);
#13976 = EDGE_CURVE('',#13878,#13932,#13977,.T.);
#13977 = SURFACE_CURVE('',#13978,(#13982,#13989),.PCURVE_S1.);
#13978 = LINE('',#13979,#13980);
#13979 = CARTESIAN_POINT('',(-11.45,-29.65,6.1));
#13980 = VECTOR('',#13981,1.);
#13981 = DIRECTION('',(0.,-1.,0.));
#13982 = PCURVE('',#13893,#13983);
#13983 = DEFINITIONAL_REPRESENTATION('',(#13984),#13988);
#13984 = LINE('',#13985,#13986);
#13985 = CARTESIAN_POINT('',(6.1,18.4));
#13986 = VECTOR('',#13987,1.);
#13987 = DIRECTION('',(0.,1.));
#13988 = ( GEOMETRIC_REPRESENTATION_CONTEXT(2) 
PARAMETRIC_REPRESENTATION_CONTEXT() REPRESENTATION_CONTEXT('2D SPACE',''
  ) );
#13989 = PCURVE('',#10224,#13990);
#13990 = DEFINITIONAL_REPRESENTATION('',(#13991),#13995);
#13991 = LINE('',#13992,#13993);
#13992 = CARTESIAN_POINT('',(7.338785046729,-18.4));
#13993 = VECTOR('',#13994,1.);
#13994 = DIRECTION('',(0.,-1.));
#13995 = ( GEOMETRIC_REPRESENTATION_CONTEXT(2) 
PARAMETRIC_REPRESENTATION_CONTEXT() REPRESENTATION_CONTEXT('2D SPACE',''
  ) );
#13996 = FACE_BOUND('',#13997,.T.);
#13997 = EDGE_LOOP('',(#13998,#14023,#14046,#14069));
#13998 = ORIENTED_EDGE('',*,*,#13999,.F.);
#13999 = EDGE_CURVE('',#14000,#14002,#14004,.T.);
#14000 = VERTEX_POINT('',#14001);
#14001 = CARTESIAN_POINT('',(-11.45,-14.05,4.1));
#14002 = VERTEX_POINT('',#14003);
#14003 = CARTESIAN_POINT('',(-11.45,-14.05,-4.1));
#14004 = SURFACE_CURVE('',#14005,(#14009,#14016),.PCURVE_S1.);
#14005 = LINE('',#14006,#14007);
#14006 = CARTESIAN_POINT('',(-11.45,-14.05,4.1));
#14007 = VECTOR('',#14008,1.);
#14008 = DIRECTION('',(0.,0.,-1.));
#14009 = PCURVE('',#13893,#14010);
#14010 = DEFINITIONAL_REPRESENTATION('',(#14011),#14015);
#14011 = LINE('',#14012,#14013);
#14012 = CARTESIAN_POINT('',(4.1,2.8));
#14013 = VECTOR('',#14014,1.);
#14014 = DIRECTION('',(-1.,0.));
#14015 = ( GEOMETRIC_REPRESENTATION_CONTEXT(2) 
PARAMETRIC_REPRESENTATION_CONTEXT() REPRESENTATION_CONTEXT('2D SPACE',''
  ) );
#14016 = PCURVE('',#12200,#14017);
#14017 = DEFINITIONAL_REPRESENTATION('',(#14018),#14022);
#14018 = LINE('',#14019,#14020);
#14019 = CARTESIAN_POINT('',(0.,0.));
#14020 = VECTOR('',#14021,1.);
#14021 = DIRECTION('',(1.,0.));
#14022 = ( GEOMETRIC_REPRESENTATION_CONTEXT(2) 
PARAMETRIC_REPRESENTATION_CONTEXT() REPRESENTATION_CONTEXT('2D SPACE',''
  ) );
#14023 = ORIENTED_EDGE('',*,*,#14024,.F.);
#14024 = EDGE_CURVE('',#14025,#14000,#14027,.T.);
#14025 = VERTEX_POINT('',#14026);
#14026 = CARTESIAN_POINT('',(-11.45,-8.45,4.1));
#14027 = SURFACE_CURVE('',#14028,(#14032,#14039),.PCURVE_S1.);
#14028 = LINE('',#14029,#14030);
#14029 = CARTESIAN_POINT('',(-11.45,-8.45,4.1));
#14030 = VECTOR('',#14031,1.);
#14031 = DIRECTION('',(0.,-1.,0.));
#14032 = PCURVE('',#13893,#14033);
#14033 = DEFINITIONAL_REPRESENTATION('',(#14034),#14038);
#14034 = LINE('',#14035,#14036);
#14035 = CARTESIAN_POINT('',(4.1,-2.8));
#14036 = VECTOR('',#14037,1.);
#14037 = DIRECTION('',(0.,1.));
#14038 = ( GEOMETRIC_REPRESENTATION_CONTEXT(2) 
PARAMETRIC_REPRESENTATION_CONTEXT() REPRESENTATION_CONTEXT('2D SPACE',''
  ) );
#14039 = PCURVE('',#12282,#14040);
#14040 = DEFINITIONAL_REPRESENTATION('',(#14041),#14045);
#14041 = LINE('',#14042,#14043);
#14042 = CARTESIAN_POINT('',(0.,0.));
#14043 = VECTOR('',#14044,1.);
#14044 = DIRECTION('',(1.,0.));
#14045 = ( GEOMETRIC_REPRESENTATION_CONTEXT(2) 
PARAMETRIC_REPRESENTATION_CONTEXT() REPRESENTATION_CONTEXT('2D SPACE',''
  ) );
#14046 = ORIENTED_EDGE('',*,*,#14047,.F.);
#14047 = EDGE_CURVE('',#14048,#14025,#14050,.T.);
#14048 = VERTEX_POINT('',#14049);
#14049 = CARTESIAN_POINT('',(-11.45,-8.45,-4.1));
#14050 = SURFACE_CURVE('',#14051,(#14055,#14062),.PCURVE_S1.);
#14051 = LINE('',#14052,#14053);
#14052 = CARTESIAN_POINT('',(-11.45,-8.45,-4.1));
#14053 = VECTOR('',#14054,1.);
#14054 = DIRECTION('',(0.,0.,1.));
#14055 = PCURVE('',#13893,#14056);
#14056 = DEFINITIONAL_REPRESENTATION('',(#14057),#14061);
#14057 = LINE('',#14058,#14059);
#14058 = CARTESIAN_POINT('',(-4.1,-2.8));
#14059 = VECTOR('',#14060,1.);
#14060 = DIRECTION('',(1.,0.));
#14061 = ( GEOMETRIC_REPRESENTATION_CONTEXT(2) 
PARAMETRIC_REPRESENTATION_CONTEXT() REPRESENTATION_CONTEXT('2D SPACE',''
  ) );
#14062 = PCURVE('',#12256,#14063);
#14063 = DEFINITIONAL_REPRESENTATION('',(#14064),#14068);
#14064 = LINE('',#14065,#14066);
#14065 = CARTESIAN_POINT('',(0.,0.));
#14066 = VECTOR('',#14067,1.);
#14067 = DIRECTION('',(1.,0.));
#14068 = ( GEOMETRIC_REPRESENTATION_CONTEXT(2) 
PARAMETRIC_REPRESENTATION_CONTEXT() REPRESENTATION_CONTEXT('2D SPACE',''
  ) );
#14069 = ORIENTED_EDGE('',*,*,#14070,.F.);
#14070 = EDGE_CURVE('',#14002,#14048,#14071,.T.);
#14071 = SURFACE_CURVE('',#14072,(#14076,#14083),.PCURVE_S1.);
#14072 = LINE('',#14073,#14074);
#14073 = CARTESIAN_POINT('',(-11.45,-14.05,-4.1));
#14074 = VECTOR('',#14075,1.);
#14075 = DIRECTION('',(0.,1.,0.));
#14076 = PCURVE('',#13893,#14077);
#14077 = DEFINITIONAL_REPRESENTATION('',(#14078),#14082);
#14078 = LINE('',#14079,#14080);
#14079 = CARTESIAN_POINT('',(-4.1,2.8));
#14080 = VECTOR('',#14081,1.);
#14081 = DIRECTION('',(0.,-1.));
#14082 = ( GEOMETRIC_REPRESENTATION_CONTEXT(2) 
PARAMETRIC_REPRESENTATION_CONTEXT() REPRESENTATION_CONTEXT('2D SPACE',''
  ) );
#14083 = PCURVE('',#12228,#14084);
#14084 = DEFINITIONAL_REPRESENTATION('',(#14085),#14089);
#14085 = LINE('',#14086,#14087);
#14086 = CARTESIAN_POINT('',(0.,0.));
#14087 = VECTOR('',#14088,1.);
#14088 = DIRECTION('',(1.,0.));
#14089 = ( GEOMETRIC_REPRESENTATION_CONTEXT(2) 
PARAMETRIC_REPRESENTATION_CONTEXT() REPRESENTATION_CONTEXT('2D SPACE',''
  ) );
#14090 = ADVANCED_FACE('',(#14091),#12200,.F.);
#14091 = FACE_BOUND('',#14092,.F.);
#14092 = EDGE_LOOP('',(#14093,#14094,#14115,#14116));
#14093 = ORIENTED_EDGE('',*,*,#13999,.F.);
#14094 = ORIENTED_EDGE('',*,*,#14095,.T.);
#14095 = EDGE_CURVE('',#14000,#12185,#14096,.T.);
#14096 = SURFACE_CURVE('',#14097,(#14101,#14108),.PCURVE_S1.);
#14097 = LINE('',#14098,#14099);
#14098 = CARTESIAN_POINT('',(-11.45,-14.05,4.1));
#14099 = VECTOR('',#14100,1.);
#14100 = DIRECTION('',(-1.,-0.,-0.));
#14101 = PCURVE('',#12200,#14102);
#14102 = DEFINITIONAL_REPRESENTATION('',(#14103),#14107);
#14103 = LINE('',#14104,#14105);
#14104 = CARTESIAN_POINT('',(0.,0.));
#14105 = VECTOR('',#14106,1.);
#14106 = DIRECTION('',(0.,-1.));
#14107 = ( GEOMETRIC_REPRESENTATION_CONTEXT(2) 
PARAMETRIC_REPRESENTATION_CONTEXT() REPRESENTATION_CONTEXT('2D SPACE',''
  ) );
#14108 = PCURVE('',#12282,#14109);
#14109 = DEFINITIONAL_REPRESENTATION('',(#14110),#14114);
#14110 = LINE('',#14111,#14112);
#14111 = CARTESIAN_POINT('',(5.6,0.));
#14112 = VECTOR('',#14113,1.);
#14113 = DIRECTION('',(0.,-1.));
#14114 = ( GEOMETRIC_REPRESENTATION_CONTEXT(2) 
PARAMETRIC_REPRESENTATION_CONTEXT() REPRESENTATION_CONTEXT('2D SPACE',''
  ) );
#14115 = ORIENTED_EDGE('',*,*,#12182,.F.);
#14116 = ORIENTED_EDGE('',*,*,#14117,.F.);
#14117 = EDGE_CURVE('',#14002,#12183,#14118,.T.);
#14118 = SURFACE_CURVE('',#14119,(#14123,#14130),.PCURVE_S1.);
#14119 = LINE('',#14120,#14121);
#14120 = CARTESIAN_POINT('',(-11.45,-14.05,-4.1));
#14121 = VECTOR('',#14122,1.);
#14122 = DIRECTION('',(-1.,-0.,-0.));
#14123 = PCURVE('',#12200,#14124);
#14124 = DEFINITIONAL_REPRESENTATION('',(#14125),#14129);
#14125 = LINE('',#14126,#14127);
#14126 = CARTESIAN_POINT('',(8.2,0.));
#14127 = VECTOR('',#14128,1.);
#14128 = DIRECTION('',(0.,-1.));
#14129 = ( GEOMETRIC_REPRESENTATION_CONTEXT(2) 
PARAMETRIC_REPRESENTATION_CONTEXT() REPRESENTATION_CONTEXT('2D SPACE',''
  ) );
#14130 = PCURVE('',#12228,#14131);
#14131 = DEFINITIONAL_REPRESENTATION('',(#14132),#14136);
#14132 = LINE('',#14133,#14134);
#14133 = CARTESIAN_POINT('',(0.,0.));
#14134 = VECTOR('',#14135,1.);
#14135 = DIRECTION('',(0.,-1.));
#14136 = ( GEOMETRIC_REPRESENTATION_CONTEXT(2) 
PARAMETRIC_REPRESENTATION_CONTEXT() REPRESENTATION_CONTEXT('2D SPACE',''
  ) );
#14137 = ADVANCED_FACE('',(#14138),#12228,.F.);
#14138 = FACE_BOUND('',#14139,.F.);
#14139 = EDGE_LOOP('',(#14140,#14141,#14142,#14143));
#14140 = ORIENTED_EDGE('',*,*,#14070,.F.);
#14141 = ORIENTED_EDGE('',*,*,#14117,.T.);
#14142 = ORIENTED_EDGE('',*,*,#12212,.F.);
#14143 = ORIENTED_EDGE('',*,*,#14144,.F.);
#14144 = EDGE_CURVE('',#14048,#12213,#14145,.T.);
#14145 = SURFACE_CURVE('',#14146,(#14150,#14157),.PCURVE_S1.);
#14146 = LINE('',#14147,#14148);
#14147 = CARTESIAN_POINT('',(-11.45,-8.45,-4.1));
#14148 = VECTOR('',#14149,1.);
#14149 = DIRECTION('',(-1.,-0.,-0.));
#14150 = PCURVE('',#12228,#14151);
#14151 = DEFINITIONAL_REPRESENTATION('',(#14152),#14156);
#14152 = LINE('',#14153,#14154);
#14153 = CARTESIAN_POINT('',(5.6,0.));
#14154 = VECTOR('',#14155,1.);
#14155 = DIRECTION('',(0.,-1.));
#14156 = ( GEOMETRIC_REPRESENTATION_CONTEXT(2) 
PARAMETRIC_REPRESENTATION_CONTEXT() REPRESENTATION_CONTEXT('2D SPACE',''
  ) );
#14157 = PCURVE('',#12256,#14158);
#14158 = DEFINITIONAL_REPRESENTATION('',(#14159),#14163);
#14159 = LINE('',#14160,#14161);
#14160 = CARTESIAN_POINT('',(0.,0.));
#14161 = VECTOR('',#14162,1.);
#14162 = DIRECTION('',(0.,-1.));
#14163 = ( GEOMETRIC_REPRESENTATION_CONTEXT(2) 
PARAMETRIC_REPRESENTATION_CONTEXT() REPRESENTATION_CONTEXT('2D SPACE',''
  ) );
#14164 = ADVANCED_FACE('',(#14165),#12282,.F.);
#14165 = FACE_BOUND('',#14166,.F.);
#14166 = EDGE_LOOP('',(#14167,#14168,#14189,#14190));
#14167 = ORIENTED_EDGE('',*,*,#14024,.F.);
#14168 = ORIENTED_EDGE('',*,*,#14169,.T.);
#14169 = EDGE_CURVE('',#14025,#12241,#14170,.T.);
#14170 = SURFACE_CURVE('',#14171,(#14175,#14182),.PCURVE_S1.);
#14171 = LINE('',#14172,#14173);
#14172 = CARTESIAN_POINT('',(-11.45,-8.45,4.1));
#14173 = VECTOR('',#14174,1.);
#14174 = DIRECTION('',(-1.,-0.,-0.));
#14175 = PCURVE('',#12282,#14176);
#14176 = DEFINITIONAL_REPRESENTATION('',(#14177),#14181);
#14177 = LINE('',#14178,#14179);
#14178 = CARTESIAN_POINT('',(0.,0.));
#14179 = VECTOR('',#14180,1.);
#14180 = DIRECTION('',(0.,-1.));
#14181 = ( GEOMETRIC_REPRESENTATION_CONTEXT(2) 
PARAMETRIC_REPRESENTATION_CONTEXT() REPRESENTATION_CONTEXT('2D SPACE',''
  ) );
#14182 = PCURVE('',#12256,#14183);
#14183 = DEFINITIONAL_REPRESENTATION('',(#14184),#14188);
#14184 = LINE('',#14185,#14186);
#14185 = CARTESIAN_POINT('',(8.2,0.));
#14186 = VECTOR('',#14187,1.);
#14187 = DIRECTION('',(0.,-1.));
#14188 = ( GEOMETRIC_REPRESENTATION_CONTEXT(2) 
PARAMETRIC_REPRESENTATION_CONTEXT() REPRESENTATION_CONTEXT('2D SPACE',''
  ) );
#14189 = ORIENTED_EDGE('',*,*,#12268,.F.);
#14190 = ORIENTED_EDGE('',*,*,#14095,.F.);
#14191 = ADVANCED_FACE('',(#14192),#12256,.F.);
#14192 = FACE_BOUND('',#14193,.F.);
#14193 = EDGE_LOOP('',(#14194,#14195,#14196,#14197));
#14194 = ORIENTED_EDGE('',*,*,#14047,.F.);
#14195 = ORIENTED_EDGE('',*,*,#14144,.T.);
#14196 = ORIENTED_EDGE('',*,*,#12240,.F.);
#14197 = ORIENTED_EDGE('',*,*,#14169,.F.);
#14198 = ADVANCED_FACE('',(#14199),#12314,.F.);
#14199 = FACE_BOUND('',#14200,.F.);
#14200 = EDGE_LOOP('',(#14201,#14202,#14223,#14224));
#14201 = ORIENTED_EDGE('',*,*,#12296,.F.);
#14202 = ORIENTED_EDGE('',*,*,#14203,.T.);
#14203 = EDGE_CURVE('',#12297,#13932,#14204,.T.);
#14204 = SURFACE_CURVE('',#14205,(#14209,#14216),.PCURVE_S1.);
#14205 = LINE('',#14206,#14207);
#14206 = CARTESIAN_POINT('',(-17.25,-24.05,6.1));
#14207 = VECTOR('',#14208,1.);
#14208 = DIRECTION('',(1.,0.,0.));
#14209 = PCURVE('',#12314,#14210);
#14210 = DEFINITIONAL_REPRESENTATION('',(#14211),#14215);
#14211 = LINE('',#14212,#14213);
#14212 = CARTESIAN_POINT('',(0.,0.));
#14213 = VECTOR('',#14214,1.);
#14214 = DIRECTION('',(0.,-1.));
#14215 = ( GEOMETRIC_REPRESENTATION_CONTEXT(2) 
PARAMETRIC_REPRESENTATION_CONTEXT() REPRESENTATION_CONTEXT('2D SPACE',''
  ) );
#14216 = PCURVE('',#10224,#14217);
#14217 = DEFINITIONAL_REPRESENTATION('',(#14218),#14222);
#14218 = LINE('',#14219,#14220);
#14219 = CARTESIAN_POINT('',(13.138785046729,-12.8));
#14220 = VECTOR('',#14221,1.);
#14221 = DIRECTION('',(-1.,0.));
#14222 = ( GEOMETRIC_REPRESENTATION_CONTEXT(2) 
PARAMETRIC_REPRESENTATION_CONTEXT() REPRESENTATION_CONTEXT('2D SPACE',''
  ) );
#14223 = ORIENTED_EDGE('',*,*,#13929,.F.);
#14224 = ORIENTED_EDGE('',*,*,#14225,.F.);
#14225 = EDGE_CURVE('',#12299,#13930,#14226,.T.);
#14226 = SURFACE_CURVE('',#14227,(#14231,#14238),.PCURVE_S1.);
#14227 = LINE('',#14228,#14229);
#14228 = CARTESIAN_POINT('',(-17.25,-24.05,-6.1));
#14229 = VECTOR('',#14230,1.);
#14230 = DIRECTION('',(1.,0.,0.));
#14231 = PCURVE('',#12314,#14232);
#14232 = DEFINITIONAL_REPRESENTATION('',(#14233),#14237);
#14233 = LINE('',#14234,#14235);
#14234 = CARTESIAN_POINT('',(12.2,0.));
#14235 = VECTOR('',#14236,1.);
#14236 = DIRECTION('',(0.,-1.));
#14237 = ( GEOMETRIC_REPRESENTATION_CONTEXT(2) 
PARAMETRIC_REPRESENTATION_CONTEXT() REPRESENTATION_CONTEXT('2D SPACE',''
  ) );
#14238 = PCURVE('',#10170,#14239);
#14239 = DEFINITIONAL_REPRESENTATION('',(#14240),#14244);
#14240 = LINE('',#14241,#14242);
#14241 = CARTESIAN_POINT('',(-13.13878504672,-12.8));
#14242 = VECTOR('',#14243,1.);
#14243 = DIRECTION('',(1.,0.));
#14244 = ( GEOMETRIC_REPRESENTATION_CONTEXT(2) 
PARAMETRIC_REPRESENTATION_CONTEXT() REPRESENTATION_CONTEXT('2D SPACE',''
  ) );
#14245 = ADVANCED_FACE('',(#14246,#14292),#10198,.F.);
#14246 = FACE_BOUND('',#14247,.F.);
#14247 = EDGE_LOOP('',(#14248,#14249,#14270,#14271));
#14248 = ORIENTED_EDGE('',*,*,#12349,.F.);
#14249 = ORIENTED_EDGE('',*,*,#14250,.T.);
#14250 = EDGE_CURVE('',#12350,#10155,#14251,.T.);
#14251 = SURFACE_CURVE('',#14252,(#14256,#14263),.PCURVE_S1.);
#14252 = LINE('',#14253,#14254);
#14253 = CARTESIAN_POINT('',(-17.25,-26.85,-6.1));
#14254 = VECTOR('',#14255,1.);
#14255 = DIRECTION('',(1.,0.,0.));
#14256 = PCURVE('',#10198,#14257);
#14257 = DEFINITIONAL_REPRESENTATION('',(#14258),#14262);
#14258 = LINE('',#14259,#14260);
#14259 = CARTESIAN_POINT('',(0.,0.));
#14260 = VECTOR('',#14261,1.);
#14261 = DIRECTION('',(0.,-1.));
#14262 = ( GEOMETRIC_REPRESENTATION_CONTEXT(2) 
PARAMETRIC_REPRESENTATION_CONTEXT() REPRESENTATION_CONTEXT('2D SPACE',''
  ) );
#14263 = PCURVE('',#10170,#14264);
#14264 = DEFINITIONAL_REPRESENTATION('',(#14265),#14269);
#14265 = LINE('',#14266,#14267);
#14266 = CARTESIAN_POINT('',(-13.13878504672,-15.6));
#14267 = VECTOR('',#14268,1.);
#14268 = DIRECTION('',(1.,0.));
#14269 = ( GEOMETRIC_REPRESENTATION_CONTEXT(2) 
PARAMETRIC_REPRESENTATION_CONTEXT() REPRESENTATION_CONTEXT('2D SPACE',''
  ) );
#14270 = ORIENTED_EDGE('',*,*,#10182,.F.);
#14271 = ORIENTED_EDGE('',*,*,#14272,.F.);
#14272 = EDGE_CURVE('',#12327,#10183,#14273,.T.);
#14273 = SURFACE_CURVE('',#14274,(#14278,#14285),.PCURVE_S1.);
#14274 = LINE('',#14275,#14276);
#14275 = CARTESIAN_POINT('',(-17.25,-26.85,6.1));
#14276 = VECTOR('',#14277,1.);
#14277 = DIRECTION('',(1.,0.,0.));
#14278 = PCURVE('',#10198,#14279);
#14279 = DEFINITIONAL_REPRESENTATION('',(#14280),#14284);
#14280 = LINE('',#14281,#14282);
#14281 = CARTESIAN_POINT('',(12.2,0.));
#14282 = VECTOR('',#14283,1.);
#14283 = DIRECTION('',(0.,-1.));
#14284 = ( GEOMETRIC_REPRESENTATION_CONTEXT(2) 
PARAMETRIC_REPRESENTATION_CONTEXT() REPRESENTATION_CONTEXT('2D SPACE',''
  ) );
#14285 = PCURVE('',#10224,#14286);
#14286 = DEFINITIONAL_REPRESENTATION('',(#14287),#14291);
#14287 = LINE('',#14288,#14289);
#14288 = CARTESIAN_POINT('',(13.138785046729,-15.6));
#14289 = VECTOR('',#14290,1.);
#14290 = DIRECTION('',(-1.,0.));
#14291 = ( GEOMETRIC_REPRESENTATION_CONTEXT(2) 
PARAMETRIC_REPRESENTATION_CONTEXT() REPRESENTATION_CONTEXT('2D SPACE',''
  ) );
#14292 = FACE_BOUND('',#14293,.F.);
#14293 = EDGE_LOOP('',(#14294));
#14294 = ORIENTED_EDGE('',*,*,#14295,.T.);
#14295 = EDGE_CURVE('',#14296,#14296,#14298,.T.);
#14296 = VERTEX_POINT('',#14297);
#14297 = CARTESIAN_POINT('',(-13.00000006778,-26.85,2.E-15));
#14298 = SURFACE_CURVE('',#14299,(#14304,#14315),.PCURVE_S1.);
#14299 = CIRCLE('',#14300,0.9);
#14300 = AXIS2_PLACEMENT_3D('',#14301,#14302,#14303);
#14301 = CARTESIAN_POINT('',(-13.90000006778,-26.85,2.08E-15));
#14302 = DIRECTION('',(0.,1.,-2.2E-16));
#14303 = DIRECTION('',(1.,0.,0.));
#14304 = PCURVE('',#10198,#14305);
#14305 = DEFINITIONAL_REPRESENTATION('',(#14306),#14314);
#14306 = ( BOUNDED_CURVE() B_SPLINE_CURVE(2,(#14307,#14308,#14309,#14310
    ,#14311,#14312,#14313),.UNSPECIFIED.,.T.,.F.) 
B_SPLINE_CURVE_WITH_KNOTS((1,2,2,2,2,1),(-2.094395102393,0.,
    2.094395102393,4.188790204786,6.28318530718,8.377580409573),
.UNSPECIFIED.) CURVE() GEOMETRIC_REPRESENTATION_ITEM() 
RATIONAL_B_SPLINE_CURVE((1.,0.5,1.,0.5,1.,0.5,1.)) REPRESENTATION_ITEM(
  '') );
#14307 = CARTESIAN_POINT('',(6.1,-4.249999932218));
#14308 = CARTESIAN_POINT('',(4.541154273188,-4.249999932218));
#14309 = CARTESIAN_POINT('',(5.320577136594,-2.899999932218));
#14310 = CARTESIAN_POINT('',(6.1,-1.549999932218));
#14311 = CARTESIAN_POINT('',(6.879422863406,-2.899999932218));
#14312 = CARTESIAN_POINT('',(7.658845726812,-4.249999932218));
#14313 = CARTESIAN_POINT('',(6.1,-4.249999932218));
#14314 = ( GEOMETRIC_REPRESENTATION_CONTEXT(2) 
PARAMETRIC_REPRESENTATION_CONTEXT() REPRESENTATION_CONTEXT('2D SPACE',''
  ) );
#14315 = PCURVE('',#10335,#14316);
#14316 = DEFINITIONAL_REPRESENTATION('',(#14317),#14321);
#14317 = LINE('',#14318,#14319);
#14318 = CARTESIAN_POINT('',(-6.28318530718,2.8));
#14319 = VECTOR('',#14320,1.);
#14320 = DIRECTION('',(1.,-0.));
#14321 = ( GEOMETRIC_REPRESENTATION_CONTEXT(2) 
PARAMETRIC_REPRESENTATION_CONTEXT() REPRESENTATION_CONTEXT('2D SPACE',''
  ) );
#14322 = ADVANCED_FACE('',(#14323),#12464,.T.);
#14323 = FACE_BOUND('',#14324,.F.);
#14324 = EDGE_LOOP('',(#14325,#14326,#14347,#14348));
#14325 = ORIENTED_EDGE('',*,*,#12561,.T.);
#14326 = ORIENTED_EDGE('',*,*,#14327,.T.);
#14327 = EDGE_CURVE('',#12534,#12623,#14328,.T.);
#14328 = SURFACE_CURVE('',#14329,(#14333,#14340),.PCURVE_S1.);
#14329 = LINE('',#14330,#14331);
#14330 = CARTESIAN_POINT('',(-2.26,-16.75,17.1));
#14331 = VECTOR('',#14332,1.);
#14332 = DIRECTION('',(0.,-1.,0.));
#14333 = PCURVE('',#12464,#14334);
#14334 = DEFINITIONAL_REPRESENTATION('',(#14335),#14339);
#14335 = LINE('',#14336,#14337);
#14336 = CARTESIAN_POINT('',(-1.570796326795,0.));
#14337 = VECTOR('',#14338,1.);
#14338 = DIRECTION('',(-0.,1.));
#14339 = ( GEOMETRIC_REPRESENTATION_CONTEXT(2) 
PARAMETRIC_REPRESENTATION_CONTEXT() REPRESENTATION_CONTEXT('2D SPACE',''
  ) );
#14340 = PCURVE('',#12549,#14341);
#14341 = DEFINITIONAL_REPRESENTATION('',(#14342),#14346);
#14342 = LINE('',#14343,#14344);
#14343 = CARTESIAN_POINT('',(-1.E-02,-5.5));
#14344 = VECTOR('',#14345,1.);
#14345 = DIRECTION('',(0.,-1.));
#14346 = ( GEOMETRIC_REPRESENTATION_CONTEXT(2) 
PARAMETRIC_REPRESENTATION_CONTEXT() REPRESENTATION_CONTEXT('2D SPACE',''
  ) );
#14347 = ORIENTED_EDGE('',*,*,#12622,.F.);
#14348 = ORIENTED_EDGE('',*,*,#12450,.F.);
#14349 = ADVANCED_FACE('',(#14350),#12549,.T.);
#14350 = FACE_BOUND('',#14351,.T.);
#14351 = EDGE_LOOP('',(#14352,#14353,#14354,#14355));
#14352 = ORIENTED_EDGE('',*,*,#12533,.F.);
#14353 = ORIENTED_EDGE('',*,*,#14327,.T.);
#14354 = ORIENTED_EDGE('',*,*,#12646,.T.);
#14355 = ORIENTED_EDGE('',*,*,#14356,.T.);
#14356 = EDGE_CURVE('',#12647,#12505,#14357,.T.);
#14357 = SURFACE_CURVE('',#14358,(#14362,#14369),.PCURVE_S1.);
#14358 = LINE('',#14359,#14360);
#14359 = CARTESIAN_POINT('',(-2.24,-20.75,17.1));
#14360 = VECTOR('',#14361,1.);
#14361 = DIRECTION('',(0.,1.,0.));
#14362 = PCURVE('',#12549,#14363);
#14363 = DEFINITIONAL_REPRESENTATION('',(#14364),#14368);
#14364 = LINE('',#14365,#14366);
#14365 = CARTESIAN_POINT('',(1.E-02,-9.5));
#14366 = VECTOR('',#14367,1.);
#14367 = DIRECTION('',(0.,1.));
#14368 = ( GEOMETRIC_REPRESENTATION_CONTEXT(2) 
PARAMETRIC_REPRESENTATION_CONTEXT() REPRESENTATION_CONTEXT('2D SPACE',''
  ) );
#14369 = PCURVE('',#12521,#14370);
#14370 = DEFINITIONAL_REPRESENTATION('',(#14371),#14375);
#14371 = LINE('',#14372,#14373);
#14372 = CARTESIAN_POINT('',(-1.570796326795,0.));
#14373 = VECTOR('',#14374,1.);
#14374 = DIRECTION('',(-0.,1.));
#14375 = ( GEOMETRIC_REPRESENTATION_CONTEXT(2) 
PARAMETRIC_REPRESENTATION_CONTEXT() REPRESENTATION_CONTEXT('2D SPACE',''
  ) );
#14376 = ADVANCED_FACE('',(#14377),#12521,.T.);
#14377 = FACE_BOUND('',#14378,.F.);
#14378 = EDGE_LOOP('',(#14379,#14380,#14381,#14382));
#14379 = ORIENTED_EDGE('',*,*,#12669,.T.);
#14380 = ORIENTED_EDGE('',*,*,#14356,.T.);
#14381 = ORIENTED_EDGE('',*,*,#12504,.F.);
#14382 = ORIENTED_EDGE('',*,*,#12755,.F.);
#14383 = ADVANCED_FACE('',(#14384),#12606,.F.);
#14384 = FACE_BOUND('',#14385,.F.);
#14385 = EDGE_LOOP('',(#14386,#14407,#14408,#14409));
#14386 = ORIENTED_EDGE('',*,*,#14387,.T.);
#14387 = EDGE_CURVE('',#12722,#12590,#14388,.T.);
#14388 = SEAM_CURVE('',#14389,(#14393,#14400),.PCURVE_S1.);
#14389 = LINE('',#14390,#14391);
#14390 = CARTESIAN_POINT('',(-0.259980370662,-20.75,13.6));
#14391 = VECTOR('',#14392,1.);
#14392 = DIRECTION('',(0.,1.,-2.2E-16));
#14393 = PCURVE('',#12606,#14394);
#14394 = DEFINITIONAL_REPRESENTATION('',(#14395),#14399);
#14395 = LINE('',#14396,#14397);
#14396 = CARTESIAN_POINT('',(0.,0.));
#14397 = VECTOR('',#14398,1.);
#14398 = DIRECTION('',(0.,-1.));
#14399 = ( GEOMETRIC_REPRESENTATION_CONTEXT(2) 
PARAMETRIC_REPRESENTATION_CONTEXT() REPRESENTATION_CONTEXT('2D SPACE',''
  ) );
#14400 = PCURVE('',#12606,#14401);
#14401 = DEFINITIONAL_REPRESENTATION('',(#14402),#14406);
#14402 = LINE('',#14403,#14404);
#14403 = CARTESIAN_POINT('',(6.28318530718,0.));
#14404 = VECTOR('',#14405,1.);
#14405 = DIRECTION('',(0.,-1.));
#14406 = ( GEOMETRIC_REPRESENTATION_CONTEXT(2) 
PARAMETRIC_REPRESENTATION_CONTEXT() REPRESENTATION_CONTEXT('2D SPACE',''
  ) );
#14407 = ORIENTED_EDGE('',*,*,#12589,.T.);
#14408 = ORIENTED_EDGE('',*,*,#14387,.F.);
#14409 = ORIENTED_EDGE('',*,*,#12721,.F.);
#14410 = ADVANCED_FACE('',(#14411),#12840,.T.);
#14411 = FACE_BOUND('',#14412,.F.);
#14412 = EDGE_LOOP('',(#14413,#14414,#14435,#14436));
#14413 = ORIENTED_EDGE('',*,*,#12935,.T.);
#14414 = ORIENTED_EDGE('',*,*,#14415,.T.);
#14415 = EDGE_CURVE('',#12908,#13027,#14416,.T.);
#14416 = SURFACE_CURVE('',#14417,(#14421,#14428),.PCURVE_S1.);
#14417 = LINE('',#14418,#14419);
#14418 = CARTESIAN_POINT('',(-2.26,-1.75,17.1));
#14419 = VECTOR('',#14420,1.);
#14420 = DIRECTION('',(0.,-1.,0.));
#14421 = PCURVE('',#12840,#14422);
#14422 = DEFINITIONAL_REPRESENTATION('',(#14423),#14427);
#14423 = LINE('',#14424,#14425);
#14424 = CARTESIAN_POINT('',(-1.570796326795,0.));
#14425 = VECTOR('',#14426,1.);
#14426 = DIRECTION('',(-0.,1.));
#14427 = ( GEOMETRIC_REPRESENTATION_CONTEXT(2) 
PARAMETRIC_REPRESENTATION_CONTEXT() REPRESENTATION_CONTEXT('2D SPACE',''
  ) );
#14428 = PCURVE('',#12923,#14429);
#14429 = DEFINITIONAL_REPRESENTATION('',(#14430),#14434);
#14430 = LINE('',#14431,#14432);
#14431 = CARTESIAN_POINT('',(-1.E-02,9.5));
#14432 = VECTOR('',#14433,1.);
#14433 = DIRECTION('',(0.,-1.));
#14434 = ( GEOMETRIC_REPRESENTATION_CONTEXT(2) 
PARAMETRIC_REPRESENTATION_CONTEXT() REPRESENTATION_CONTEXT('2D SPACE',''
  ) );
#14435 = ORIENTED_EDGE('',*,*,#13026,.F.);
#14436 = ORIENTED_EDGE('',*,*,#12826,.F.);
#14437 = ADVANCED_FACE('',(#14438),#12895,.T.);
#14438 = FACE_BOUND('',#14439,.F.);
#14439 = EDGE_LOOP('',(#14440,#14441,#14462,#14463));
#14440 = ORIENTED_EDGE('',*,*,#13073,.T.);
#14441 = ORIENTED_EDGE('',*,*,#14442,.T.);
#14442 = EDGE_CURVE('',#13051,#12879,#14443,.T.);
#14443 = SURFACE_CURVE('',#14444,(#14448,#14455),.PCURVE_S1.);
#14444 = LINE('',#14445,#14446);
#14445 = CARTESIAN_POINT('',(-2.24,-5.75,17.1));
#14446 = VECTOR('',#14447,1.);
#14447 = DIRECTION('',(0.,1.,0.));
#14448 = PCURVE('',#12895,#14449);
#14449 = DEFINITIONAL_REPRESENTATION('',(#14450),#14454);
#14450 = LINE('',#14451,#14452);
#14451 = CARTESIAN_POINT('',(-1.570796326795,0.));
#14452 = VECTOR('',#14453,1.);
#14453 = DIRECTION('',(-0.,1.));
#14454 = ( GEOMETRIC_REPRESENTATION_CONTEXT(2) 
PARAMETRIC_REPRESENTATION_CONTEXT() REPRESENTATION_CONTEXT('2D SPACE',''
  ) );
#14455 = PCURVE('',#12923,#14456);
#14456 = DEFINITIONAL_REPRESENTATION('',(#14457),#14461);
#14457 = LINE('',#14458,#14459);
#14458 = CARTESIAN_POINT('',(1.E-02,5.5));
#14459 = VECTOR('',#14460,1.);
#14460 = DIRECTION('',(0.,1.));
#14461 = ( GEOMETRIC_REPRESENTATION_CONTEXT(2) 
PARAMETRIC_REPRESENTATION_CONTEXT() REPRESENTATION_CONTEXT('2D SPACE',''
  ) );
#14462 = ORIENTED_EDGE('',*,*,#12878,.F.);
#14463 = ORIENTED_EDGE('',*,*,#13131,.F.);
#14464 = ADVANCED_FACE('',(#14465),#12923,.T.);
#14465 = FACE_BOUND('',#14466,.T.);
#14466 = EDGE_LOOP('',(#14467,#14468,#14469,#14470));
#14467 = ORIENTED_EDGE('',*,*,#12907,.T.);
#14468 = ORIENTED_EDGE('',*,*,#14415,.T.);
#14469 = ORIENTED_EDGE('',*,*,#13050,.F.);
#14470 = ORIENTED_EDGE('',*,*,#14442,.T.);
#14471 = ADVANCED_FACE('',(#14472),#12986,.F.);
#14472 = FACE_BOUND('',#14473,.F.);
#14473 = EDGE_LOOP('',(#14474,#14495,#14496,#14497));
#14474 = ORIENTED_EDGE('',*,*,#14475,.T.);
#14475 = EDGE_CURVE('',#12966,#13102,#14476,.T.);
#14476 = SEAM_CURVE('',#14477,(#14481,#14488),.PCURVE_S1.);
#14477 = LINE('',#14478,#14479);
#14478 = CARTESIAN_POINT('',(-4.240022376034,-1.75,13.6));
#14479 = VECTOR('',#14480,1.);
#14480 = DIRECTION('',(0.,-1.,2.2E-16));
#14481 = PCURVE('',#12986,#14482);
#14482 = DEFINITIONAL_REPRESENTATION('',(#14483),#14487);
#14483 = LINE('',#14484,#14485);
#14484 = CARTESIAN_POINT('',(0.,0.));
#14485 = VECTOR('',#14486,1.);
#14486 = DIRECTION('',(0.,-1.));
#14487 = ( GEOMETRIC_REPRESENTATION_CONTEXT(2) 
PARAMETRIC_REPRESENTATION_CONTEXT() REPRESENTATION_CONTEXT('2D SPACE',''
  ) );
#14488 = PCURVE('',#12986,#14489);
#14489 = DEFINITIONAL_REPRESENTATION('',(#14490),#14494);
#14490 = LINE('',#14491,#14492);
#14491 = CARTESIAN_POINT('',(6.28318530718,0.));
#14492 = VECTOR('',#14493,1.);
#14493 = DIRECTION('',(0.,-1.));
#14494 = ( GEOMETRIC_REPRESENTATION_CONTEXT(2) 
PARAMETRIC_REPRESENTATION_CONTEXT() REPRESENTATION_CONTEXT('2D SPACE',''
  ) );
#14495 = ORIENTED_EDGE('',*,*,#13101,.T.);
#14496 = ORIENTED_EDGE('',*,*,#14475,.F.);
#14497 = ORIENTED_EDGE('',*,*,#12965,.F.);
#14498 = ADVANCED_FACE('',(#14499),#13251,.F.);
#14499 = FACE_BOUND('',#14500,.T.);
#14500 = EDGE_LOOP('',(#14501,#14502,#14522,#14523));
#14501 = ORIENTED_EDGE('',*,*,#13230,.T.);
#14502 = ORIENTED_EDGE('',*,*,#14503,.T.);
#14503 = EDGE_CURVE('',#13231,#13823,#14504,.T.);
#14504 = SEAM_CURVE('',#14505,(#14508,#14515),.PCURVE_S1.);
#14505 = B_SPLINE_CURVE_WITH_KNOTS('',1,(#14506,#14507),.UNSPECIFIED.,
  .F.,.F.,(2,2),(-1.,5.),.PIECEWISE_BEZIER_KNOTS.);
#14506 = CARTESIAN_POINT('',(-14.80000005978,8.15,-4.4E-16));
#14507 = CARTESIAN_POINT('',(-14.80000005978,2.15,8.9E-16));
#14508 = PCURVE('',#13251,#14509);
#14509 = DEFINITIONAL_REPRESENTATION('',(#14510),#14514);
#14510 = LINE('',#14511,#14512);
#14511 = CARTESIAN_POINT('',(-0.,0.));
#14512 = VECTOR('',#14513,1.);
#14513 = DIRECTION('',(-0.,1.));
#14514 = ( GEOMETRIC_REPRESENTATION_CONTEXT(2) 
PARAMETRIC_REPRESENTATION_CONTEXT() REPRESENTATION_CONTEXT('2D SPACE',''
  ) );
#14515 = PCURVE('',#13251,#14516);
#14516 = DEFINITIONAL_REPRESENTATION('',(#14517),#14521);
#14517 = LINE('',#14518,#14519);
#14518 = CARTESIAN_POINT('',(-6.28318530718,0.));
#14519 = VECTOR('',#14520,1.);
#14520 = DIRECTION('',(-0.,1.));
#14521 = ( GEOMETRIC_REPRESENTATION_CONTEXT(2) 
PARAMETRIC_REPRESENTATION_CONTEXT() REPRESENTATION_CONTEXT('2D SPACE',''
  ) );
#14522 = ORIENTED_EDGE('',*,*,#13822,.T.);
#14523 = ORIENTED_EDGE('',*,*,#14503,.F.);
#14524 = ADVANCED_FACE('',(#14525),#10335,.F.);
#14525 = FACE_BOUND('',#14526,.T.);
#14526 = EDGE_LOOP('',(#14527,#14547,#14548,#14549));
#14527 = ORIENTED_EDGE('',*,*,#14528,.F.);
#14528 = EDGE_CURVE('',#10315,#14296,#14529,.T.);
#14529 = SEAM_CURVE('',#14530,(#14533,#14540),.PCURVE_S1.);
#14530 = B_SPLINE_CURVE_WITH_KNOTS('',1,(#14531,#14532),.UNSPECIFIED.,
  .F.,.F.,(2,2),(-1.,5.),.PIECEWISE_BEZIER_KNOTS.);
#14531 = CARTESIAN_POINT('',(-13.00000006778,-30.65,2.92E-15));
#14532 = CARTESIAN_POINT('',(-13.00000006778,-24.65,1.59E-15));
#14533 = PCURVE('',#10335,#14534);
#14534 = DEFINITIONAL_REPRESENTATION('',(#14535),#14539);
#14535 = LINE('',#14536,#14537);
#14536 = CARTESIAN_POINT('',(-0.,0.));
#14537 = VECTOR('',#14538,1.);
#14538 = DIRECTION('',(-0.,1.));
#14539 = ( GEOMETRIC_REPRESENTATION_CONTEXT(2) 
PARAMETRIC_REPRESENTATION_CONTEXT() REPRESENTATION_CONTEXT('2D SPACE',''
  ) );
#14540 = PCURVE('',#10335,#14541);
#14541 = DEFINITIONAL_REPRESENTATION('',(#14542),#14546);
#14542 = LINE('',#14543,#14544);
#14543 = CARTESIAN_POINT('',(-6.28318530718,0.));
#14544 = VECTOR('',#14545,1.);
#14545 = DIRECTION('',(-0.,1.));
#14546 = ( GEOMETRIC_REPRESENTATION_CONTEXT(2) 
PARAMETRIC_REPRESENTATION_CONTEXT() REPRESENTATION_CONTEXT('2D SPACE',''
  ) );
#14547 = ORIENTED_EDGE('',*,*,#10314,.T.);
#14548 = ORIENTED_EDGE('',*,*,#14528,.T.);
#14549 = ORIENTED_EDGE('',*,*,#14295,.T.);
#14550 = ADVANCED_FACE('',(#14551),#13376,.T.);
#14551 = FACE_BOUND('',#14552,.T.);
#14552 = EDGE_LOOP('',(#14553,#14554,#14555,#14556));
#14553 = ORIENTED_EDGE('',*,*,#13463,.T.);
#14554 = ORIENTED_EDGE('',*,*,#13512,.T.);
#14555 = ORIENTED_EDGE('',*,*,#13436,.T.);
#14556 = ORIENTED_EDGE('',*,*,#13360,.T.);
#14557 = ADVANCED_FACE('',(#14558,#14672,#14718),#13614,.T.);
#14558 = FACE_BOUND('',#14559,.T.);
#14559 = EDGE_LOOP('',(#14560,#14590,#14618,#14646));
#14560 = ORIENTED_EDGE('',*,*,#14561,.F.);
#14561 = EDGE_CURVE('',#14562,#14564,#14566,.T.);
#14562 = VERTEX_POINT('',#14563);
#14563 = CARTESIAN_POINT('',(11.25,-0.45,-7.1));
#14564 = VERTEX_POINT('',#14565);
#14565 = CARTESIAN_POINT('',(11.25,-0.45,-9.1));
#14566 = SURFACE_CURVE('',#14567,(#14571,#14578),.PCURVE_S1.);
#14567 = LINE('',#14568,#14569);
#14568 = CARTESIAN_POINT('',(11.25,-0.45,-7.3));
#14569 = VECTOR('',#14570,1.);
#14570 = DIRECTION('',(0.,0.,-1.));
#14571 = PCURVE('',#13614,#14572);
#14572 = DEFINITIONAL_REPRESENTATION('',(#14573),#14577);
#14573 = LINE('',#14574,#14575);
#14574 = CARTESIAN_POINT('',(0.8,-10.3));
#14575 = VECTOR('',#14576,1.);
#14576 = DIRECTION('',(-1.,0.));
#14577 = ( GEOMETRIC_REPRESENTATION_CONTEXT(2) 
PARAMETRIC_REPRESENTATION_CONTEXT() REPRESENTATION_CONTEXT('2D SPACE',''
  ) );
#14578 = PCURVE('',#14579,#14584);
#14579 = CYLINDRICAL_SURFACE('',#14580,0.2);
#14580 = AXIS2_PLACEMENT_3D('',#14581,#14582,#14583);
#14581 = CARTESIAN_POINT('',(11.05,-0.45,-7.3));
#14582 = DIRECTION('',(0.,0.,-1.));
#14583 = DIRECTION('',(1.,0.,0.));
#14584 = DEFINITIONAL_REPRESENTATION('',(#14585),#14589);
#14585 = LINE('',#14586,#14587);
#14586 = CARTESIAN_POINT('',(-0.,0.));
#14587 = VECTOR('',#14588,1.);
#14588 = DIRECTION('',(-0.,1.));
#14589 = ( GEOMETRIC_REPRESENTATION_CONTEXT(2) 
PARAMETRIC_REPRESENTATION_CONTEXT() REPRESENTATION_CONTEXT('2D SPACE',''
  ) );
#14590 = ORIENTED_EDGE('',*,*,#14591,.F.);
#14591 = EDGE_CURVE('',#14592,#14562,#14594,.T.);
#14592 = VERTEX_POINT('',#14593);
#14593 = CARTESIAN_POINT('',(11.25,7.35,-7.1));
#14594 = SURFACE_CURVE('',#14595,(#14599,#14606),.PCURVE_S1.);
#14595 = LINE('',#14596,#14597);
#14596 = CARTESIAN_POINT('',(11.25,7.15,-7.1));
#14597 = VECTOR('',#14598,1.);
#14598 = DIRECTION('',(0.,-1.,0.));
#14599 = PCURVE('',#13614,#14600);
#14600 = DEFINITIONAL_REPRESENTATION('',(#14601),#14605);
#14601 = LINE('',#14602,#14603);
#14602 = CARTESIAN_POINT('',(1.,-17.9));
#14603 = VECTOR('',#14604,1.);
#14604 = DIRECTION('',(0.,1.));
#14605 = ( GEOMETRIC_REPRESENTATION_CONTEXT(2) 
PARAMETRIC_REPRESENTATION_CONTEXT() REPRESENTATION_CONTEXT('2D SPACE',''
  ) );
#14606 = PCURVE('',#14607,#14612);
#14607 = CYLINDRICAL_SURFACE('',#14608,0.2);
#14608 = AXIS2_PLACEMENT_3D('',#14609,#14610,#14611);
#14609 = CARTESIAN_POINT('',(11.05,7.15,-7.1));
#14610 = DIRECTION('',(0.,-1.,0.));
#14611 = DIRECTION('',(1.,0.,0.));
#14612 = DEFINITIONAL_REPRESENTATION('',(#14613),#14617);
#14613 = LINE('',#14614,#14615);
#14614 = CARTESIAN_POINT('',(-0.,0.));
#14615 = VECTOR('',#14616,1.);
#14616 = DIRECTION('',(-0.,1.));
#14617 = ( GEOMETRIC_REPRESENTATION_CONTEXT(2) 
PARAMETRIC_REPRESENTATION_CONTEXT() REPRESENTATION_CONTEXT('2D SPACE',''
  ) );
#14618 = ORIENTED_EDGE('',*,*,#14619,.F.);
#14619 = EDGE_CURVE('',#14620,#14592,#14622,.T.);
#14620 = VERTEX_POINT('',#14621);
#14621 = CARTESIAN_POINT('',(11.25,7.35,-9.1));
#14622 = SURFACE_CURVE('',#14623,(#14627,#14634),.PCURVE_S1.);
#14623 = LINE('',#14624,#14625);
#14624 = CARTESIAN_POINT('',(11.25,7.35,-8.9));
#14625 = VECTOR('',#14626,1.);
#14626 = DIRECTION('',(0.,0.,1.));
#14627 = PCURVE('',#13614,#14628);
#14628 = DEFINITIONAL_REPRESENTATION('',(#14629),#14633);
#14629 = LINE('',#14630,#14631);
#14630 = CARTESIAN_POINT('',(-0.8,-18.1));
#14631 = VECTOR('',#14632,1.);
#14632 = DIRECTION('',(1.,0.));
#14633 = ( GEOMETRIC_REPRESENTATION_CONTEXT(2) 
PARAMETRIC_REPRESENTATION_CONTEXT() REPRESENTATION_CONTEXT('2D SPACE',''
  ) );
#14634 = PCURVE('',#14635,#14640);
#14635 = CYLINDRICAL_SURFACE('',#14636,0.2);
#14636 = AXIS2_PLACEMENT_3D('',#14637,#14638,#14639);
#14637 = CARTESIAN_POINT('',(11.05,7.35,-8.9));
#14638 = DIRECTION('',(0.,0.,1.));
#14639 = DIRECTION('',(1.,0.,0.));
#14640 = DEFINITIONAL_REPRESENTATION('',(#14641),#14645);
#14641 = LINE('',#14642,#14643);
#14642 = CARTESIAN_POINT('',(-0.,0.));
#14643 = VECTOR('',#14644,1.);
#14644 = DIRECTION('',(-0.,1.));
#14645 = ( GEOMETRIC_REPRESENTATION_CONTEXT(2) 
PARAMETRIC_REPRESENTATION_CONTEXT() REPRESENTATION_CONTEXT('2D SPACE',''
  ) );
#14646 = ORIENTED_EDGE('',*,*,#14647,.F.);
#14647 = EDGE_CURVE('',#14564,#14620,#14648,.T.);
#14648 = SURFACE_CURVE('',#14649,(#14653,#14660),.PCURVE_S1.);
#14649 = LINE('',#14650,#14651);
#14650 = CARTESIAN_POINT('',(11.25,-0.25,-9.1));
#14651 = VECTOR('',#14652,1.);
#14652 = DIRECTION('',(0.,1.,0.));
#14653 = PCURVE('',#13614,#14654);
#14654 = DEFINITIONAL_REPRESENTATION('',(#14655),#14659);
#14655 = LINE('',#14656,#14657);
#14656 = CARTESIAN_POINT('',(-1.,-10.5));
#14657 = VECTOR('',#14658,1.);
#14658 = DIRECTION('',(0.,-1.));
#14659 = ( GEOMETRIC_REPRESENTATION_CONTEXT(2) 
PARAMETRIC_REPRESENTATION_CONTEXT() REPRESENTATION_CONTEXT('2D SPACE',''
  ) );
#14660 = PCURVE('',#14661,#14666);
#14661 = CYLINDRICAL_SURFACE('',#14662,0.2);
#14662 = AXIS2_PLACEMENT_3D('',#14663,#14664,#14665);
#14663 = CARTESIAN_POINT('',(11.05,-0.25,-9.1));
#14664 = DIRECTION('',(0.,1.,0.));
#14665 = DIRECTION('',(1.,0.,0.));
#14666 = DEFINITIONAL_REPRESENTATION('',(#14667),#14671);
#14667 = LINE('',#14668,#14669);
#14668 = CARTESIAN_POINT('',(-0.,0.));
#14669 = VECTOR('',#14670,1.);
#14670 = DIRECTION('',(-0.,1.));
#14671 = ( GEOMETRIC_REPRESENTATION_CONTEXT(2) 
PARAMETRIC_REPRESENTATION_CONTEXT() REPRESENTATION_CONTEXT('2D SPACE',''
  ) );
#14672 = FACE_BOUND('',#14673,.T.);
#14673 = EDGE_LOOP('',(#14674,#14695,#14696,#14717));
#14674 = ORIENTED_EDGE('',*,*,#14675,.F.);
#14675 = EDGE_CURVE('',#13599,#13707,#14676,.T.);
#14676 = SURFACE_CURVE('',#14677,(#14681,#14688),.PCURVE_S1.);
#14677 = LINE('',#14678,#14679);
#14678 = CARTESIAN_POINT('',(11.25,13.95,-6.1));
#14679 = VECTOR('',#14680,1.);
#14680 = DIRECTION('',(0.,1.,3.7E-16));
#14681 = PCURVE('',#13614,#14682);
#14682 = DEFINITIONAL_REPRESENTATION('',(#14683),#14687);
#14683 = LINE('',#14684,#14685);
#14684 = CARTESIAN_POINT('',(2.,-24.7));
#14685 = VECTOR('',#14686,1.);
#14686 = DIRECTION('',(3.7E-16,-1.));
#14687 = ( GEOMETRIC_REPRESENTATION_CONTEXT(2) 
PARAMETRIC_REPRESENTATION_CONTEXT() REPRESENTATION_CONTEXT('2D SPACE',''
  ) );
#14688 = PCURVE('',#10170,#14689);
#14689 = DEFINITIONAL_REPRESENTATION('',(#14690),#14694);
#14690 = LINE('',#14691,#14692);
#14691 = CARTESIAN_POINT('',(15.361214953271,25.2));
#14692 = VECTOR('',#14693,1.);
#14693 = DIRECTION('',(0.,1.));
#14694 = ( GEOMETRIC_REPRESENTATION_CONTEXT(2) 
PARAMETRIC_REPRESENTATION_CONTEXT() REPRESENTATION_CONTEXT('2D SPACE',''
  ) );
#14695 = ORIENTED_EDGE('',*,*,#13598,.T.);
#14696 = ORIENTED_EDGE('',*,*,#14697,.F.);
#14697 = EDGE_CURVE('',#13730,#13571,#14698,.T.);
#14698 = SURFACE_CURVE('',#14699,(#14703,#14710),.PCURVE_S1.);
#14699 = LINE('',#14700,#14701);
#14700 = CARTESIAN_POINT('',(11.25,13.95,-10.1));
#14701 = VECTOR('',#14702,1.);
#14702 = DIRECTION('',(0.,-1.,0.));
#14703 = PCURVE('',#13614,#14704);
#14704 = DEFINITIONAL_REPRESENTATION('',(#14705),#14709);
#14705 = LINE('',#14706,#14707);
#14706 = CARTESIAN_POINT('',(-2.,-24.7));
#14707 = VECTOR('',#14708,1.);
#14708 = DIRECTION('',(0.,1.));
#14709 = ( GEOMETRIC_REPRESENTATION_CONTEXT(2) 
PARAMETRIC_REPRESENTATION_CONTEXT() REPRESENTATION_CONTEXT('2D SPACE',''
  ) );
#14710 = PCURVE('',#13586,#14711);
#14711 = DEFINITIONAL_REPRESENTATION('',(#14712),#14716);
#14712 = LINE('',#14713,#14714);
#14713 = CARTESIAN_POINT('',(-13.25,24.7));
#14714 = VECTOR('',#14715,1.);
#14715 = DIRECTION('',(0.,-1.));
#14716 = ( GEOMETRIC_REPRESENTATION_CONTEXT(2) 
PARAMETRIC_REPRESENTATION_CONTEXT() REPRESENTATION_CONTEXT('2D SPACE',''
  ) );
#14717 = ORIENTED_EDGE('',*,*,#13729,.F.);
#14718 = FACE_BOUND('',#14719,.T.);
#14719 = EDGE_LOOP('',(#14720,#14750,#14778,#14806));
#14720 = ORIENTED_EDGE('',*,*,#14721,.F.);
#14721 = EDGE_CURVE('',#14722,#14724,#14726,.T.);
#14722 = VERTEX_POINT('',#14723);
#14723 = CARTESIAN_POINT('',(11.25,-22.05,-7.1));
#14724 = VERTEX_POINT('',#14725);
#14725 = CARTESIAN_POINT('',(11.25,-29.85,-7.1));
#14726 = SURFACE_CURVE('',#14727,(#14731,#14738),.PCURVE_S1.);
#14727 = LINE('',#14728,#14729);
#14728 = CARTESIAN_POINT('',(11.25,-22.25,-7.1));
#14729 = VECTOR('',#14730,1.);
#14730 = DIRECTION('',(0.,-1.,0.));
#14731 = PCURVE('',#13614,#14732);
#14732 = DEFINITIONAL_REPRESENTATION('',(#14733),#14737);
#14733 = LINE('',#14734,#14735);
#14734 = CARTESIAN_POINT('',(1.,11.5));
#14735 = VECTOR('',#14736,1.);
#14736 = DIRECTION('',(0.,1.));
#14737 = ( GEOMETRIC_REPRESENTATION_CONTEXT(2) 
PARAMETRIC_REPRESENTATION_CONTEXT() REPRESENTATION_CONTEXT('2D SPACE',''
  ) );
#14738 = PCURVE('',#14739,#14744);
#14739 = CYLINDRICAL_SURFACE('',#14740,0.2);
#14740 = AXIS2_PLACEMENT_3D('',#14741,#14742,#14743);
#14741 = CARTESIAN_POINT('',(11.05,-22.25,-7.1));
#14742 = DIRECTION('',(0.,-1.,0.));
#14743 = DIRECTION('',(1.,0.,0.));
#14744 = DEFINITIONAL_REPRESENTATION('',(#14745),#14749);
#14745 = LINE('',#14746,#14747);
#14746 = CARTESIAN_POINT('',(-0.,0.));
#14747 = VECTOR('',#14748,1.);
#14748 = DIRECTION('',(-0.,1.));
#14749 = ( GEOMETRIC_REPRESENTATION_CONTEXT(2) 
PARAMETRIC_REPRESENTATION_CONTEXT() REPRESENTATION_CONTEXT('2D SPACE',''
  ) );
#14750 = ORIENTED_EDGE('',*,*,#14751,.F.);
#14751 = EDGE_CURVE('',#14752,#14722,#14754,.T.);
#14752 = VERTEX_POINT('',#14753);
#14753 = CARTESIAN_POINT('',(11.25,-22.05,-9.1));
#14754 = SURFACE_CURVE('',#14755,(#14759,#14766),.PCURVE_S1.);
#14755 = LINE('',#14756,#14757);
#14756 = CARTESIAN_POINT('',(11.25,-22.05,-8.9));
#14757 = VECTOR('',#14758,1.);
#14758 = DIRECTION('',(0.,0.,1.));
#14759 = PCURVE('',#13614,#14760);
#14760 = DEFINITIONAL_REPRESENTATION('',(#14761),#14765);
#14761 = LINE('',#14762,#14763);
#14762 = CARTESIAN_POINT('',(-0.8,11.3));
#14763 = VECTOR('',#14764,1.);
#14764 = DIRECTION('',(1.,0.));
#14765 = ( GEOMETRIC_REPRESENTATION_CONTEXT(2) 
PARAMETRIC_REPRESENTATION_CONTEXT() REPRESENTATION_CONTEXT('2D SPACE',''
  ) );
#14766 = PCURVE('',#14767,#14772);
#14767 = CYLINDRICAL_SURFACE('',#14768,0.2);
#14768 = AXIS2_PLACEMENT_3D('',#14769,#14770,#14771);
#14769 = CARTESIAN_POINT('',(11.05,-22.05,-8.9));
#14770 = DIRECTION('',(0.,0.,1.));
#14771 = DIRECTION('',(1.,0.,0.));
#14772 = DEFINITIONAL_REPRESENTATION('',(#14773),#14777);
#14773 = LINE('',#14774,#14775);
#14774 = CARTESIAN_POINT('',(-0.,0.));
#14775 = VECTOR('',#14776,1.);
#14776 = DIRECTION('',(-0.,1.));
#14777 = ( GEOMETRIC_REPRESENTATION_CONTEXT(2) 
PARAMETRIC_REPRESENTATION_CONTEXT() REPRESENTATION_CONTEXT('2D SPACE',''
  ) );
#14778 = ORIENTED_EDGE('',*,*,#14779,.F.);
#14779 = EDGE_CURVE('',#14780,#14752,#14782,.T.);
#14780 = VERTEX_POINT('',#14781);
#14781 = CARTESIAN_POINT('',(11.25,-29.85,-9.1));
#14782 = SURFACE_CURVE('',#14783,(#14787,#14794),.PCURVE_S1.);
#14783 = LINE('',#14784,#14785);
#14784 = CARTESIAN_POINT('',(11.25,-29.65,-9.1));
#14785 = VECTOR('',#14786,1.);
#14786 = DIRECTION('',(0.,1.,0.));
#14787 = PCURVE('',#13614,#14788);
#14788 = DEFINITIONAL_REPRESENTATION('',(#14789),#14793);
#14789 = LINE('',#14790,#14791);
#14790 = CARTESIAN_POINT('',(-1.,18.9));
#14791 = VECTOR('',#14792,1.);
#14792 = DIRECTION('',(0.,-1.));
#14793 = ( GEOMETRIC_REPRESENTATION_CONTEXT(2) 
PARAMETRIC_REPRESENTATION_CONTEXT() REPRESENTATION_CONTEXT('2D SPACE',''
  ) );
#14794 = PCURVE('',#14795,#14800);
#14795 = CYLINDRICAL_SURFACE('',#14796,0.2);
#14796 = AXIS2_PLACEMENT_3D('',#14797,#14798,#14799);
#14797 = CARTESIAN_POINT('',(11.05,-29.65,-9.1));
#14798 = DIRECTION('',(0.,1.,0.));
#14799 = DIRECTION('',(1.,0.,0.));
#14800 = DEFINITIONAL_REPRESENTATION('',(#14801),#14805);
#14801 = LINE('',#14802,#14803);
#14802 = CARTESIAN_POINT('',(-0.,0.));
#14803 = VECTOR('',#14804,1.);
#14804 = DIRECTION('',(-0.,1.));
#14805 = ( GEOMETRIC_REPRESENTATION_CONTEXT(2) 
PARAMETRIC_REPRESENTATION_CONTEXT() REPRESENTATION_CONTEXT('2D SPACE',''
  ) );
#14806 = ORIENTED_EDGE('',*,*,#14807,.F.);
#14807 = EDGE_CURVE('',#14724,#14780,#14808,.T.);
#14808 = SURFACE_CURVE('',#14809,(#14813,#14820),.PCURVE_S1.);
#14809 = LINE('',#14810,#14811);
#14810 = CARTESIAN_POINT('',(11.25,-29.85,-7.3));
#14811 = VECTOR('',#14812,1.);
#14812 = DIRECTION('',(0.,0.,-1.));
#14813 = PCURVE('',#13614,#14814);
#14814 = DEFINITIONAL_REPRESENTATION('',(#14815),#14819);
#14815 = LINE('',#14816,#14817);
#14816 = CARTESIAN_POINT('',(0.8,19.1));
#14817 = VECTOR('',#14818,1.);
#14818 = DIRECTION('',(-1.,0.));
#14819 = ( GEOMETRIC_REPRESENTATION_CONTEXT(2) 
PARAMETRIC_REPRESENTATION_CONTEXT() REPRESENTATION_CONTEXT('2D SPACE',''
  ) );
#14820 = PCURVE('',#14821,#14826);
#14821 = CYLINDRICAL_SURFACE('',#14822,0.2);
#14822 = AXIS2_PLACEMENT_3D('',#14823,#14824,#14825);
#14823 = CARTESIAN_POINT('',(11.05,-29.85,-7.3));
#14824 = DIRECTION('',(0.,0.,-1.));
#14825 = DIRECTION('',(1.,0.,0.));
#14826 = DEFINITIONAL_REPRESENTATION('',(#14827),#14831);
#14827 = LINE('',#14828,#14829);
#14828 = CARTESIAN_POINT('',(-0.,0.));
#14829 = VECTOR('',#14830,1.);
#14830 = DIRECTION('',(-0.,1.));
#14831 = ( GEOMETRIC_REPRESENTATION_CONTEXT(2) 
PARAMETRIC_REPRESENTATION_CONTEXT() REPRESENTATION_CONTEXT('2D SPACE',''
  ) );
#14832 = ADVANCED_FACE('',(#14833),#13586,.T.);
#14833 = FACE_BOUND('',#14834,.T.);
#14834 = EDGE_LOOP('',(#14835,#14836,#14837,#14838));
#14835 = ORIENTED_EDGE('',*,*,#13570,.T.);
#14836 = ORIENTED_EDGE('',*,*,#13652,.T.);
#14837 = ORIENTED_EDGE('',*,*,#13752,.T.);
#14838 = ORIENTED_EDGE('',*,*,#14697,.T.);
#14839 = ADVANCED_FACE('',(#14840),#14579,.T.);
#14840 = FACE_BOUND('',#14841,.F.);
#14841 = EDGE_LOOP('',(#14842,#14874,#14902,#14932));
#14842 = ORIENTED_EDGE('',*,*,#14843,.T.);
#14843 = EDGE_CURVE('',#14562,#14844,#14846,.T.);
#14844 = VERTEX_POINT('',#14845);
#14845 = CARTESIAN_POINT('',(11.05,-0.25,-7.3));
#14846 = SURFACE_CURVE('',#14847,(#14852,#14863),.PCURVE_S1.);
#14847 = ELLIPSE('',#14848,0.282842712475,0.2);
#14848 = AXIS2_PLACEMENT_3D('',#14849,#14850,#14851);
#14849 = CARTESIAN_POINT('',(11.05,-0.45,-7.1));
#14850 = DIRECTION('',(0.,0.707106781187,0.707106781187));
#14851 = DIRECTION('',(0.,0.707106781187,-0.707106781187));
#14852 = PCURVE('',#14579,#14853);
#14853 = DEFINITIONAL_REPRESENTATION('',(#14854),#14862);
#14854 = B_SPLINE_CURVE_WITH_KNOTS('',6,(#14855,#14856,#14857,#14858,
    #14859,#14860,#14861),.UNSPECIFIED.,.F.,.F.,(7,7),(4.712388980385,
    6.28318530718),.PIECEWISE_BEZIER_KNOTS.);
#14855 = CARTESIAN_POINT('',(2.2E-16,-0.2));
#14856 = CARTESIAN_POINT('',(-0.261799387799,-0.14764012244));
#14857 = CARTESIAN_POINT('',(-0.523597760808,-9.528418306218E-02));
#14858 = CARTESIAN_POINT('',(-0.785397946622,-4.936253123298E-02));
#14859 = CARTESIAN_POINT('',(-1.047198797763,-1.644547644032E-02));
#14860 = CARTESIAN_POINT('',(-1.308996938996,9.E-17));
#14861 = CARTESIAN_POINT('',(-1.570796326795,1.E-17));
#14862 = ( GEOMETRIC_REPRESENTATION_CONTEXT(2) 
PARAMETRIC_REPRESENTATION_CONTEXT() REPRESENTATION_CONTEXT('2D SPACE',''
  ) );
#14863 = PCURVE('',#14607,#14864);
#14864 = DEFINITIONAL_REPRESENTATION('',(#14865),#14873);
#14865 = B_SPLINE_CURVE_WITH_KNOTS('',6,(#14866,#14867,#14868,#14869,
    #14870,#14871,#14872),.UNSPECIFIED.,.F.,.F.,(7,7),(4.712388980385,
    6.28318530718),.PIECEWISE_BEZIER_KNOTS.);
#14866 = CARTESIAN_POINT('',(3.3E-16,7.6));
#14867 = CARTESIAN_POINT('',(-0.261799387799,7.54764012244));
#14868 = CARTESIAN_POINT('',(-0.523597760809,7.495284183062));
#14869 = CARTESIAN_POINT('',(-0.785397946622,7.449362531233));
#14870 = CARTESIAN_POINT('',(-1.047198797764,7.41644547644));
#14871 = CARTESIAN_POINT('',(-1.308996938996,7.4));
#14872 = CARTESIAN_POINT('',(-1.570796326795,7.4));
#14873 = ( GEOMETRIC_REPRESENTATION_CONTEXT(2) 
PARAMETRIC_REPRESENTATION_CONTEXT() REPRESENTATION_CONTEXT('2D SPACE',''
  ) );
#14874 = ORIENTED_EDGE('',*,*,#14875,.T.);
#14875 = EDGE_CURVE('',#14844,#14876,#14878,.T.);
#14876 = VERTEX_POINT('',#14877);
#14877 = CARTESIAN_POINT('',(11.05,-0.25,-8.9));
#14878 = SURFACE_CURVE('',#14879,(#14883,#14890),.PCURVE_S1.);
#14879 = LINE('',#14880,#14881);
#14880 = CARTESIAN_POINT('',(11.05,-0.25,-7.3));
#14881 = VECTOR('',#14882,1.);
#14882 = DIRECTION('',(0.,0.,-1.));
#14883 = PCURVE('',#14579,#14884);
#14884 = DEFINITIONAL_REPRESENTATION('',(#14885),#14889);
#14885 = LINE('',#14886,#14887);
#14886 = CARTESIAN_POINT('',(-1.570796326795,0.));
#14887 = VECTOR('',#14888,1.);
#14888 = DIRECTION('',(-0.,1.));
#14889 = ( GEOMETRIC_REPRESENTATION_CONTEXT(2) 
PARAMETRIC_REPRESENTATION_CONTEXT() REPRESENTATION_CONTEXT('2D SPACE',''
  ) );
#14890 = PCURVE('',#14891,#14896);
#14891 = PLANE('',#14892);
#14892 = AXIS2_PLACEMENT_3D('',#14893,#14894,#14895);
#14893 = CARTESIAN_POINT('',(11.25,-0.25,-7.3));
#14894 = DIRECTION('',(0.,-1.,0.));
#14895 = DIRECTION('',(0.,0.,-1.));
#14896 = DEFINITIONAL_REPRESENTATION('',(#14897),#14901);
#14897 = LINE('',#14898,#14899);
#14898 = CARTESIAN_POINT('',(0.,-0.2));
#14899 = VECTOR('',#14900,1.);
#14900 = DIRECTION('',(1.,0.));
#14901 = ( GEOMETRIC_REPRESENTATION_CONTEXT(2) 
PARAMETRIC_REPRESENTATION_CONTEXT() REPRESENTATION_CONTEXT('2D SPACE',''
  ) );
#14902 = ORIENTED_EDGE('',*,*,#14903,.F.);
#14903 = EDGE_CURVE('',#14564,#14876,#14904,.T.);
#14904 = SURFACE_CURVE('',#14905,(#14910,#14921),.PCURVE_S1.);
#14905 = ELLIPSE('',#14906,0.282842712475,0.2);
#14906 = AXIS2_PLACEMENT_3D('',#14907,#14908,#14909);
#14907 = CARTESIAN_POINT('',(11.05,-0.45,-9.1));
#14908 = DIRECTION('',(0.,-0.707106781187,0.707106781187));
#14909 = DIRECTION('',(0.,-0.707106781187,-0.707106781187));
#14910 = PCURVE('',#14579,#14911);
#14911 = DEFINITIONAL_REPRESENTATION('',(#14912),#14920);
#14912 = B_SPLINE_CURVE_WITH_KNOTS('',6,(#14913,#14914,#14915,#14916,
    #14917,#14918,#14919),.UNSPECIFIED.,.F.,.F.,(7,7),(1.570796326795,
    3.14159265359),.PIECEWISE_BEZIER_KNOTS.);
#14913 = CARTESIAN_POINT('',(0.,1.8));
#14914 = CARTESIAN_POINT('',(-0.261799387799,1.74764012244));
#14915 = CARTESIAN_POINT('',(-0.523597760808,1.695284183062));
#14916 = CARTESIAN_POINT('',(-0.785397946622,1.649362531233));
#14917 = CARTESIAN_POINT('',(-1.047198797763,1.61644547644));
#14918 = CARTESIAN_POINT('',(-1.308996938996,1.6));
#14919 = CARTESIAN_POINT('',(-1.570796326795,1.6));
#14920 = ( GEOMETRIC_REPRESENTATION_CONTEXT(2) 
PARAMETRIC_REPRESENTATION_CONTEXT() REPRESENTATION_CONTEXT('2D SPACE',''
  ) );
#14921 = PCURVE('',#14661,#14922);
#14922 = DEFINITIONAL_REPRESENTATION('',(#14923),#14931);
#14923 = B_SPLINE_CURVE_WITH_KNOTS('',6,(#14924,#14925,#14926,#14927,
    #14928,#14929,#14930),.UNSPECIFIED.,.F.,.F.,(7,7),(1.570796326795,
    3.14159265359),.PIECEWISE_BEZIER_KNOTS.);
#14924 = CARTESIAN_POINT('',(0.,-0.2));
#14925 = CARTESIAN_POINT('',(-0.261799387799,-0.14764012244));
#14926 = CARTESIAN_POINT('',(-0.523597760808,-9.528418306218E-02));
#14927 = CARTESIAN_POINT('',(-0.785397946622,-4.936253123299E-02));
#14928 = CARTESIAN_POINT('',(-1.047198797763,-1.644547644032E-02));
#14929 = CARTESIAN_POINT('',(-1.308996938996,-4.7E-16));
#14930 = CARTESIAN_POINT('',(-1.570796326795,-4.4E-16));
#14931 = ( GEOMETRIC_REPRESENTATION_CONTEXT(2) 
PARAMETRIC_REPRESENTATION_CONTEXT() REPRESENTATION_CONTEXT('2D SPACE',''
  ) );
#14932 = ORIENTED_EDGE('',*,*,#14561,.F.);
#14933 = ADVANCED_FACE('',(#14934),#14607,.T.);
#14934 = FACE_BOUND('',#14935,.F.);
#14935 = EDGE_LOOP('',(#14936,#14968,#14994,#14995));
#14936 = ORIENTED_EDGE('',*,*,#14937,.T.);
#14937 = EDGE_CURVE('',#14592,#14938,#14940,.T.);
#14938 = VERTEX_POINT('',#14939);
#14939 = CARTESIAN_POINT('',(11.05,7.15,-7.3));
#14940 = SURFACE_CURVE('',#14941,(#14946,#14957),.PCURVE_S1.);
#14941 = ELLIPSE('',#14942,0.282842712475,0.2);
#14942 = AXIS2_PLACEMENT_3D('',#14943,#14944,#14945);
#14943 = CARTESIAN_POINT('',(11.05,7.35,-7.1));
#14944 = DIRECTION('',(0.,0.707106781187,-0.707106781187));
#14945 = DIRECTION('',(0.,-0.707106781187,-0.707106781187));
#14946 = PCURVE('',#14607,#14947);
#14947 = DEFINITIONAL_REPRESENTATION('',(#14948),#14956);
#14948 = B_SPLINE_CURVE_WITH_KNOTS('',6,(#14949,#14950,#14951,#14952,
    #14953,#14954,#14955),.UNSPECIFIED.,.F.,.F.,(7,7),(4.712388980385,
    6.28318530718),.PIECEWISE_BEZIER_KNOTS.);
#14949 = CARTESIAN_POINT('',(3.3E-16,-0.2));
#14950 = CARTESIAN_POINT('',(-0.261799387799,-0.14764012244));
#14951 = CARTESIAN_POINT('',(-0.523597760808,-9.528418306218E-02));
#14952 = CARTESIAN_POINT('',(-0.785397946622,-4.936253123299E-02));
#14953 = CARTESIAN_POINT('',(-1.047198797763,-1.644547644031E-02));
#14954 = CARTESIAN_POINT('',(-1.308996938996,2.E-17));
#14955 = CARTESIAN_POINT('',(-1.570796326795,1.E-17));
#14956 = ( GEOMETRIC_REPRESENTATION_CONTEXT(2) 
PARAMETRIC_REPRESENTATION_CONTEXT() REPRESENTATION_CONTEXT('2D SPACE',''
  ) );
#14957 = PCURVE('',#14635,#14958);
#14958 = DEFINITIONAL_REPRESENTATION('',(#14959),#14967);
#14959 = B_SPLINE_CURVE_WITH_KNOTS('',6,(#14960,#14961,#14962,#14963,
    #14964,#14965,#14966),.UNSPECIFIED.,.F.,.F.,(7,7),(4.712388980385,
    6.28318530718),.PIECEWISE_BEZIER_KNOTS.);
#14960 = CARTESIAN_POINT('',(3.3E-16,1.8));
#14961 = CARTESIAN_POINT('',(-0.261799387799,1.74764012244));
#14962 = CARTESIAN_POINT('',(-0.523597760808,1.695284183062));
#14963 = CARTESIAN_POINT('',(-0.785397946622,1.649362531233));
#14964 = CARTESIAN_POINT('',(-1.047198797763,1.61644547644));
#14965 = CARTESIAN_POINT('',(-1.308996938996,1.6));
#14966 = CARTESIAN_POINT('',(-1.570796326795,1.6));
#14967 = ( GEOMETRIC_REPRESENTATION_CONTEXT(2) 
PARAMETRIC_REPRESENTATION_CONTEXT() REPRESENTATION_CONTEXT('2D SPACE',''
  ) );
#14968 = ORIENTED_EDGE('',*,*,#14969,.T.);
#14969 = EDGE_CURVE('',#14938,#14844,#14970,.T.);
#14970 = SURFACE_CURVE('',#14971,(#14975,#14982),.PCURVE_S1.);
#14971 = LINE('',#14972,#14973);
#14972 = CARTESIAN_POINT('',(11.05,7.15,-7.3));
#14973 = VECTOR('',#14974,1.);
#14974 = DIRECTION('',(0.,-1.,0.));
#14975 = PCURVE('',#14607,#14976);
#14976 = DEFINITIONAL_REPRESENTATION('',(#14977),#14981);
#14977 = LINE('',#14978,#14979);
#14978 = CARTESIAN_POINT('',(-1.570796326795,0.));
#14979 = VECTOR('',#14980,1.);
#14980 = DIRECTION('',(-0.,1.));
#14981 = ( GEOMETRIC_REPRESENTATION_CONTEXT(2) 
PARAMETRIC_REPRESENTATION_CONTEXT() REPRESENTATION_CONTEXT('2D SPACE',''
  ) );
#14982 = PCURVE('',#14983,#14988);
#14983 = PLANE('',#14984);
#14984 = AXIS2_PLACEMENT_3D('',#14985,#14986,#14987);
#14985 = CARTESIAN_POINT('',(11.25,7.15,-7.3));
#14986 = DIRECTION('',(0.,0.,1.));
#14987 = DIRECTION('',(0.,-1.,0.));
#14988 = DEFINITIONAL_REPRESENTATION('',(#14989),#14993);
#14989 = LINE('',#14990,#14991);
#14990 = CARTESIAN_POINT('',(-8.881784197001E-16,-0.2));
#14991 = VECTOR('',#14992,1.);
#14992 = DIRECTION('',(1.,0.));
#14993 = ( GEOMETRIC_REPRESENTATION_CONTEXT(2) 
PARAMETRIC_REPRESENTATION_CONTEXT() REPRESENTATION_CONTEXT('2D SPACE',''
  ) );
#14994 = ORIENTED_EDGE('',*,*,#14843,.F.);
#14995 = ORIENTED_EDGE('',*,*,#14591,.F.);
#14996 = ADVANCED_FACE('',(#14997),#14661,.T.);
#14997 = FACE_BOUND('',#14998,.F.);
#14998 = EDGE_LOOP('',(#14999,#15000,#15028,#15058));
#14999 = ORIENTED_EDGE('',*,*,#14903,.T.);
#15000 = ORIENTED_EDGE('',*,*,#15001,.T.);
#15001 = EDGE_CURVE('',#14876,#15002,#15004,.T.);
#15002 = VERTEX_POINT('',#15003);
#15003 = CARTESIAN_POINT('',(11.05,7.15,-8.9));
#15004 = SURFACE_CURVE('',#15005,(#15009,#15016),.PCURVE_S1.);
#15005 = LINE('',#15006,#15007);
#15006 = CARTESIAN_POINT('',(11.05,-0.25,-8.9));
#15007 = VECTOR('',#15008,1.);
#15008 = DIRECTION('',(0.,1.,0.));
#15009 = PCURVE('',#14661,#15010);
#15010 = DEFINITIONAL_REPRESENTATION('',(#15011),#15015);
#15011 = LINE('',#15012,#15013);
#15012 = CARTESIAN_POINT('',(-1.570796326795,0.));
#15013 = VECTOR('',#15014,1.);
#15014 = DIRECTION('',(-0.,1.));
#15015 = ( GEOMETRIC_REPRESENTATION_CONTEXT(2) 
PARAMETRIC_REPRESENTATION_CONTEXT() REPRESENTATION_CONTEXT('2D SPACE',''
  ) );
#15016 = PCURVE('',#15017,#15022);
#15017 = PLANE('',#15018);
#15018 = AXIS2_PLACEMENT_3D('',#15019,#15020,#15021);
#15019 = CARTESIAN_POINT('',(11.25,-0.25,-8.9));
#15020 = DIRECTION('',(0.,0.,-1.));
#15021 = DIRECTION('',(0.,1.,0.));
#15022 = DEFINITIONAL_REPRESENTATION('',(#15023),#15027);
#15023 = LINE('',#15024,#15025);
#15024 = CARTESIAN_POINT('',(0.,-0.2));
#15025 = VECTOR('',#15026,1.);
#15026 = DIRECTION('',(1.,0.));
#15027 = ( GEOMETRIC_REPRESENTATION_CONTEXT(2) 
PARAMETRIC_REPRESENTATION_CONTEXT() REPRESENTATION_CONTEXT('2D SPACE',''
  ) );
#15028 = ORIENTED_EDGE('',*,*,#15029,.F.);
#15029 = EDGE_CURVE('',#14620,#15002,#15030,.T.);
#15030 = SURFACE_CURVE('',#15031,(#15036,#15047),.PCURVE_S1.);
#15031 = ELLIPSE('',#15032,0.282842712475,0.2);
#15032 = AXIS2_PLACEMENT_3D('',#15033,#15034,#15035);
#15033 = CARTESIAN_POINT('',(11.05,7.35,-9.1));
#15034 = DIRECTION('',(0.,-0.707106781187,-0.707106781187));
#15035 = DIRECTION('',(0.,0.707106781187,-0.707106781187));
#15036 = PCURVE('',#14661,#15037);
#15037 = DEFINITIONAL_REPRESENTATION('',(#15038),#15046);
#15038 = B_SPLINE_CURVE_WITH_KNOTS('',6,(#15039,#15040,#15041,#15042,
    #15043,#15044,#15045),.UNSPECIFIED.,.F.,.F.,(7,7),(1.570796326795,
    3.14159265359),.PIECEWISE_BEZIER_KNOTS.);
#15039 = CARTESIAN_POINT('',(-1.1E-16,7.6));
#15040 = CARTESIAN_POINT('',(-0.261799387799,7.54764012244));
#15041 = CARTESIAN_POINT('',(-0.523597760808,7.495284183062));
#15042 = CARTESIAN_POINT('',(-0.785397946622,7.449362531233));
#15043 = CARTESIAN_POINT('',(-1.047198797763,7.41644547644));
#15044 = CARTESIAN_POINT('',(-1.308996938996,7.4));
#15045 = CARTESIAN_POINT('',(-1.570796326795,7.4));
#15046 = ( GEOMETRIC_REPRESENTATION_CONTEXT(2) 
PARAMETRIC_REPRESENTATION_CONTEXT() REPRESENTATION_CONTEXT('2D SPACE',''
  ) );
#15047 = PCURVE('',#14635,#15048);
#15048 = DEFINITIONAL_REPRESENTATION('',(#15049),#15057);
#15049 = B_SPLINE_CURVE_WITH_KNOTS('',6,(#15050,#15051,#15052,#15053,
    #15054,#15055,#15056),.UNSPECIFIED.,.F.,.F.,(7,7),(1.570796326795,
    3.14159265359),.PIECEWISE_BEZIER_KNOTS.);
#15050 = CARTESIAN_POINT('',(0.,-0.2));
#15051 = CARTESIAN_POINT('',(-0.261799387799,-0.14764012244));
#15052 = CARTESIAN_POINT('',(-0.523597760808,-9.528418306218E-02));
#15053 = CARTESIAN_POINT('',(-0.785397946622,-4.936253123299E-02));
#15054 = CARTESIAN_POINT('',(-1.047198797763,-1.644547644031E-02));
#15055 = CARTESIAN_POINT('',(-1.308996938996,8.E-17));
#15056 = CARTESIAN_POINT('',(-1.570796326795,1.E-17));
#15057 = ( GEOMETRIC_REPRESENTATION_CONTEXT(2) 
PARAMETRIC_REPRESENTATION_CONTEXT() REPRESENTATION_CONTEXT('2D SPACE',''
  ) );
#15058 = ORIENTED_EDGE('',*,*,#14647,.F.);
#15059 = ADVANCED_FACE('',(#15060),#14635,.T.);
#15060 = FACE_BOUND('',#15061,.F.);
#15061 = EDGE_LOOP('',(#15062,#15063,#15089,#15090));
#15062 = ORIENTED_EDGE('',*,*,#15029,.T.);
#15063 = ORIENTED_EDGE('',*,*,#15064,.T.);
#15064 = EDGE_CURVE('',#15002,#14938,#15065,.T.);
#15065 = SURFACE_CURVE('',#15066,(#15070,#15077),.PCURVE_S1.);
#15066 = LINE('',#15067,#15068);
#15067 = CARTESIAN_POINT('',(11.05,7.15,-8.9));
#15068 = VECTOR('',#15069,1.);
#15069 = DIRECTION('',(0.,0.,1.));
#15070 = PCURVE('',#14635,#15071);
#15071 = DEFINITIONAL_REPRESENTATION('',(#15072),#15076);
#15072 = LINE('',#15073,#15074);
#15073 = CARTESIAN_POINT('',(-1.570796326795,0.));
#15074 = VECTOR('',#15075,1.);
#15075 = DIRECTION('',(-0.,1.));
#15076 = ( GEOMETRIC_REPRESENTATION_CONTEXT(2) 
PARAMETRIC_REPRESENTATION_CONTEXT() REPRESENTATION_CONTEXT('2D SPACE',''
  ) );
#15077 = PCURVE('',#15078,#15083);
#15078 = PLANE('',#15079);
#15079 = AXIS2_PLACEMENT_3D('',#15080,#15081,#15082);
#15080 = CARTESIAN_POINT('',(11.25,7.15,-8.9));
#15081 = DIRECTION('',(0.,1.,0.));
#15082 = DIRECTION('',(0.,0.,1.));
#15083 = DEFINITIONAL_REPRESENTATION('',(#15084),#15088);
#15084 = LINE('',#15085,#15086);
#15085 = CARTESIAN_POINT('',(0.,-0.2));
#15086 = VECTOR('',#15087,1.);
#15087 = DIRECTION('',(1.,0.));
#15088 = ( GEOMETRIC_REPRESENTATION_CONTEXT(2) 
PARAMETRIC_REPRESENTATION_CONTEXT() REPRESENTATION_CONTEXT('2D SPACE',''
  ) );
#15089 = ORIENTED_EDGE('',*,*,#14937,.F.);
#15090 = ORIENTED_EDGE('',*,*,#14619,.F.);
#15091 = ADVANCED_FACE('',(#15092),#14739,.T.);
#15092 = FACE_BOUND('',#15093,.F.);
#15093 = EDGE_LOOP('',(#15094,#15126,#15154,#15184));
#15094 = ORIENTED_EDGE('',*,*,#15095,.T.);
#15095 = EDGE_CURVE('',#14722,#15096,#15098,.T.);
#15096 = VERTEX_POINT('',#15097);
#15097 = CARTESIAN_POINT('',(11.05,-22.25,-7.3));
#15098 = SURFACE_CURVE('',#15099,(#15104,#15115),.PCURVE_S1.);
#15099 = ELLIPSE('',#15100,0.282842712475,0.2);
#15100 = AXIS2_PLACEMENT_3D('',#15101,#15102,#15103);
#15101 = CARTESIAN_POINT('',(11.05,-22.05,-7.1));
#15102 = DIRECTION('',(0.,0.707106781187,-0.707106781187));
#15103 = DIRECTION('',(0.,-0.707106781187,-0.707106781187));
#15104 = PCURVE('',#14739,#15105);
#15105 = DEFINITIONAL_REPRESENTATION('',(#15106),#15114);
#15106 = B_SPLINE_CURVE_WITH_KNOTS('',6,(#15107,#15108,#15109,#15110,
    #15111,#15112,#15113),.UNSPECIFIED.,.F.,.F.,(7,7),(4.712388980385,
    6.28318530718),.PIECEWISE_BEZIER_KNOTS.);
#15107 = CARTESIAN_POINT('',(3.3E-16,-0.2));
#15108 = CARTESIAN_POINT('',(-0.261799387799,-0.14764012244));
#15109 = CARTESIAN_POINT('',(-0.523597760808,-9.528418306217E-02));
#15110 = CARTESIAN_POINT('',(-0.785397946622,-4.9362531233E-02));
#15111 = CARTESIAN_POINT('',(-1.047198797763,-1.64454764403E-02));
#15112 = CARTESIAN_POINT('',(-1.308996938996,1.E-16));
#15113 = CARTESIAN_POINT('',(-1.570796326795,-1.E-17));
#15114 = ( GEOMETRIC_REPRESENTATION_CONTEXT(2) 
PARAMETRIC_REPRESENTATION_CONTEXT() REPRESENTATION_CONTEXT('2D SPACE',''
  ) );
#15115 = PCURVE('',#14767,#15116);
#15116 = DEFINITIONAL_REPRESENTATION('',(#15117),#15125);
#15117 = B_SPLINE_CURVE_WITH_KNOTS('',6,(#15118,#15119,#15120,#15121,
    #15122,#15123,#15124),.UNSPECIFIED.,.F.,.F.,(7,7),(4.712388980385,
    6.28318530718),.PIECEWISE_BEZIER_KNOTS.);
#15118 = CARTESIAN_POINT('',(3.3E-16,1.8));
#15119 = CARTESIAN_POINT('',(-0.261799387799,1.74764012244));
#15120 = CARTESIAN_POINT('',(-0.523597760808,1.695284183062));
#15121 = CARTESIAN_POINT('',(-0.785397946622,1.649362531233));
#15122 = CARTESIAN_POINT('',(-1.047198797763,1.61644547644));
#15123 = CARTESIAN_POINT('',(-1.308996938996,1.6));
#15124 = CARTESIAN_POINT('',(-1.570796326795,1.6));
#15125 = ( GEOMETRIC_REPRESENTATION_CONTEXT(2) 
PARAMETRIC_REPRESENTATION_CONTEXT() REPRESENTATION_CONTEXT('2D SPACE',''
  ) );
#15126 = ORIENTED_EDGE('',*,*,#15127,.T.);
#15127 = EDGE_CURVE('',#15096,#15128,#15130,.T.);
#15128 = VERTEX_POINT('',#15129);
#15129 = CARTESIAN_POINT('',(11.05,-29.65,-7.3));
#15130 = SURFACE_CURVE('',#15131,(#15135,#15142),.PCURVE_S1.);
#15131 = LINE('',#15132,#15133);
#15132 = CARTESIAN_POINT('',(11.05,-22.25,-7.3));
#15133 = VECTOR('',#15134,1.);
#15134 = DIRECTION('',(0.,-1.,0.));
#15135 = PCURVE('',#14739,#15136);
#15136 = DEFINITIONAL_REPRESENTATION('',(#15137),#15141);
#15137 = LINE('',#15138,#15139);
#15138 = CARTESIAN_POINT('',(-1.570796326795,0.));
#15139 = VECTOR('',#15140,1.);
#15140 = DIRECTION('',(-0.,1.));
#15141 = ( GEOMETRIC_REPRESENTATION_CONTEXT(2) 
PARAMETRIC_REPRESENTATION_CONTEXT() REPRESENTATION_CONTEXT('2D SPACE',''
  ) );
#15142 = PCURVE('',#15143,#15148);
#15143 = PLANE('',#15144);
#15144 = AXIS2_PLACEMENT_3D('',#15145,#15146,#15147);
#15145 = CARTESIAN_POINT('',(11.25,-22.25,-7.3));
#15146 = DIRECTION('',(0.,0.,1.));
#15147 = DIRECTION('',(0.,-1.,0.));
#15148 = DEFINITIONAL_REPRESENTATION('',(#15149),#15153);
#15149 = LINE('',#15150,#15151);
#15150 = CARTESIAN_POINT('',(0.,-0.2));
#15151 = VECTOR('',#15152,1.);
#15152 = DIRECTION('',(1.,0.));
#15153 = ( GEOMETRIC_REPRESENTATION_CONTEXT(2) 
PARAMETRIC_REPRESENTATION_CONTEXT() REPRESENTATION_CONTEXT('2D SPACE',''
  ) );
#15154 = ORIENTED_EDGE('',*,*,#15155,.F.);
#15155 = EDGE_CURVE('',#14724,#15128,#15156,.T.);
#15156 = SURFACE_CURVE('',#15157,(#15162,#15173),.PCURVE_S1.);
#15157 = ELLIPSE('',#15158,0.282842712475,0.2);
#15158 = AXIS2_PLACEMENT_3D('',#15159,#15160,#15161);
#15159 = CARTESIAN_POINT('',(11.05,-29.85,-7.1));
#15160 = DIRECTION('',(-0.,0.707106781187,0.707106781187));
#15161 = DIRECTION('',(0.,-0.707106781187,0.707106781187));
#15162 = PCURVE('',#14739,#15163);
#15163 = DEFINITIONAL_REPRESENTATION('',(#15164),#15172);
#15164 = B_SPLINE_CURVE_WITH_KNOTS('',6,(#15165,#15166,#15167,#15168,
    #15169,#15170,#15171),.UNSPECIFIED.,.F.,.F.,(7,7),(1.570796326795,
    3.14159265359),.PIECEWISE_BEZIER_KNOTS.);
#15165 = CARTESIAN_POINT('',(-1.1E-16,7.6));
#15166 = CARTESIAN_POINT('',(-0.261799387799,7.54764012244));
#15167 = CARTESIAN_POINT('',(-0.523597760808,7.495284183062));
#15168 = CARTESIAN_POINT('',(-0.785397946622,7.449362531233));
#15169 = CARTESIAN_POINT('',(-1.047198797764,7.41644547644));
#15170 = CARTESIAN_POINT('',(-1.308996938996,7.4));
#15171 = CARTESIAN_POINT('',(-1.570796326795,7.4));
#15172 = ( GEOMETRIC_REPRESENTATION_CONTEXT(2) 
PARAMETRIC_REPRESENTATION_CONTEXT() REPRESENTATION_CONTEXT('2D SPACE',''
  ) );
#15173 = PCURVE('',#14821,#15174);
#15174 = DEFINITIONAL_REPRESENTATION('',(#15175),#15183);
#15175 = B_SPLINE_CURVE_WITH_KNOTS('',6,(#15176,#15177,#15178,#15179,
    #15180,#15181,#15182),.UNSPECIFIED.,.F.,.F.,(7,7),(1.570796326795,
    3.14159265359),.PIECEWISE_BEZIER_KNOTS.);
#15176 = CARTESIAN_POINT('',(1.1E-16,-0.2));
#15177 = CARTESIAN_POINT('',(-0.261799387799,-0.14764012244));
#15178 = CARTESIAN_POINT('',(-0.523597760808,-9.528418306218E-02));
#15179 = CARTESIAN_POINT('',(-0.785397946622,-4.936253123298E-02));
#15180 = CARTESIAN_POINT('',(-1.047198797763,-1.644547644032E-02));
#15181 = CARTESIAN_POINT('',(-1.308996938996,4.E-17));
#15182 = CARTESIAN_POINT('',(-1.570796326795,0.));
#15183 = ( GEOMETRIC_REPRESENTATION_CONTEXT(2) 
PARAMETRIC_REPRESENTATION_CONTEXT() REPRESENTATION_CONTEXT('2D SPACE',''
  ) );
#15184 = ORIENTED_EDGE('',*,*,#14721,.F.);
#15185 = ADVANCED_FACE('',(#15186),#14767,.T.);
#15186 = FACE_BOUND('',#15187,.F.);
#15187 = EDGE_LOOP('',(#15188,#15220,#15246,#15247));
#15188 = ORIENTED_EDGE('',*,*,#15189,.T.);
#15189 = EDGE_CURVE('',#14752,#15190,#15192,.T.);
#15190 = VERTEX_POINT('',#15191);
#15191 = CARTESIAN_POINT('',(11.05,-22.25,-8.9));
#15192 = SURFACE_CURVE('',#15193,(#15198,#15209),.PCURVE_S1.);
#15193 = ELLIPSE('',#15194,0.282842712475,0.2);
#15194 = AXIS2_PLACEMENT_3D('',#15195,#15196,#15197);
#15195 = CARTESIAN_POINT('',(11.05,-22.05,-9.1));
#15196 = DIRECTION('',(0.,-0.707106781187,-0.707106781187));
#15197 = DIRECTION('',(0.,0.707106781187,-0.707106781187));
#15198 = PCURVE('',#14767,#15199);
#15199 = DEFINITIONAL_REPRESENTATION('',(#15200),#15208);
#15200 = B_SPLINE_CURVE_WITH_KNOTS('',6,(#15201,#15202,#15203,#15204,
    #15205,#15206,#15207),.UNSPECIFIED.,.F.,.F.,(7,7),(1.570796326795,
    3.14159265359),.PIECEWISE_BEZIER_KNOTS.);
#15201 = CARTESIAN_POINT('',(-1.1E-16,-0.2));
#15202 = CARTESIAN_POINT('',(-0.261799387799,-0.14764012244));
#15203 = CARTESIAN_POINT('',(-0.523597760808,-9.528418306218E-02));
#15204 = CARTESIAN_POINT('',(-0.785397946623,-4.936253123299E-02));
#15205 = CARTESIAN_POINT('',(-1.047198797763,-1.644547644031E-02));
#15206 = CARTESIAN_POINT('',(-1.308996938996,5.E-17));
#15207 = CARTESIAN_POINT('',(-1.570796326795,-1.E-17));
#15208 = ( GEOMETRIC_REPRESENTATION_CONTEXT(2) 
PARAMETRIC_REPRESENTATION_CONTEXT() REPRESENTATION_CONTEXT('2D SPACE',''
  ) );
#15209 = PCURVE('',#14795,#15210);
#15210 = DEFINITIONAL_REPRESENTATION('',(#15211),#15219);
#15211 = B_SPLINE_CURVE_WITH_KNOTS('',6,(#15212,#15213,#15214,#15215,
    #15216,#15217,#15218),.UNSPECIFIED.,.F.,.F.,(7,7),(1.570796326795,
    3.14159265359),.PIECEWISE_BEZIER_KNOTS.);
#15212 = CARTESIAN_POINT('',(0.,7.6));
#15213 = CARTESIAN_POINT('',(-0.261799387799,7.54764012244));
#15214 = CARTESIAN_POINT('',(-0.523597760808,7.495284183062));
#15215 = CARTESIAN_POINT('',(-0.785397946622,7.449362531233));
#15216 = CARTESIAN_POINT('',(-1.047198797763,7.41644547644));
#15217 = CARTESIAN_POINT('',(-1.308996938996,7.4));
#15218 = CARTESIAN_POINT('',(-1.570796326795,7.4));
#15219 = ( GEOMETRIC_REPRESENTATION_CONTEXT(2) 
PARAMETRIC_REPRESENTATION_CONTEXT() REPRESENTATION_CONTEXT('2D SPACE',''
  ) );
#15220 = ORIENTED_EDGE('',*,*,#15221,.T.);
#15221 = EDGE_CURVE('',#15190,#15096,#15222,.T.);
#15222 = SURFACE_CURVE('',#15223,(#15227,#15234),.PCURVE_S1.);
#15223 = LINE('',#15224,#15225);
#15224 = CARTESIAN_POINT('',(11.05,-22.25,-8.9));
#15225 = VECTOR('',#15226,1.);
#15226 = DIRECTION('',(0.,0.,1.));
#15227 = PCURVE('',#14767,#15228);
#15228 = DEFINITIONAL_REPRESENTATION('',(#15229),#15233);
#15229 = LINE('',#15230,#15231);
#15230 = CARTESIAN_POINT('',(-1.570796326795,0.));
#15231 = VECTOR('',#15232,1.);
#15232 = DIRECTION('',(-0.,1.));
#15233 = ( GEOMETRIC_REPRESENTATION_CONTEXT(2) 
PARAMETRIC_REPRESENTATION_CONTEXT() REPRESENTATION_CONTEXT('2D SPACE',''
  ) );
#15234 = PCURVE('',#15235,#15240);
#15235 = PLANE('',#15236);
#15236 = AXIS2_PLACEMENT_3D('',#15237,#15238,#15239);
#15237 = CARTESIAN_POINT('',(11.25,-22.25,-8.9));
#15238 = DIRECTION('',(0.,1.,0.));
#15239 = DIRECTION('',(0.,0.,1.));
#15240 = DEFINITIONAL_REPRESENTATION('',(#15241),#15245);
#15241 = LINE('',#15242,#15243);
#15242 = CARTESIAN_POINT('',(0.,-0.2));
#15243 = VECTOR('',#15244,1.);
#15244 = DIRECTION('',(1.,0.));
#15245 = ( GEOMETRIC_REPRESENTATION_CONTEXT(2) 
PARAMETRIC_REPRESENTATION_CONTEXT() REPRESENTATION_CONTEXT('2D SPACE',''
  ) );
#15246 = ORIENTED_EDGE('',*,*,#15095,.F.);
#15247 = ORIENTED_EDGE('',*,*,#14751,.F.);
#15248 = ADVANCED_FACE('',(#15249),#14821,.T.);
#15249 = FACE_BOUND('',#15250,.F.);
#15250 = EDGE_LOOP('',(#15251,#15252,#15280,#15310));
#15251 = ORIENTED_EDGE('',*,*,#15155,.T.);
#15252 = ORIENTED_EDGE('',*,*,#15253,.T.);
#15253 = EDGE_CURVE('',#15128,#15254,#15256,.T.);
#15254 = VERTEX_POINT('',#15255);
#15255 = CARTESIAN_POINT('',(11.05,-29.65,-8.9));
#15256 = SURFACE_CURVE('',#15257,(#15261,#15268),.PCURVE_S1.);
#15257 = LINE('',#15258,#15259);
#15258 = CARTESIAN_POINT('',(11.05,-29.65,-7.3));
#15259 = VECTOR('',#15260,1.);
#15260 = DIRECTION('',(0.,0.,-1.));
#15261 = PCURVE('',#14821,#15262);
#15262 = DEFINITIONAL_REPRESENTATION('',(#15263),#15267);
#15263 = LINE('',#15264,#15265);
#15264 = CARTESIAN_POINT('',(-1.570796326795,0.));
#15265 = VECTOR('',#15266,1.);
#15266 = DIRECTION('',(-0.,1.));
#15267 = ( GEOMETRIC_REPRESENTATION_CONTEXT(2) 
PARAMETRIC_REPRESENTATION_CONTEXT() REPRESENTATION_CONTEXT('2D SPACE',''
  ) );
#15268 = PCURVE('',#15269,#15274);
#15269 = PLANE('',#15270);
#15270 = AXIS2_PLACEMENT_3D('',#15271,#15272,#15273);
#15271 = CARTESIAN_POINT('',(11.25,-29.65,-7.3));
#15272 = DIRECTION('',(0.,-1.,0.));
#15273 = DIRECTION('',(0.,0.,-1.));
#15274 = DEFINITIONAL_REPRESENTATION('',(#15275),#15279);
#15275 = LINE('',#15276,#15277);
#15276 = CARTESIAN_POINT('',(0.,-0.2));
#15277 = VECTOR('',#15278,1.);
#15278 = DIRECTION('',(1.,0.));
#15279 = ( GEOMETRIC_REPRESENTATION_CONTEXT(2) 
PARAMETRIC_REPRESENTATION_CONTEXT() REPRESENTATION_CONTEXT('2D SPACE',''
  ) );
#15280 = ORIENTED_EDGE('',*,*,#15281,.F.);
#15281 = EDGE_CURVE('',#14780,#15254,#15282,.T.);
#15282 = SURFACE_CURVE('',#15283,(#15288,#15299),.PCURVE_S1.);
#15283 = ELLIPSE('',#15284,0.282842712475,0.2);
#15284 = AXIS2_PLACEMENT_3D('',#15285,#15286,#15287);
#15285 = CARTESIAN_POINT('',(11.05,-29.85,-9.1));
#15286 = DIRECTION('',(0.,-0.707106781187,0.707106781187));
#15287 = DIRECTION('',(0.,-0.707106781187,-0.707106781187));
#15288 = PCURVE('',#14821,#15289);
#15289 = DEFINITIONAL_REPRESENTATION('',(#15290),#15298);
#15290 = B_SPLINE_CURVE_WITH_KNOTS('',6,(#15291,#15292,#15293,#15294,
    #15295,#15296,#15297),.UNSPECIFIED.,.F.,.F.,(7,7),(1.570796326795,
    3.14159265359),.PIECEWISE_BEZIER_KNOTS.);
#15291 = CARTESIAN_POINT('',(1.1E-16,1.8));
#15292 = CARTESIAN_POINT('',(-0.261799387799,1.74764012244));
#15293 = CARTESIAN_POINT('',(-0.523597760808,1.695284183062));
#15294 = CARTESIAN_POINT('',(-0.785397946622,1.649362531233));
#15295 = CARTESIAN_POINT('',(-1.047198797763,1.61644547644));
#15296 = CARTESIAN_POINT('',(-1.308996938996,1.6));
#15297 = CARTESIAN_POINT('',(-1.570796326795,1.6));
#15298 = ( GEOMETRIC_REPRESENTATION_CONTEXT(2) 
PARAMETRIC_REPRESENTATION_CONTEXT() REPRESENTATION_CONTEXT('2D SPACE',''
  ) );
#15299 = PCURVE('',#14795,#15300);
#15300 = DEFINITIONAL_REPRESENTATION('',(#15301),#15309);
#15301 = B_SPLINE_CURVE_WITH_KNOTS('',6,(#15302,#15303,#15304,#15305,
    #15306,#15307,#15308),.UNSPECIFIED.,.F.,.F.,(7,7),(1.570796326795,
    3.14159265359),.PIECEWISE_BEZIER_KNOTS.);
#15302 = CARTESIAN_POINT('',(-2.2E-16,-0.2));
#15303 = CARTESIAN_POINT('',(-0.261799387799,-0.14764012244));
#15304 = CARTESIAN_POINT('',(-0.523597760808,-9.528418306218E-02));
#15305 = CARTESIAN_POINT('',(-0.785397946622,-4.936253123299E-02));
#15306 = CARTESIAN_POINT('',(-1.047198797763,-1.644547644031E-02));
#15307 = CARTESIAN_POINT('',(-1.308996938996,1.1E-16));
#15308 = CARTESIAN_POINT('',(-1.570796326795,1.E-17));
#15309 = ( GEOMETRIC_REPRESENTATION_CONTEXT(2) 
PARAMETRIC_REPRESENTATION_CONTEXT() REPRESENTATION_CONTEXT('2D SPACE',''
  ) );
#15310 = ORIENTED_EDGE('',*,*,#14807,.F.);
#15311 = ADVANCED_FACE('',(#15312),#14795,.T.);
#15312 = FACE_BOUND('',#15313,.F.);
#15313 = EDGE_LOOP('',(#15314,#15315,#15341,#15342));
#15314 = ORIENTED_EDGE('',*,*,#15281,.T.);
#15315 = ORIENTED_EDGE('',*,*,#15316,.T.);
#15316 = EDGE_CURVE('',#15254,#15190,#15317,.T.);
#15317 = SURFACE_CURVE('',#15318,(#15322,#15329),.PCURVE_S1.);
#15318 = LINE('',#15319,#15320);
#15319 = CARTESIAN_POINT('',(11.05,-29.65,-8.9));
#15320 = VECTOR('',#15321,1.);
#15321 = DIRECTION('',(0.,1.,0.));
#15322 = PCURVE('',#14795,#15323);
#15323 = DEFINITIONAL_REPRESENTATION('',(#15324),#15328);
#15324 = LINE('',#15325,#15326);
#15325 = CARTESIAN_POINT('',(-1.570796326795,0.));
#15326 = VECTOR('',#15327,1.);
#15327 = DIRECTION('',(-0.,1.));
#15328 = ( GEOMETRIC_REPRESENTATION_CONTEXT(2) 
PARAMETRIC_REPRESENTATION_CONTEXT() REPRESENTATION_CONTEXT('2D SPACE',''
  ) );
#15329 = PCURVE('',#15330,#15335);
#15330 = PLANE('',#15331);
#15331 = AXIS2_PLACEMENT_3D('',#15332,#15333,#15334);
#15332 = CARTESIAN_POINT('',(11.25,-29.65,-8.9));
#15333 = DIRECTION('',(0.,0.,-1.));
#15334 = DIRECTION('',(0.,1.,0.));
#15335 = DEFINITIONAL_REPRESENTATION('',(#15336),#15340);
#15336 = LINE('',#15337,#15338);
#15337 = CARTESIAN_POINT('',(0.,-0.2));
#15338 = VECTOR('',#15339,1.);
#15339 = DIRECTION('',(1.,0.));
#15340 = ( GEOMETRIC_REPRESENTATION_CONTEXT(2) 
PARAMETRIC_REPRESENTATION_CONTEXT() REPRESENTATION_CONTEXT('2D SPACE',''
  ) );
#15341 = ORIENTED_EDGE('',*,*,#15189,.F.);
#15342 = ORIENTED_EDGE('',*,*,#14779,.F.);
#15343 = ADVANCED_FACE('',(#15344),#14891,.F.);
#15344 = FACE_BOUND('',#15345,.F.);
#15345 = EDGE_LOOP('',(#15346,#15369,#15397,#15418));
#15346 = ORIENTED_EDGE('',*,*,#15347,.T.);
#15347 = EDGE_CURVE('',#14844,#15348,#15350,.T.);
#15348 = VERTEX_POINT('',#15349);
#15349 = CARTESIAN_POINT('',(5.25,-0.25,-7.3));
#15350 = SURFACE_CURVE('',#15351,(#15355,#15362),.PCURVE_S1.);
#15351 = LINE('',#15352,#15353);
#15352 = CARTESIAN_POINT('',(11.25,-0.25,-7.3));
#15353 = VECTOR('',#15354,1.);
#15354 = DIRECTION('',(-1.,-0.,-0.));
#15355 = PCURVE('',#14891,#15356);
#15356 = DEFINITIONAL_REPRESENTATION('',(#15357),#15361);
#15357 = LINE('',#15358,#15359);
#15358 = CARTESIAN_POINT('',(0.,0.));
#15359 = VECTOR('',#15360,1.);
#15360 = DIRECTION('',(0.,-1.));
#15361 = ( GEOMETRIC_REPRESENTATION_CONTEXT(2) 
PARAMETRIC_REPRESENTATION_CONTEXT() REPRESENTATION_CONTEXT('2D SPACE',''
  ) );
#15362 = PCURVE('',#14983,#15363);
#15363 = DEFINITIONAL_REPRESENTATION('',(#15364),#15368);
#15364 = LINE('',#15365,#15366);
#15365 = CARTESIAN_POINT('',(7.4,0.));
#15366 = VECTOR('',#15367,1.);
#15367 = DIRECTION('',(0.,-1.));
#15368 = ( GEOMETRIC_REPRESENTATION_CONTEXT(2) 
PARAMETRIC_REPRESENTATION_CONTEXT() REPRESENTATION_CONTEXT('2D SPACE',''
  ) );
#15369 = ORIENTED_EDGE('',*,*,#15370,.T.);
#15370 = EDGE_CURVE('',#15348,#15371,#15373,.T.);
#15371 = VERTEX_POINT('',#15372);
#15372 = CARTESIAN_POINT('',(5.25,-0.25,-8.9));
#15373 = SURFACE_CURVE('',#15374,(#15378,#15385),.PCURVE_S1.);
#15374 = LINE('',#15375,#15376);
#15375 = CARTESIAN_POINT('',(5.25,-0.25,-7.3));
#15376 = VECTOR('',#15377,1.);
#15377 = DIRECTION('',(0.,0.,-1.));
#15378 = PCURVE('',#14891,#15379);
#15379 = DEFINITIONAL_REPRESENTATION('',(#15380),#15384);
#15380 = LINE('',#15381,#15382);
#15381 = CARTESIAN_POINT('',(0.,-6.));
#15382 = VECTOR('',#15383,1.);
#15383 = DIRECTION('',(1.,0.));
#15384 = ( GEOMETRIC_REPRESENTATION_CONTEXT(2) 
PARAMETRIC_REPRESENTATION_CONTEXT() REPRESENTATION_CONTEXT('2D SPACE',''
  ) );
#15385 = PCURVE('',#15386,#15391);
#15386 = PLANE('',#15387);
#15387 = AXIS2_PLACEMENT_3D('',#15388,#15389,#15390);
#15388 = CARTESIAN_POINT('',(5.25,-16.15,-2.7));
#15389 = DIRECTION('',(1.,0.,0.));
#15390 = DIRECTION('',(0.,0.,1.));
#15391 = DEFINITIONAL_REPRESENTATION('',(#15392),#15396);
#15392 = LINE('',#15393,#15394);
#15393 = CARTESIAN_POINT('',(-4.6,-15.9));
#15394 = VECTOR('',#15395,1.);
#15395 = DIRECTION('',(-1.,0.));
#15396 = ( GEOMETRIC_REPRESENTATION_CONTEXT(2) 
PARAMETRIC_REPRESENTATION_CONTEXT() REPRESENTATION_CONTEXT('2D SPACE',''
  ) );
#15397 = ORIENTED_EDGE('',*,*,#15398,.F.);
#15398 = EDGE_CURVE('',#14876,#15371,#15399,.T.);
#15399 = SURFACE_CURVE('',#15400,(#15404,#15411),.PCURVE_S1.);
#15400 = LINE('',#15401,#15402);
#15401 = CARTESIAN_POINT('',(11.25,-0.25,-8.9));
#15402 = VECTOR('',#15403,1.);
#15403 = DIRECTION('',(-1.,-0.,-0.));
#15404 = PCURVE('',#14891,#15405);
#15405 = DEFINITIONAL_REPRESENTATION('',(#15406),#15410);
#15406 = LINE('',#15407,#15408);
#15407 = CARTESIAN_POINT('',(1.6,0.));
#15408 = VECTOR('',#15409,1.);
#15409 = DIRECTION('',(0.,-1.));
#15410 = ( GEOMETRIC_REPRESENTATION_CONTEXT(2) 
PARAMETRIC_REPRESENTATION_CONTEXT() REPRESENTATION_CONTEXT('2D SPACE',''
  ) );
#15411 = PCURVE('',#15017,#15412);
#15412 = DEFINITIONAL_REPRESENTATION('',(#15413),#15417);
#15413 = LINE('',#15414,#15415);
#15414 = CARTESIAN_POINT('',(0.,0.));
#15415 = VECTOR('',#15416,1.);
#15416 = DIRECTION('',(0.,-1.));
#15417 = ( GEOMETRIC_REPRESENTATION_CONTEXT(2) 
PARAMETRIC_REPRESENTATION_CONTEXT() REPRESENTATION_CONTEXT('2D SPACE',''
  ) );
#15418 = ORIENTED_EDGE('',*,*,#14875,.F.);
#15419 = ADVANCED_FACE('',(#15420),#14983,.F.);
#15420 = FACE_BOUND('',#15421,.F.);
#15421 = EDGE_LOOP('',(#15422,#15445,#15466,#15467));
#15422 = ORIENTED_EDGE('',*,*,#15423,.T.);
#15423 = EDGE_CURVE('',#14938,#15424,#15426,.T.);
#15424 = VERTEX_POINT('',#15425);
#15425 = CARTESIAN_POINT('',(5.25,7.15,-7.3));
#15426 = SURFACE_CURVE('',#15427,(#15431,#15438),.PCURVE_S1.);
#15427 = LINE('',#15428,#15429);
#15428 = CARTESIAN_POINT('',(11.25,7.15,-7.3));
#15429 = VECTOR('',#15430,1.);
#15430 = DIRECTION('',(-1.,-0.,-0.));
#15431 = PCURVE('',#14983,#15432);
#15432 = DEFINITIONAL_REPRESENTATION('',(#15433),#15437);
#15433 = LINE('',#15434,#15435);
#15434 = CARTESIAN_POINT('',(0.,0.));
#15435 = VECTOR('',#15436,1.);
#15436 = DIRECTION('',(0.,-1.));
#15437 = ( GEOMETRIC_REPRESENTATION_CONTEXT(2) 
PARAMETRIC_REPRESENTATION_CONTEXT() REPRESENTATION_CONTEXT('2D SPACE',''
  ) );
#15438 = PCURVE('',#15078,#15439);
#15439 = DEFINITIONAL_REPRESENTATION('',(#15440),#15444);
#15440 = LINE('',#15441,#15442);
#15441 = CARTESIAN_POINT('',(1.6,0.));
#15442 = VECTOR('',#15443,1.);
#15443 = DIRECTION('',(0.,-1.));
#15444 = ( GEOMETRIC_REPRESENTATION_CONTEXT(2) 
PARAMETRIC_REPRESENTATION_CONTEXT() REPRESENTATION_CONTEXT('2D SPACE',''
  ) );
#15445 = ORIENTED_EDGE('',*,*,#15446,.T.);
#15446 = EDGE_CURVE('',#15424,#15348,#15447,.T.);
#15447 = SURFACE_CURVE('',#15448,(#15452,#15459),.PCURVE_S1.);
#15448 = LINE('',#15449,#15450);
#15449 = CARTESIAN_POINT('',(5.25,7.15,-7.3));
#15450 = VECTOR('',#15451,1.);
#15451 = DIRECTION('',(0.,-1.,0.));
#15452 = PCURVE('',#14983,#15453);
#15453 = DEFINITIONAL_REPRESENTATION('',(#15454),#15458);
#15454 = LINE('',#15455,#15456);
#15455 = CARTESIAN_POINT('',(0.,-6.));
#15456 = VECTOR('',#15457,1.);
#15457 = DIRECTION('',(1.,0.));
#15458 = ( GEOMETRIC_REPRESENTATION_CONTEXT(2) 
PARAMETRIC_REPRESENTATION_CONTEXT() REPRESENTATION_CONTEXT('2D SPACE',''
  ) );
#15459 = PCURVE('',#15386,#15460);
#15460 = DEFINITIONAL_REPRESENTATION('',(#15461),#15465);
#15461 = LINE('',#15462,#15463);
#15462 = CARTESIAN_POINT('',(-4.6,-23.3));
#15463 = VECTOR('',#15464,1.);
#15464 = DIRECTION('',(0.,1.));
#15465 = ( GEOMETRIC_REPRESENTATION_CONTEXT(2) 
PARAMETRIC_REPRESENTATION_CONTEXT() REPRESENTATION_CONTEXT('2D SPACE',''
  ) );
#15466 = ORIENTED_EDGE('',*,*,#15347,.F.);
#15467 = ORIENTED_EDGE('',*,*,#14969,.F.);
#15468 = ADVANCED_FACE('',(#15469),#15017,.F.);
#15469 = FACE_BOUND('',#15470,.F.);
#15470 = EDGE_LOOP('',(#15471,#15472,#15495,#15516));
#15471 = ORIENTED_EDGE('',*,*,#15398,.T.);
#15472 = ORIENTED_EDGE('',*,*,#15473,.T.);
#15473 = EDGE_CURVE('',#15371,#15474,#15476,.T.);
#15474 = VERTEX_POINT('',#15475);
#15475 = CARTESIAN_POINT('',(5.25,7.15,-8.9));
#15476 = SURFACE_CURVE('',#15477,(#15481,#15488),.PCURVE_S1.);
#15477 = LINE('',#15478,#15479);
#15478 = CARTESIAN_POINT('',(5.25,-0.25,-8.9));
#15479 = VECTOR('',#15480,1.);
#15480 = DIRECTION('',(0.,1.,0.));
#15481 = PCURVE('',#15017,#15482);
#15482 = DEFINITIONAL_REPRESENTATION('',(#15483),#15487);
#15483 = LINE('',#15484,#15485);
#15484 = CARTESIAN_POINT('',(0.,-6.));
#15485 = VECTOR('',#15486,1.);
#15486 = DIRECTION('',(1.,0.));
#15487 = ( GEOMETRIC_REPRESENTATION_CONTEXT(2) 
PARAMETRIC_REPRESENTATION_CONTEXT() REPRESENTATION_CONTEXT('2D SPACE',''
  ) );
#15488 = PCURVE('',#15386,#15489);
#15489 = DEFINITIONAL_REPRESENTATION('',(#15490),#15494);
#15490 = LINE('',#15491,#15492);
#15491 = CARTESIAN_POINT('',(-6.2,-15.9));
#15492 = VECTOR('',#15493,1.);
#15493 = DIRECTION('',(0.,-1.));
#15494 = ( GEOMETRIC_REPRESENTATION_CONTEXT(2) 
PARAMETRIC_REPRESENTATION_CONTEXT() REPRESENTATION_CONTEXT('2D SPACE',''
  ) );
#15495 = ORIENTED_EDGE('',*,*,#15496,.F.);
#15496 = EDGE_CURVE('',#15002,#15474,#15497,.T.);
#15497 = SURFACE_CURVE('',#15498,(#15502,#15509),.PCURVE_S1.);
#15498 = LINE('',#15499,#15500);
#15499 = CARTESIAN_POINT('',(11.25,7.15,-8.9));
#15500 = VECTOR('',#15501,1.);
#15501 = DIRECTION('',(-1.,-0.,-0.));
#15502 = PCURVE('',#15017,#15503);
#15503 = DEFINITIONAL_REPRESENTATION('',(#15504),#15508);
#15504 = LINE('',#15505,#15506);
#15505 = CARTESIAN_POINT('',(7.4,0.));
#15506 = VECTOR('',#15507,1.);
#15507 = DIRECTION('',(0.,-1.));
#15508 = ( GEOMETRIC_REPRESENTATION_CONTEXT(2) 
PARAMETRIC_REPRESENTATION_CONTEXT() REPRESENTATION_CONTEXT('2D SPACE',''
  ) );
#15509 = PCURVE('',#15078,#15510);
#15510 = DEFINITIONAL_REPRESENTATION('',(#15511),#15515);
#15511 = LINE('',#15512,#15513);
#15512 = CARTESIAN_POINT('',(0.,0.));
#15513 = VECTOR('',#15514,1.);
#15514 = DIRECTION('',(0.,-1.));
#15515 = ( GEOMETRIC_REPRESENTATION_CONTEXT(2) 
PARAMETRIC_REPRESENTATION_CONTEXT() REPRESENTATION_CONTEXT('2D SPACE',''
  ) );
#15516 = ORIENTED_EDGE('',*,*,#15001,.F.);
#15517 = ADVANCED_FACE('',(#15518),#15078,.F.);
#15518 = FACE_BOUND('',#15519,.F.);
#15519 = EDGE_LOOP('',(#15520,#15521,#15542,#15543));
#15520 = ORIENTED_EDGE('',*,*,#15496,.T.);
#15521 = ORIENTED_EDGE('',*,*,#15522,.T.);
#15522 = EDGE_CURVE('',#15474,#15424,#15523,.T.);
#15523 = SURFACE_CURVE('',#15524,(#15528,#15535),.PCURVE_S1.);
#15524 = LINE('',#15525,#15526);
#15525 = CARTESIAN_POINT('',(5.25,7.15,-8.9));
#15526 = VECTOR('',#15527,1.);
#15527 = DIRECTION('',(0.,0.,1.));
#15528 = PCURVE('',#15078,#15529);
#15529 = DEFINITIONAL_REPRESENTATION('',(#15530),#15534);
#15530 = LINE('',#15531,#15532);
#15531 = CARTESIAN_POINT('',(0.,-6.));
#15532 = VECTOR('',#15533,1.);
#15533 = DIRECTION('',(1.,0.));
#15534 = ( GEOMETRIC_REPRESENTATION_CONTEXT(2) 
PARAMETRIC_REPRESENTATION_CONTEXT() REPRESENTATION_CONTEXT('2D SPACE',''
  ) );
#15535 = PCURVE('',#15386,#15536);
#15536 = DEFINITIONAL_REPRESENTATION('',(#15537),#15541);
#15537 = LINE('',#15538,#15539);
#15538 = CARTESIAN_POINT('',(-6.2,-23.3));
#15539 = VECTOR('',#15540,1.);
#15540 = DIRECTION('',(1.,0.));
#15541 = ( GEOMETRIC_REPRESENTATION_CONTEXT(2) 
PARAMETRIC_REPRESENTATION_CONTEXT() REPRESENTATION_CONTEXT('2D SPACE',''
  ) );
#15542 = ORIENTED_EDGE('',*,*,#15423,.F.);
#15543 = ORIENTED_EDGE('',*,*,#15064,.F.);
#15544 = ADVANCED_FACE('',(#15545),#15143,.F.);
#15545 = FACE_BOUND('',#15546,.F.);
#15546 = EDGE_LOOP('',(#15547,#15570,#15598,#15619));
#15547 = ORIENTED_EDGE('',*,*,#15548,.T.);
#15548 = EDGE_CURVE('',#15096,#15549,#15551,.T.);
#15549 = VERTEX_POINT('',#15550);
#15550 = CARTESIAN_POINT('',(5.25,-22.25,-7.3));
#15551 = SURFACE_CURVE('',#15552,(#15556,#15563),.PCURVE_S1.);
#15552 = LINE('',#15553,#15554);
#15553 = CARTESIAN_POINT('',(11.25,-22.25,-7.3));
#15554 = VECTOR('',#15555,1.);
#15555 = DIRECTION('',(-1.,-0.,-0.));
#15556 = PCURVE('',#15143,#15557);
#15557 = DEFINITIONAL_REPRESENTATION('',(#15558),#15562);
#15558 = LINE('',#15559,#15560);
#15559 = CARTESIAN_POINT('',(0.,0.));
#15560 = VECTOR('',#15561,1.);
#15561 = DIRECTION('',(0.,-1.));
#15562 = ( GEOMETRIC_REPRESENTATION_CONTEXT(2) 
PARAMETRIC_REPRESENTATION_CONTEXT() REPRESENTATION_CONTEXT('2D SPACE',''
  ) );
#15563 = PCURVE('',#15235,#15564);
#15564 = DEFINITIONAL_REPRESENTATION('',(#15565),#15569);
#15565 = LINE('',#15566,#15567);
#15566 = CARTESIAN_POINT('',(1.6,0.));
#15567 = VECTOR('',#15568,1.);
#15568 = DIRECTION('',(0.,-1.));
#15569 = ( GEOMETRIC_REPRESENTATION_CONTEXT(2) 
PARAMETRIC_REPRESENTATION_CONTEXT() REPRESENTATION_CONTEXT('2D SPACE',''
  ) );
#15570 = ORIENTED_EDGE('',*,*,#15571,.T.);
#15571 = EDGE_CURVE('',#15549,#15572,#15574,.T.);
#15572 = VERTEX_POINT('',#15573);
#15573 = CARTESIAN_POINT('',(5.25,-29.65,-7.3));
#15574 = SURFACE_CURVE('',#15575,(#15579,#15586),.PCURVE_S1.);
#15575 = LINE('',#15576,#15577);
#15576 = CARTESIAN_POINT('',(5.25,-22.25,-7.3));
#15577 = VECTOR('',#15578,1.);
#15578 = DIRECTION('',(0.,-1.,0.));
#15579 = PCURVE('',#15143,#15580);
#15580 = DEFINITIONAL_REPRESENTATION('',(#15581),#15585);
#15581 = LINE('',#15582,#15583);
#15582 = CARTESIAN_POINT('',(0.,-6.));
#15583 = VECTOR('',#15584,1.);
#15584 = DIRECTION('',(1.,0.));
#15585 = ( GEOMETRIC_REPRESENTATION_CONTEXT(2) 
PARAMETRIC_REPRESENTATION_CONTEXT() REPRESENTATION_CONTEXT('2D SPACE',''
  ) );
#15586 = PCURVE('',#15587,#15592);
#15587 = PLANE('',#15588);
#15588 = AXIS2_PLACEMENT_3D('',#15589,#15590,#15591);
#15589 = CARTESIAN_POINT('',(5.25,-16.15,-2.7));
#15590 = DIRECTION('',(1.,0.,0.));
#15591 = DIRECTION('',(0.,0.,1.));
#15592 = DEFINITIONAL_REPRESENTATION('',(#15593),#15597);
#15593 = LINE('',#15594,#15595);
#15594 = CARTESIAN_POINT('',(-4.6,6.1));
#15595 = VECTOR('',#15596,1.);
#15596 = DIRECTION('',(0.,1.));
#15597 = ( GEOMETRIC_REPRESENTATION_CONTEXT(2) 
PARAMETRIC_REPRESENTATION_CONTEXT() REPRESENTATION_CONTEXT('2D SPACE',''
  ) );
#15598 = ORIENTED_EDGE('',*,*,#15599,.F.);
#15599 = EDGE_CURVE('',#15128,#15572,#15600,.T.);
#15600 = SURFACE_CURVE('',#15601,(#15605,#15612),.PCURVE_S1.);
#15601 = LINE('',#15602,#15603);
#15602 = CARTESIAN_POINT('',(11.25,-29.65,-7.3));
#15603 = VECTOR('',#15604,1.);
#15604 = DIRECTION('',(-1.,-0.,-0.));
#15605 = PCURVE('',#15143,#15606);
#15606 = DEFINITIONAL_REPRESENTATION('',(#15607),#15611);
#15607 = LINE('',#15608,#15609);
#15608 = CARTESIAN_POINT('',(7.4,0.));
#15609 = VECTOR('',#15610,1.);
#15610 = DIRECTION('',(0.,-1.));
#15611 = ( GEOMETRIC_REPRESENTATION_CONTEXT(2) 
PARAMETRIC_REPRESENTATION_CONTEXT() REPRESENTATION_CONTEXT('2D SPACE',''
  ) );
#15612 = PCURVE('',#15269,#15613);
#15613 = DEFINITIONAL_REPRESENTATION('',(#15614),#15618);
#15614 = LINE('',#15615,#15616);
#15615 = CARTESIAN_POINT('',(0.,0.));
#15616 = VECTOR('',#15617,1.);
#15617 = DIRECTION('',(0.,-1.));
#15618 = ( GEOMETRIC_REPRESENTATION_CONTEXT(2) 
PARAMETRIC_REPRESENTATION_CONTEXT() REPRESENTATION_CONTEXT('2D SPACE',''
  ) );
#15619 = ORIENTED_EDGE('',*,*,#15127,.F.);
#15620 = ADVANCED_FACE('',(#15621),#15235,.F.);
#15621 = FACE_BOUND('',#15622,.F.);
#15622 = EDGE_LOOP('',(#15623,#15646,#15667,#15668));
#15623 = ORIENTED_EDGE('',*,*,#15624,.T.);
#15624 = EDGE_CURVE('',#15190,#15625,#15627,.T.);
#15625 = VERTEX_POINT('',#15626);
#15626 = CARTESIAN_POINT('',(5.25,-22.25,-8.9));
#15627 = SURFACE_CURVE('',#15628,(#15632,#15639),.PCURVE_S1.);
#15628 = LINE('',#15629,#15630);
#15629 = CARTESIAN_POINT('',(11.25,-22.25,-8.9));
#15630 = VECTOR('',#15631,1.);
#15631 = DIRECTION('',(-1.,-0.,-0.));
#15632 = PCURVE('',#15235,#15633);
#15633 = DEFINITIONAL_REPRESENTATION('',(#15634),#15638);
#15634 = LINE('',#15635,#15636);
#15635 = CARTESIAN_POINT('',(0.,0.));
#15636 = VECTOR('',#15637,1.);
#15637 = DIRECTION('',(0.,-1.));
#15638 = ( GEOMETRIC_REPRESENTATION_CONTEXT(2) 
PARAMETRIC_REPRESENTATION_CONTEXT() REPRESENTATION_CONTEXT('2D SPACE',''
  ) );
#15639 = PCURVE('',#15330,#15640);
#15640 = DEFINITIONAL_REPRESENTATION('',(#15641),#15645);
#15641 = LINE('',#15642,#15643);
#15642 = CARTESIAN_POINT('',(7.4,0.));
#15643 = VECTOR('',#15644,1.);
#15644 = DIRECTION('',(0.,-1.));
#15645 = ( GEOMETRIC_REPRESENTATION_CONTEXT(2) 
PARAMETRIC_REPRESENTATION_CONTEXT() REPRESENTATION_CONTEXT('2D SPACE',''
  ) );
#15646 = ORIENTED_EDGE('',*,*,#15647,.T.);
#15647 = EDGE_CURVE('',#15625,#15549,#15648,.T.);
#15648 = SURFACE_CURVE('',#15649,(#15653,#15660),.PCURVE_S1.);
#15649 = LINE('',#15650,#15651);
#15650 = CARTESIAN_POINT('',(5.25,-22.25,-8.9));
#15651 = VECTOR('',#15652,1.);
#15652 = DIRECTION('',(0.,0.,1.));
#15653 = PCURVE('',#15235,#15654);
#15654 = DEFINITIONAL_REPRESENTATION('',(#15655),#15659);
#15655 = LINE('',#15656,#15657);
#15656 = CARTESIAN_POINT('',(0.,-6.));
#15657 = VECTOR('',#15658,1.);
#15658 = DIRECTION('',(1.,0.));
#15659 = ( GEOMETRIC_REPRESENTATION_CONTEXT(2) 
PARAMETRIC_REPRESENTATION_CONTEXT() REPRESENTATION_CONTEXT('2D SPACE',''
  ) );
#15660 = PCURVE('',#15587,#15661);
#15661 = DEFINITIONAL_REPRESENTATION('',(#15662),#15666);
#15662 = LINE('',#15663,#15664);
#15663 = CARTESIAN_POINT('',(-6.2,6.1));
#15664 = VECTOR('',#15665,1.);
#15665 = DIRECTION('',(1.,0.));
#15666 = ( GEOMETRIC_REPRESENTATION_CONTEXT(2) 
PARAMETRIC_REPRESENTATION_CONTEXT() REPRESENTATION_CONTEXT('2D SPACE',''
  ) );
#15667 = ORIENTED_EDGE('',*,*,#15548,.F.);
#15668 = ORIENTED_EDGE('',*,*,#15221,.F.);
#15669 = ADVANCED_FACE('',(#15670),#15269,.F.);
#15670 = FACE_BOUND('',#15671,.F.);
#15671 = EDGE_LOOP('',(#15672,#15673,#15696,#15717));
#15672 = ORIENTED_EDGE('',*,*,#15599,.T.);
#15673 = ORIENTED_EDGE('',*,*,#15674,.T.);
#15674 = EDGE_CURVE('',#15572,#15675,#15677,.T.);
#15675 = VERTEX_POINT('',#15676);
#15676 = CARTESIAN_POINT('',(5.25,-29.65,-8.9));
#15677 = SURFACE_CURVE('',#15678,(#15682,#15689),.PCURVE_S1.);
#15678 = LINE('',#15679,#15680);
#15679 = CARTESIAN_POINT('',(5.25,-29.65,-7.3));
#15680 = VECTOR('',#15681,1.);
#15681 = DIRECTION('',(0.,0.,-1.));
#15682 = PCURVE('',#15269,#15683);
#15683 = DEFINITIONAL_REPRESENTATION('',(#15684),#15688);
#15684 = LINE('',#15685,#15686);
#15685 = CARTESIAN_POINT('',(0.,-6.));
#15686 = VECTOR('',#15687,1.);
#15687 = DIRECTION('',(1.,0.));
#15688 = ( GEOMETRIC_REPRESENTATION_CONTEXT(2) 
PARAMETRIC_REPRESENTATION_CONTEXT() REPRESENTATION_CONTEXT('2D SPACE',''
  ) );
#15689 = PCURVE('',#15587,#15690);
#15690 = DEFINITIONAL_REPRESENTATION('',(#15691),#15695);
#15691 = LINE('',#15692,#15693);
#15692 = CARTESIAN_POINT('',(-4.6,13.5));
#15693 = VECTOR('',#15694,1.);
#15694 = DIRECTION('',(-1.,0.));
#15695 = ( GEOMETRIC_REPRESENTATION_CONTEXT(2) 
PARAMETRIC_REPRESENTATION_CONTEXT() REPRESENTATION_CONTEXT('2D SPACE',''
  ) );
#15696 = ORIENTED_EDGE('',*,*,#15697,.F.);
#15697 = EDGE_CURVE('',#15254,#15675,#15698,.T.);
#15698 = SURFACE_CURVE('',#15699,(#15703,#15710),.PCURVE_S1.);
#15699 = LINE('',#15700,#15701);
#15700 = CARTESIAN_POINT('',(11.25,-29.65,-8.9));
#15701 = VECTOR('',#15702,1.);
#15702 = DIRECTION('',(-1.,-0.,-0.));
#15703 = PCURVE('',#15269,#15704);
#15704 = DEFINITIONAL_REPRESENTATION('',(#15705),#15709);
#15705 = LINE('',#15706,#15707);
#15706 = CARTESIAN_POINT('',(1.6,0.));
#15707 = VECTOR('',#15708,1.);
#15708 = DIRECTION('',(0.,-1.));
#15709 = ( GEOMETRIC_REPRESENTATION_CONTEXT(2) 
PARAMETRIC_REPRESENTATION_CONTEXT() REPRESENTATION_CONTEXT('2D SPACE',''
  ) );
#15710 = PCURVE('',#15330,#15711);
#15711 = DEFINITIONAL_REPRESENTATION('',(#15712),#15716);
#15712 = LINE('',#15713,#15714);
#15713 = CARTESIAN_POINT('',(0.,0.));
#15714 = VECTOR('',#15715,1.);
#15715 = DIRECTION('',(0.,-1.));
#15716 = ( GEOMETRIC_REPRESENTATION_CONTEXT(2) 
PARAMETRIC_REPRESENTATION_CONTEXT() REPRESENTATION_CONTEXT('2D SPACE',''
  ) );
#15717 = ORIENTED_EDGE('',*,*,#15253,.F.);
#15718 = ADVANCED_FACE('',(#15719),#15330,.F.);
#15719 = FACE_BOUND('',#15720,.F.);
#15720 = EDGE_LOOP('',(#15721,#15722,#15743,#15744));
#15721 = ORIENTED_EDGE('',*,*,#15697,.T.);
#15722 = ORIENTED_EDGE('',*,*,#15723,.T.);
#15723 = EDGE_CURVE('',#15675,#15625,#15724,.T.);
#15724 = SURFACE_CURVE('',#15725,(#15729,#15736),.PCURVE_S1.);
#15725 = LINE('',#15726,#15727);
#15726 = CARTESIAN_POINT('',(5.25,-29.65,-8.9));
#15727 = VECTOR('',#15728,1.);
#15728 = DIRECTION('',(0.,1.,0.));
#15729 = PCURVE('',#15330,#15730);
#15730 = DEFINITIONAL_REPRESENTATION('',(#15731),#15735);
#15731 = LINE('',#15732,#15733);
#15732 = CARTESIAN_POINT('',(0.,-6.));
#15733 = VECTOR('',#15734,1.);
#15734 = DIRECTION('',(1.,0.));
#15735 = ( GEOMETRIC_REPRESENTATION_CONTEXT(2) 
PARAMETRIC_REPRESENTATION_CONTEXT() REPRESENTATION_CONTEXT('2D SPACE',''
  ) );
#15736 = PCURVE('',#15587,#15737);
#15737 = DEFINITIONAL_REPRESENTATION('',(#15738),#15742);
#15738 = LINE('',#15739,#15740);
#15739 = CARTESIAN_POINT('',(-6.2,13.5));
#15740 = VECTOR('',#15741,1.);
#15741 = DIRECTION('',(0.,-1.));
#15742 = ( GEOMETRIC_REPRESENTATION_CONTEXT(2) 
PARAMETRIC_REPRESENTATION_CONTEXT() REPRESENTATION_CONTEXT('2D SPACE',''
  ) );
#15743 = ORIENTED_EDGE('',*,*,#15624,.F.);
#15744 = ORIENTED_EDGE('',*,*,#15316,.F.);
#15745 = ADVANCED_FACE('',(#15746),#15386,.T.);
#15746 = FACE_BOUND('',#15747,.T.);
#15747 = EDGE_LOOP('',(#15748,#15749,#15750,#15751));
#15748 = ORIENTED_EDGE('',*,*,#15370,.T.);
#15749 = ORIENTED_EDGE('',*,*,#15473,.T.);
#15750 = ORIENTED_EDGE('',*,*,#15522,.T.);
#15751 = ORIENTED_EDGE('',*,*,#15446,.T.);
#15752 = ADVANCED_FACE('',(#15753),#15587,.T.);
#15753 = FACE_BOUND('',#15754,.T.);
#15754 = EDGE_LOOP('',(#15755,#15756,#15757,#15758));
#15755 = ORIENTED_EDGE('',*,*,#15674,.T.);
#15756 = ORIENTED_EDGE('',*,*,#15723,.T.);
#15757 = ORIENTED_EDGE('',*,*,#15647,.T.);
#15758 = ORIENTED_EDGE('',*,*,#15571,.T.);
#15759 = ADVANCED_FACE('',(#15760),#10224,.T.);
#15760 = FACE_BOUND('',#15761,.T.);
#15761 = EDGE_LOOP('',(#15762,#15763,#15764,#15765,#15766,#15767,#15768,
    #15769,#15770,#15771,#15772,#15773,#15774,#15775,#15776,#15777));
#15762 = ORIENTED_EDGE('',*,*,#10499,.F.);
#15763 = ORIENTED_EDGE('',*,*,#10970,.F.);
#15764 = ORIENTED_EDGE('',*,*,#12055,.T.);
#15765 = ORIENTED_EDGE('',*,*,#10290,.T.);
#15766 = ORIENTED_EDGE('',*,*,#10210,.F.);
#15767 = ORIENTED_EDGE('',*,*,#14272,.F.);
#15768 = ORIENTED_EDGE('',*,*,#12326,.T.);
#15769 = ORIENTED_EDGE('',*,*,#14203,.T.);
#15770 = ORIENTED_EDGE('',*,*,#13976,.F.);
#15771 = ORIENTED_EDGE('',*,*,#13905,.F.);
#15772 = ORIENTED_EDGE('',*,*,#12108,.T.);
#15773 = ORIENTED_EDGE('',*,*,#13777,.T.);
#15774 = ORIENTED_EDGE('',*,*,#13313,.F.);
#15775 = ORIENTED_EDGE('',*,*,#13206,.T.);
#15776 = ORIENTED_EDGE('',*,*,#11875,.F.);
#15777 = ORIENTED_EDGE('',*,*,#11375,.T.);
#15778 = ADVANCED_FACE('',(#15779),#10170,.T.);
#15779 = FACE_BOUND('',#15780,.T.);
#15780 = EDGE_LOOP('',(#15781,#15782,#15783,#15784,#15785,#15786,#15787,
    #15788,#15789,#15790,#15791,#15792,#15793,#15794,#15795,#15796));
#15781 = ORIENTED_EDGE('',*,*,#12033,.F.);
#15782 = ORIENTED_EDGE('',*,*,#13626,.T.);
#15783 = ORIENTED_EDGE('',*,*,#14675,.T.);
#15784 = ORIENTED_EDGE('',*,*,#13706,.T.);
#15785 = ORIENTED_EDGE('',*,*,#11926,.T.);
#15786 = ORIENTED_EDGE('',*,*,#13155,.F.);
#15787 = ORIENTED_EDGE('',*,*,#13291,.F.);
#15788 = ORIENTED_EDGE('',*,*,#13799,.F.);
#15789 = ORIENTED_EDGE('',*,*,#12159,.T.);
#15790 = ORIENTED_EDGE('',*,*,#13854,.T.);
#15791 = ORIENTED_EDGE('',*,*,#13954,.F.);
#15792 = ORIENTED_EDGE('',*,*,#14225,.F.);
#15793 = ORIENTED_EDGE('',*,*,#12372,.T.);
#15794 = ORIENTED_EDGE('',*,*,#14250,.T.);
#15795 = ORIENTED_EDGE('',*,*,#10154,.F.);
#15796 = ORIENTED_EDGE('',*,*,#10239,.F.);
#15797 = ( GEOMETRIC_REPRESENTATION_CONTEXT(3) 
GLOBAL_UNCERTAINTY_ASSIGNED_CONTEXT((#15801)) 
GLOBAL_UNIT_ASSIGNED_CONTEXT((#15798,#15799,#15800)) 
REPRESENTATION_CONTEXT('Context #1',
  '3D Context with UNIT and UNCERTAINTY') );
#15798 = ( LENGTH_UNIT() NAMED_UNIT(*) SI_UNIT(.MILLI.,.METRE.) );
#15799 = ( NAMED_UNIT(*) PLANE_ANGLE_UNIT() SI_UNIT($,.RADIAN.) );
#15800 = ( NAMED_UNIT(*) SI_UNIT($,.STERADIAN.) SOLID_ANGLE_UNIT() );
#15801 = UNCERTAINTY_MEASURE_WITH_UNIT(LENGTH_MEASURE(2.E-05),#15798,
  'distance_accuracy_value','confusion accuracy');
#15802 = CONTEXT_DEPENDENT_SHAPE_REPRESENTATION(#15803,#15805);
#15803 = ( REPRESENTATION_RELATIONSHIP('','',#10112,#10) 
REPRESENTATION_RELATIONSHIP_WITH_TRANSFORMATION(#15804) 
SHAPE_REPRESENTATION_RELATIONSHIP() );
#15804 = ITEM_DEFINED_TRANSFORMATION('','',#11,#27);
#15805 = PRODUCT_DEFINITION_SHAPE('Placement','Placement of an item',
  #15806);
#15806 = NEXT_ASSEMBLY_USAGE_OCCURRENCE('4','chestTwo','',#5,#10107,$);
#15807 = PRODUCT_RELATED_PRODUCT_CATEGORY('part',$,(#10109));
#15808 = MECHANICAL_DESIGN_GEOMETRIC_PRESENTATION_REPRESENTATION('',(
    #15809),#3019);
#15809 = STYLED_ITEM('color',(#15810),#45);
#15810 = PRESENTATION_STYLE_ASSIGNMENT((#15811,#15817));
#15811 = SURFACE_STYLE_USAGE(.BOTH.,#15812);
#15812 = SURFACE_SIDE_STYLE('',(#15813));
#15813 = SURFACE_STYLE_FILL_AREA(#15814);
#15814 = FILL_AREA_STYLE('',(#15815));
#15815 = FILL_AREA_STYLE_COLOUR('',#15816);
#15816 = COLOUR_RGB('',0.678431390124,0.709803936702,0.741176476869);
#15817 = CURVE_STYLE('',#15818,POSITIVE_LENGTH_MEASURE(0.1),#15819);
#15818 = DRAUGHTING_PRE_DEFINED_CURVE_FONT('continuous');
#15819 = COLOUR_RGB('',9.803921802644E-02,9.803921802644E-02,
  9.803921802644E-02);
#15820 = MECHANICAL_DESIGN_GEOMETRIC_PRESENTATION_REPRESENTATION('',(
    #15821),#10094);
#15821 = STYLED_ITEM('color',(#15822),#7355);
#15822 = PRESENTATION_STYLE_ASSIGNMENT((#15823,#15828));
#15823 = SURFACE_STYLE_USAGE(.BOTH.,#15824);
#15824 = SURFACE_SIDE_STYLE('',(#15825));
#15825 = SURFACE_STYLE_FILL_AREA(#15826);
#15826 = FILL_AREA_STYLE('',(#15827));
#15827 = FILL_AREA_STYLE_COLOUR('',#15816);
#15828 = CURVE_STYLE('',#15829,POSITIVE_LENGTH_MEASURE(0.1),#15819);
#15829 = DRAUGHTING_PRE_DEFINED_CURVE_FONT('continuous');
#15830 = MECHANICAL_DESIGN_GEOMETRIC_PRESENTATION_REPRESENTATION('',(
    #15831),#7336);
#15831 = STYLED_ITEM('color',(#15832),#3038);
#15832 = PRESENTATION_STYLE_ASSIGNMENT((#15833,#15838));
#15833 = SURFACE_STYLE_USAGE(.BOTH.,#15834);
#15834 = SURFACE_SIDE_STYLE('',(#15835));
#15835 = SURFACE_STYLE_FILL_AREA(#15836);
#15836 = FILL_AREA_STYLE('',(#15837));
#15837 = FILL_AREA_STYLE_COLOUR('',#15816);
#15838 = CURVE_STYLE('',#15839,POSITIVE_LENGTH_MEASURE(0.1),#15819);
#15839 = DRAUGHTING_PRE_DEFINED_CURVE_FONT('continuous');
#15840 = MECHANICAL_DESIGN_GEOMETRIC_PRESENTATION_REPRESENTATION('',(
    #15841),#15797);
#15841 = STYLED_ITEM('color',(#15842),#10113);
#15842 = PRESENTATION_STYLE_ASSIGNMENT((#15843,#15848));
#15843 = SURFACE_STYLE_USAGE(.BOTH.,#15844);
#15844 = SURFACE_SIDE_STYLE('',(#15845));
#15845 = SURFACE_STYLE_FILL_AREA(#15846);
#15846 = FILL_AREA_STYLE('',(#15847));
#15847 = FILL_AREA_STYLE_COLOUR('',#15816);
#15848 = CURVE_STYLE('',#15849,POSITIVE_LENGTH_MEASURE(0.1),#15819);
#15849 = DRAUGHTING_PRE_DEFINED_CURVE_FONT('continuous');
ENDSEC;
END-ISO-10303-21;
